image,true_class,predicted_class_yolo,predicted_class_resnet,fusion_prediction,prob_battery_fusion,prob_biological_fusion,prob_cardboard_fusion,prob_glass_fusion,prob_metal_fusion,prob_paper_fusion,prob_plastic_fusion,prob_trash_fusion,fusion_correct
battery297.jpg,battery,battery,battery,battery,0.9662330389022826,0.005803943222201317,0.0038466162039982347,0.0026157478778256397,0.003901703244551189,0.005657126568450708,0.009543694393952905,0.0023980979822640323,True
battery911.jpg,battery,battery,battery,battery,0.9285636901855469,0.0146586325561698,0.009698596829548389,0.005216304905140544,0.008714829500695461,0.016946347515765535,0.005631784125250749,0.010569807002418032,True
battery684.jpg,battery,battery,battery,battery,0.96672825217247,0.00398316788487135,0.00262908278964457,0.007441281899886589,0.0027623931411653664,0.008532208018005026,0.004660280514508561,0.00326349199749524,True
battery219.jpg,battery,battery,battery,battery,0.9861119151115418,0.0021356326527893045,0.0009382201593014369,0.0015117150498568735,0.002493203403457539,0.0019076854922527428,0.00424223150103186,0.0006593407818616566,True
battery495.jpg,battery,battery,battery,battery,0.9324682354927063,0.013018530829359234,0.007621421793402303,0.003072622621408485,0.013183054917249111,0.012461307902446931,0.006942954589081704,0.011231821393067757,True
battery443.jpg,battery,battery,battery,battery,0.973165214061737,0.003031597215135623,0.0027847341839616867,0.003693222425090398,0.0016920459597315077,0.004716850053264863,0.001939116824723857,0.00897727509727695,True
battery352.jpg,battery,battery,battery,battery,0.9599551498889922,0.005248400382873186,0.0044975552713819094,0.0044551135975379455,0.012094185875735587,0.004146025795667686,0.008241736610582586,0.00136173202406372,True
battery608.jpg,battery,battery,battery,battery,0.972599881887436,0.0061294781044258515,0.0015580974525798191,0.006620123997850717,0.004040195368634069,0.004172125338810173,0.0033202659536647207,0.0015599068751612493,True
battery928.jpg,battery,battery,battery,battery,0.9867659687995911,0.0010812002836120707,0.0007628851800960866,0.0011061331888631647,0.0012505795569389873,0.006291425970663648,0.0015323637172930554,0.001209513809907957,True
battery349.jpg,battery,battery,battery,battery,0.9573130249977111,0.0073119313483423634,0.0036088314382837308,0.005240275759942395,0.0029359045293134785,0.012529990449558564,0.005418554649398178,0.005641545554250045,True
battery825.jpg,battery,battery,battery,battery,0.9770855128765106,0.003999815489486681,0.005320431595276866,0.003944622515218866,0.0019530189480824192,0.003708893618252734,0.002335347044236834,0.0016522972314682188,True
battery611.jpg,battery,battery,battery,battery,0.9709972500801085,0.00413097739231349,0.003749139234435803,0.0035212986670740886,0.004160291242586968,0.003961716266392371,0.006625723373233486,0.002853625919687001,True
battery382.jpg,battery,battery,battery,battery,0.975540953874588,0.0026861823461855187,0.004466675484763937,0.0033766013578997232,0.0017219013273262146,0.002305949035411429,0.003883366570367722,0.006018452283916473,True
battery764.jpg,battery,battery,battery,battery,0.9854765594005583,0.002212348706089673,0.0026149619684800417,0.002370815238216265,0.0015734131387831357,0.0025412072844408265,0.000545480093577137,0.002665190026880123,True
battery387.jpg,battery,battery,battery,battery,0.9611405253410339,0.005149279959584567,0.005655566538782234,0.005898557189844656,0.00539821283224026,0.0032303538641401106,0.008306331000768068,0.005221309881325075,True
battery538.jpg,battery,battery,battery,battery,0.9053089976310729,0.007525041978807218,0.006165954657680041,0.006632003374782361,0.004162432249711361,0.038342759272317326,0.003651491506357036,0.028211273039876736,True
battery707.jpg,battery,battery,battery,battery,0.9807164728641511,0.0025557364104315406,0.002023526513949086,0.0007366464938969062,0.0020667555509574845,0.005491416156423998,0.0038602671587289724,0.0025492125893226206,True
battery11.jpg,battery,metal,battery,battery,0.6784913324088255,0.0018661873182282004,0.004043925413861856,0.003184201847761872,0.3020230920054018,0.0013600608101114562,0.002189227635972333,0.006841963251158785,True
battery91.jpg,battery,battery,battery,battery,0.9717545330524444,0.003574953593178777,0.0029048396538200218,0.00271675284846253,0.002093831800595966,0.0032534595586184815,0.004940927792995335,0.008760718442499559,True
battery51.jpg,battery,battery,battery,battery,0.978486531972885,0.0029310561250894696,0.0031937959138303397,0.0026724840980022497,0.003112318227067572,0.0021578538697212698,0.00394220771268009,0.0035037618596106697,True
battery370.jpg,battery,battery,battery,battery,0.9503918886184692,0.007700118608775049,0.005559357255709422,0.011612432275599632,0.005522531271174228,0.00816235225740839,0.006462404225405612,0.004588933103482613,True
battery351.jpg,battery,battery,battery,battery,0.9443782329559327,0.006083452144746618,0.007588840746283943,0.007314662392526199,0.005370881290511126,0.006126901068361622,0.01926164987084599,0.0038753875709423968,True
battery771.jpg,battery,trash,battery,battery,0.6478142770007252,0.00422328207641834,0.03384764157235619,0.01831156499683856,0.004559345170855479,0.00306733027100559,0.00867243104148651,0.2795040214434265,True
battery926.jpg,battery,battery,battery,battery,0.9917208969593048,0.001147809007671144,0.0020983157964407423,0.0008121300488736437,0.000596660993408871,0.0013143263519071755,0.00148886130873539,0.000820863655707831,True
battery777.jpg,battery,battery,battery,battery,0.9592115163803101,0.006460609019675669,0.002406341527248461,0.005734526462340605,0.0047983290659992595,0.002807685686292757,0.017276925626477695,0.0013040175195842356,True
battery793.jpg,battery,battery,battery,battery,0.9926327586174011,0.001988647831859465,0.000619209435732239,0.0009347894000023208,0.001342825770583102,0.0008171823299143238,0.0010960859479626345,0.0005685847078105987,True
battery172.jpg,battery,battery,battery,battery,0.9680821478366852,0.003044245854128284,0.0022543830604754437,0.001928446126927927,0.01695974920832977,0.0008649279841599814,0.005245266030709641,0.0016209052985953888,True
battery480.jpg,battery,battery,battery,battery,0.9714571237564085,0.0033675417789274338,0.003479731551518737,0.0022905268848621434,0.001960440309091345,0.007268024143172979,0.004692302690581644,0.005484264707875996,True
battery85.jpg,battery,battery,battery,battery,0.9798122882843017,0.0032898082863549905,0.0028228872921317715,0.00365603771060703,0.0015824788250030765,0.003194086346775267,0.002354402490891535,0.0032880487386136624,True
battery392.jpg,battery,battery,battery,battery,0.9624175310134886,0.006183730656741171,0.00572248636744912,0.003714375025810989,0.01090459509287026,0.002859831906289391,0.004905314877578296,0.0032920738503207565,True
battery591.jpg,battery,battery,battery,battery,0.9318978488445282,0.01295196376740931,0.007540188170969621,0.005739121232182007,0.0051330711226918796,0.01445570104232026,0.011265623383231393,0.011016495153310669,True
battery148.jpg,battery,battery,battery,battery,0.9746866285800933,0.00417050691321488,0.005751716438681095,0.00154843737836921,0.007463696413489441,0.002069698832929071,0.0015495593426749325,0.00275984834879635,True
battery342.jpg,battery,battery,battery,battery,0.9419575095176695,0.008601379778605141,0.01004996913203579,0.007159437813970693,0.005770000135343112,0.011384691804971786,0.006829962474953504,0.008247081736044434,True
battery371.jpg,battery,battery,battery,battery,0.9656490385532379,0.005180738633699467,0.004694678728732826,0.0033867304213364606,0.004062049929066526,0.004776032548402541,0.01021227492025333,0.002038454962894442,True
battery151.jpg,battery,battery,battery,battery,0.9651080310344695,0.003884591571047823,0.0022836355492301544,0.008807489520404449,0.00262432362069375,0.002859903345301946,0.0116623009555041,0.002769678878985333,True
battery211.jpg,battery,battery,battery,battery,0.9745090544223785,0.003173707473087316,0.0019099452300613826,0.005045560638366593,0.0027872650596542283,0.003174190228281848,0.005206482580483126,0.00419386584146942,True
battery426.jpg,battery,battery,battery,battery,0.9554541230201721,0.006152094594688143,0.005086743364997452,0.0035427662671537494,0.005171319319867958,0.007416472891124209,0.00933994457653359,0.007836484848758101,True
battery340.jpg,battery,battery,battery,battery,0.9642856061458587,0.006316823326051212,0.00413327803835269,0.005482386983931358,0.0056452426128091775,0.00638710418716069,0.005654760729521487,0.0020948452409356583,True
battery604.jpg,battery,battery,battery,battery,0.9721327066421508,0.002881122520193733,0.003094636043541453,0.004768834962562602,0.0037858537400935386,0.005551216658535721,0.004358236771103904,0.003427407005844338,True
battery745.jpg,battery,battery,battery,battery,0.9836442351341248,0.0029012376908225442,0.002513739514307119,0.0018706626352455566,0.0029584770635428417,0.002494913987629761,0.0020695793676174376,0.001547038834775213,True
battery92.jpg,battery,battery,battery,battery,0.930433738231659,0.009035469312305016,0.00571263480949402,0.020787714239489195,0.0073893853534402875,0.006918243873637195,0.013345704813830905,0.006377048730919704,True
battery576.jpg,battery,battery,battery,battery,0.96331587433815,0.0074921849183738195,0.00458109532483621,0.004298151377642519,0.004207964614214427,0.006571397092226752,0.005742041859778444,0.0037912194160055436,True
battery10.jpg,battery,battery,battery,battery,0.957223403453827,0.00931912548840042,0.00449614254757759,0.00675720311701295,0.002834989642724333,0.00632280018180608,0.006028765998780701,0.0070176266133785,True
battery123.jpg,battery,battery,battery,battery,0.9811672985553741,0.0034246897792275027,0.003447519983664184,0.0006945745437406027,0.0026453546000915337,0.004033624334566487,0.0019391930663250035,0.0026477924148082255,True
battery327.jpg,battery,battery,battery,battery,0.9651660919189453,0.004703498338992257,0.00414960356479101,0.0068665680616982515,0.005229081278798419,0.0059357759544769765,0.004543909612341654,0.0034055747585131596,True
battery517.jpg,battery,battery,battery,battery,0.9727044820785522,0.006096120739403802,0.003385074580182838,0.005439271243051274,0.0053796298088950355,0.003211047704985456,0.002570260979459317,0.001214241639568579,True
battery466.jpg,battery,battery,battery,battery,0.9596292495727539,0.0046187997800285225,0.005172709189734828,0.0030012151083076417,0.006277198634892889,0.007422018157444779,0.008816374003383932,0.005062455514918335,True
battery417.jpg,battery,battery,battery,battery,0.9620353460311888,0.00473534783754062,0.004458579409977535,0.0038257233526092964,0.0061046853236148575,0.008235026379181434,0.005514546768682774,0.005090839782250807,True
battery831.jpg,battery,battery,battery,battery,0.9762283146381378,0.003369852648131597,0.0026262358507579877,0.002209741205585078,0.005494371789930554,0.0032405438221757396,0.004869826001108225,0.001961035074964437,True
battery437.jpg,battery,battery,battery,battery,0.9501999616622923,0.007300758641340066,0.007060626987524659,0.0050037463346927595,0.006310376432546851,0.010843741987189567,0.00661277352897851,0.006668112544987676,True
battery435.jpg,battery,battery,battery,battery,0.9651248693466186,0.0064022927545013125,0.004896434117109131,0.0025595765793696114,0.004160092072562104,0.005827689263969664,0.007920465618377746,0.00310860159806924,True
battery555.jpg,battery,battery,battery,battery,0.957762199640274,0.009996651880551434,0.004073371564866326,0.00371121755506604,0.0038324756188501392,0.008325812248631331,0.003747869808512337,0.008550531874152474,True
battery640.jpg,battery,battery,battery,battery,0.9638489723205568,0.003556878492238483,0.001092175045137894,0.0018664635765221589,0.00375723089317553,0.014482099465410547,0.006944548990666292,0.004451586680706269,True
battery716.jpg,battery,battery,battery,battery,0.9427847146987914,0.00837289240970735,0.021692058480766673,0.01151503326281022,0.003949262222469958,0.006297522017553056,0.003162009508254884,0.002226634405296487,True
battery23.jpg,battery,battery,battery,battery,0.9918381810188293,0.0007540123330638323,0.0012461913761321385,0.000419348381754534,0.0011521617744673844,0.0031806697363149236,0.0005828430992906077,0.0008266075767386389,True
battery411.jpg,battery,battery,battery,battery,0.9532704174518585,0.005860492866490444,0.007095579989255394,0.004284680634737431,0.0057465727441016546,0.009211095515638609,0.010058688372400667,0.004472570540383411,True
battery476.jpg,battery,battery,battery,battery,0.9601761221885681,0.0037370672185716063,0.002049760431465534,0.01379436217248433,0.001529470294781209,0.008250396461573922,0.006376400464796389,0.004086332089731532,True
battery897.jpg,battery,battery,battery,battery,0.9851176321506501,0.0023284539112217242,0.0024361538459055417,0.0019655475636170252,0.0043920329836964365,0.001999217065997011,0.0005463123573249782,0.001214708332364941,True
battery891.jpg,battery,battery,battery,battery,0.9974462151527405,0.0005505041227887539,0.000441968140577266,0.0004649393147839954,0.00022974946174440707,0.0004754151123415821,0.00022522211772438075,0.00016602439350629466,True
battery526.jpg,battery,battery,battery,battery,0.9609850883483888,0.005930668115615879,0.0049309575000248155,0.008206542729220655,0.004941488070904026,0.0036109456349032215,0.006684580541336736,0.00470968638598896,True
battery278.jpg,battery,battery,battery,battery,0.9727752923965454,0.004193410696984344,0.00296720412083339,0.001574404115038629,0.002178860101010616,0.007291695630913727,0.0046186967463590104,0.00440037144890726,True
battery71.jpg,battery,battery,battery,battery,0.9954250037670136,0.0009548282949275759,0.0007707543554718529,0.00035154992948094544,0.0005994039292964285,0.0005531513830646335,0.0007842590799708534,0.0005611056112684035,True
battery753.jpg,battery,battery,battery,battery,0.9341810286045074,0.009655397944156048,0.006965175923090801,0.005658609238338872,0.0075510251125786325,0.009770699031982405,0.019303468247512195,0.00691452259697303,True
battery857.jpg,battery,battery,battery,battery,0.9613278031349182,0.0059298251755536616,0.0028719727415676423,0.01291448976867895,0.005089331791090641,0.002054451918229526,0.006581479125202937,0.003230507159605848,True
battery776.jpg,battery,battery,battery,battery,0.9395712375640868,0.0013299205638758675,0.0007012330461293035,0.0054486788809298995,0.04252184270590072,0.005603555857305761,0.0014638232868491542,0.003359730335061065,True
battery559.jpg,battery,battery,battery,battery,0.9616880059242248,0.0055149161260763324,0.007780089709472304,0.0021946514287116575,0.004987970992986083,0.00817559235479917,0.004238584922241599,0.005420105781872441,True
battery896.jpg,battery,battery,battery,battery,0.9809338450431824,0.0028994840884879083,0.001798148616114841,0.0048311783001494645,0.0017595358655171174,0.00639415811162961,0.0008117166333650833,0.0005719831692639192,True
battery899.jpg,battery,battery,battery,battery,0.9650878608226776,0.006502733658999199,0.0034113226924108314,0.00563155282288788,0.0018518575001551438,0.004961954290047333,0.008048457559201236,0.00450425837188957,True
battery229.jpg,battery,battery,battery,battery,0.9718789875507354,0.005887015815824233,0.004709992139324944,0.0016445273748079189,0.0007878478851500286,0.005395402482028364,0.004928616109932082,0.0047676168388329325,True
battery239.jpg,battery,battery,battery,battery,0.9858221173286439,0.0019671183718287435,0.0007272739631389187,0.0017720870939228884,0.0011821263309684496,0.00422808485091075,0.0027721061471310967,0.0015290290932170698,True
battery839.jpg,battery,battery,battery,battery,0.9613678216934203,0.0009902491469801803,0.00071397857964014,0.0012575363340977532,0.030490579386241678,0.001357913459428749,0.0024675851749634335,0.001354363154417821,True
battery606.jpg,battery,battery,battery,battery,0.9609711110591888,0.007628072984516603,0.00526589513756338,0.005917170643807997,0.0048240912146881336,0.006435050722274414,0.005735533684495307,0.0032231654972306443,True
battery130.jpg,battery,battery,battery,battery,0.7747829198837279,0.009307530992214968,0.004251414333604052,0.06739764399826521,0.11877748072147366,0.009264633749863868,0.009463922356553602,0.006754345734468603,True
battery4.jpg,battery,battery,battery,battery,0.9830987811088561,0.002066390785452868,0.0025228203386973035,0.00457411724491972,0.0010917994572991853,0.0024961641808460425,0.0010841100287506697,0.003065807399264998,True
battery110.jpg,battery,battery,battery,battery,0.978512817621231,0.004438709840178785,0.0018293821951582286,0.005465285992249822,0.001723054402417838,0.0019729246851219917,0.003021247127182633,0.0030364868699601943,True
battery651.jpg,battery,battery,battery,battery,0.9632143616676332,0.006692786980420309,0.005286935064941603,0.004092892538756171,0.003405080502852794,0.008735047560420414,0.00448520062491397,0.00408772015956687,True
battery423.jpg,battery,battery,battery,battery,0.9361867904663086,0.00918057495732599,0.009280093386770025,0.015609313733900416,0.004499357193926061,0.007735930196941478,0.012439012902186655,0.005068955849897855,True
battery653.jpg,battery,battery,battery,battery,0.9604263305664062,0.006213287729769891,0.0036030260380356914,0.007246038640904953,0.008506495412481906,0.003761255601422574,0.005672900564980307,0.0045706009492853744,True
battery272.jpg,battery,battery,battery,battery,0.9762471556663515,0.005511075869109753,0.0017428237056102546,0.003921016075173552,0.0013867782894221809,0.006329277067194514,0.002558944687252815,0.0023029889057980418,True
battery408.jpg,battery,battery,battery,battery,0.9752556085586548,0.003313991799951777,0.0036293765536519257,0.0032759043390386635,0.004684011917644254,0.00372110088360462,0.0047269278672247865,0.001393105788728379,True
battery421.jpg,battery,battery,battery,battery,0.9571816384792327,0.006595885390137136,0.006245755592285985,0.0039159168551055395,0.005969252350830131,0.00793401720006959,0.008266260105955046,0.0038912222256593473,True
battery697.jpg,battery,battery,battery,battery,0.9620874166488647,0.0027890249630063207,0.01114057898521414,0.0014537792924329538,0.004528310216383574,0.0061148987384512694,0.0066450892307329595,0.005240838073455903,True
battery57.jpg,battery,battery,battery,battery,0.983553695678711,0.0024911326823812813,0.001432549419756975,0.0032753783507262564,0.002884971461782549,0.0010580721548433555,0.0016852502023939923,0.003618932736104711,True
battery226.jpg,battery,battery,battery,battery,0.9794221937656402,0.0026602190164423407,0.00121873246389438,0.00813933090375939,0.0010346950755774624,0.0015964401630298851,0.00458671038213644,0.0013416058725453878,True
battery867.jpg,battery,battery,battery,battery,0.9266193628311157,0.012501725611566358,0.008278884723188105,0.009542454675450477,0.011240527432587985,0.010021928135070716,0.007479779054865764,0.014315370659465943,True
battery341.jpg,battery,battery,battery,battery,0.9818309426307676,0.0033748041635229577,0.0022307113625364625,0.0030698771798437596,0.0018811632022222224,0.002597237196324293,0.0036203609833972287,0.001394874802242098,True
battery187.jpg,battery,battery,battery,battery,0.9823634326457977,0.0024014201946677945,0.003472955116892904,0.0018266201485081096,0.0015348285561516358,0.0011358693338159407,0.005518366734167948,0.0017464497371044044,True
battery142.jpg,battery,battery,battery,battery,0.9882091045379637,0.0020592295564710885,0.0016563205118412146,0.002316409070727598,0.0028081712391781325,0.0010530557496264616,0.0005264294750934593,0.0013712724672048614,True
battery885.jpg,battery,glass,metal,metal,0.004841118694093844,0.003065549243882717,0.0011091827416641609,0.3160265710204839,0.668269120506011,0.005046088276719724,0.000618380715604841,0.0010240799331995094,False
battery854.jpg,battery,battery,battery,battery,0.9877881467342375,0.0015720027033250823,0.0014746636618596066,0.0015112122520921502,0.00108011099535612,0.0007702839095266329,0.0032245388905508656,0.0025790111871677934,True
battery22.jpg,battery,battery,battery,battery,0.9624978601932525,0.004361563317211578,0.004652905122702541,0.007536168446677014,0.006155006866902089,0.00948922159441277,0.0020287180363083536,0.003278477844014508,True
battery529.jpg,battery,battery,battery,battery,0.9445538878440856,0.01105966046452519,0.007403210084885338,0.010339179448787395,0.007038141414523214,0.007737494166958885,0.00562466261908461,0.006243766564875844,True
battery94.jpg,battery,battery,battery,battery,0.966873073577881,0.00598298450968948,0.002604745588952133,0.01155673694198122,0.0012033067998142829,0.0044171118832611505,0.002152217161805495,0.0052098764963504265,True
battery842.jpg,battery,battery,battery,battery,0.974068248271942,0.005069268126414876,0.0034371113034843944,0.003953312418618202,0.0024462954918539883,0.003926018668650801,0.0038914768122367462,0.003208210127014134,True
battery933.jpg,battery,battery,battery,battery,0.9727487504482268,0.003140011383435929,0.004250783660322664,0.0037973492061609453,0.005690195609075262,0.0017021158477450921,0.0039721105713495354,0.004698670796109913,True
biological739.jpg,biological,biological,biological,biological,0.009166541799314894,0.9544148027896882,0.004583579162135851,0.004973703297112551,0.004508564025476573,0.0023682218510658395,0.014675308764040532,0.0053093098110084435,True
biological205.jpg,biological,biological,biological,biological,0.003133270405032774,0.9752983331680297,0.00214121984875961,0.0015967660425303585,0.0026495615186729045,0.003973360654433529,0.007295524899231456,0.003911996418402081,True
biological579.jpg,biological,biological,biological,biological,0.009128655586688385,0.9622953236103058,0.0063944892026528595,0.0029669773215071317,0.0034190206336381745,0.005559503287144871,0.00251961451566828,0.0077165046445372655,True
biological981.jpg,biological,biological,biological,biological,0.003639976239687043,0.9722999334335327,0.00352006913164504,0.0013647839362315583,0.0037227786147866365,0.004270263296167029,0.006120216212720981,0.00506191179552302,True
biological652.jpg,biological,biological,biological,biological,0.001652511882333805,0.9816861391067504,0.001542585870814128,0.0016252095403614798,0.0013835058253334578,0.004283373478028753,0.0019524021266988615,0.005874252459034279,True
biological727.jpg,biological,biological,biological,biological,0.0016354894573424213,0.9810923755168914,0.002445678316826424,0.00758837594185021,0.0015270360481350579,0.0012272587699953183,0.002188320763525551,0.002295410545769932,True
biological547.jpg,biological,biological,biological,biological,0.00122012705251107,0.9801490485668181,0.001435349457152301,0.00277040705550456,0.0045251275732880345,0.0039037324557199206,0.004795414244290359,0.001200781401973864,True
biological609.jpg,biological,biological,biological,biological,0.0007728904556015742,0.988850474357605,0.005221548175375097,0.00047092489633083763,0.0010193665657332756,0.0016647830550208665,0.0013317908153112484,0.0006682360152911964,True
biological494.jpg,biological,biological,biological,biological,0.0019554995545011176,0.9843151450157164,0.0011974535721872048,0.0027212991711457798,0.0012798669303136726,0.0014537168661446615,0.0035944424732015485,0.003482604007805206,True
biological588.jpg,biological,biological,biological,biological,0.00300017590767385,0.9677234411239624,0.004796199551667144,0.0033094534988094455,0.004500993532110932,0.007899256545233137,0.004559062769754318,0.004211424684613963,True
biological805.jpg,biological,biological,biological,biological,0.004717305448011812,0.9665352404117584,0.005016567418353214,0.00445831814309003,0.0030025850983824995,0.008654639683676718,0.004314337398989158,0.003300951601681823,True
biological806.jpg,biological,biological,biological,biological,0.004011585358963681,0.9765903055667877,0.0036725271959350075,0.005008836089837124,0.00253812028764683,0.0026822013210107535,0.002137464042876084,0.0033589613160143845,True
biological138.jpg,biological,biological,biological,biological,0.0016615039815596185,0.9893984138965608,0.0007832058941022014,0.0013738252620145409,0.0007621826791581879,0.0017249187152939072,0.0009597022597594664,0.0033361885728593584,True
biological826.jpg,biological,biological,biological,biological,0.0027165784045653125,0.9782268464565278,0.003140054084388311,0.003593411222866522,0.004284643155415832,0.003278118940108648,0.0037997267258431744,0.0009605802390447635,True
biological900.jpg,biological,biological,biological,biological,0.00507795666383301,0.974233514070511,0.006104138000496591,0.004607733808688813,0.0031559882505287845,0.0032743866107970703,0.002285892365016331,0.0012603886081960513,True
biological771.jpg,biological,biological,biological,biological,0.0036136638463884936,0.9779017388820648,0.0023192617343991734,0.0026962893332518104,0.0052912003201014595,0.0021109755399489477,0.0037623337950797365,0.002304536498544227,True
biological641.jpg,biological,biological,biological,biological,0.0017723220319566817,0.989144617319107,0.001065595631946733,0.00032416612011729027,0.0015867671555326965,0.001348126037365136,0.0027038477769849153,0.0020545793295084877,True
biological203.jpg,biological,biological,biological,biological,0.005922042720158034,0.9778862118721008,0.003671984795074278,0.0011693107676057177,0.0036323392315690773,0.0034468142382628906,0.002205859912196679,0.0020653242676123835,True
biological736.jpg,biological,biological,biological,biological,0.005503480194545129,0.976634645462036,0.004689251445233823,0.0011416189746032484,0.003148287907549138,0.0022125426215047718,0.0035565244050076166,0.003113720255334238,True
biological397.jpg,biological,biological,biological,biological,0.0064035397235376115,0.97342831492424,0.0021781493006542566,0.004444766129063251,0.0022072534938010363,0.0039614370294042,0.004514943287712055,0.00286151685398998,True
biological125.jpg,biological,biological,biological,biological,0.0036406412002192067,0.985835999250412,0.003772115762892146,0.0009241076817351359,0.000621810278834806,0.0015056200019306553,0.002643420775235646,0.001056311065600565,True
biological200.jpg,biological,biological,biological,biological,0.004140857536172107,0.9767382979393006,0.004129225020929238,0.0028332525061291326,0.002901453090953551,0.003122339205959403,0.0029361571289430043,0.0031984829425039,True
biological197.jpg,biological,biological,biological,biological,0.01210623331044118,0.9642686247825623,0.005328192521585218,0.004991047457121295,0.002447454306964738,0.0030912871011917393,0.00492809456814175,0.0028389817103830033,True
biological765.jpg,biological,biological,biological,biological,0.0025523216037536376,0.9720216453075409,0.002365368429929713,0.0014810746751072776,0.008246996832348292,0.00484393698789057,0.005129999715496383,0.0033587145625435352,True
biological604.jpg,biological,biological,biological,biological,0.005496870218867749,0.9668938279151917,0.002908288424237424,0.004095016442329288,0.007940159822314599,0.004156046414095156,0.0005800586628940976,0.007929795342812357,True
biological717.jpg,biological,biological,biological,biological,0.0026030790996910717,0.9731059432029723,0.005707682762295124,0.004032751162446288,0.003837980424845404,0.005157302880309462,0.003876396780865729,0.0016788663808256226,True
biological351.jpg,biological,metal,biological,biological,0.030855600877111953,0.48684882819652553,0.06688553938874972,0.0062302924489812915,0.32183218747377385,0.05663423290825443,0.006172141256683904,0.024541227583540562,True
biological914.jpg,biological,biological,biological,biological,0.002061444148935518,0.9778172373771667,0.006040608113061863,0.0012100984029242198,0.0052073243530109505,0.002751675463730397,0.0031403889881403044,0.0017712784354833085,True
biological38.jpg,biological,biological,biological,biological,0.00418771740896771,0.9706495821475982,0.0028239887231833465,0.0045399155933409496,0.005590325680727978,0.00415511273895389,0.004957317047268342,0.0030959451731287745,True
biological50.jpg,biological,biological,biological,biological,0.004193094062906785,0.980100929737091,0.0027158648038834612,0.0022641523718959574,0.0017515764863763055,0.003968840339875797,0.0014416680626311387,0.0035638205590657196,True
biological852.jpg,biological,biological,biological,biological,0.0034086292736901364,0.9820661485195159,0.0036635185853562137,0.0013624235599535926,0.0010560941772279025,0.0035906898119718897,0.0013023907085880399,0.0035500590971423345,True
biological416.jpg,biological,biological,biological,biological,0.006291255249295367,0.9656715035438537,0.003892590318494771,0.006219598545310288,0.0027289799885997553,0.004834852579676919,0.005956294547081536,0.0044049425443201725,True
biological960.jpg,biological,biological,biological,biological,0.003817510605617563,0.9818594396114348,0.0018647221149876501,0.0008670345112698376,0.002590110502253398,0.005278378538792198,0.001388840400768441,0.0023339079015165516,True
biological417.jpg,biological,biological,biological,biological,0.0021814600448123596,0.9775752007961271,0.00417313352620707,0.00210763923241752,0.004289600695483356,0.0034075984413998576,0.00178461721079649,0.004480686580609406,True
biological689.jpg,biological,biological,biological,biological,0.002815186429891344,0.9801101624965668,0.0027314892509203203,0.0017047535740164694,0.002414854476886145,0.0031555524349090518,0.00203227331651086,0.0050357074834905795,True
biological482.jpg,biological,biological,biological,biological,0.004290753446548432,0.969493269920349,0.002586104085786876,0.0028498356783529,0.004151245112449143,0.002629898598330393,0.00859397256717776,0.005404895351023221,True
biological782.jpg,biological,biological,biological,biological,0.0038341996135789545,0.9768947839736938,0.0032450251174431033,0.0009286494369884285,0.004092453747388402,0.0060476676993061595,0.0016235710795478933,0.0033336262126333026,True
biological801.jpg,biological,biological,biological,biological,0.008201765272615338,0.9652951538562774,0.00715271385085398,0.010856862697983109,0.0028158086029977584,0.0012912131233461202,0.002614076505778923,0.0017724086012094607,True
biological486.jpg,biological,biological,biological,biological,0.005095324401195751,0.9658786237239836,0.0027857408859352766,0.006265075659575792,0.003468392045453629,0.004444972174815097,0.00548698557540772,0.0065748660598143405,True
biological121.jpg,biological,biological,biological,biological,0.00163590756783373,0.9829308986663818,0.0014695978251552005,0.0001636877470559695,0.00991557349625505,0.0013409808581240194,0.0017345064415394459,0.0008088515012104544,True
biological328.jpg,biological,biological,biological,biological,0.0018677620333164434,0.9765175700187683,0.0036931768419868525,0.002864835418222331,0.004519135909809151,0.0028528605477646067,0.003348463090805759,0.004336218564544935,True
biological57.jpg,biological,biological,biological,biological,0.00300475505766256,0.9811473369598389,0.0019158075990537934,0.0013993027168481538,0.00154795627067472,0.0021112507517727567,0.007345897925551939,0.0015277315644424976,True
biological622.jpg,biological,biological,biological,biological,0.002927356781763184,0.9755658388137817,0.0037787897980174293,0.004121293769815353,0.0047626889565111925,0.002014806328927299,0.00494686466195156,0.0018822900511712357,True
biological895.jpg,biological,biological,biological,biological,0.004499980842851355,0.9532886803150176,0.005497454314375685,0.02754940497688943,0.0023723898541443715,0.0015985134320988521,0.0037983502581482296,0.001395287216186004,True
biological251.jpg,biological,biological,biological,biological,0.0038107538145752025,0.9709049463272093,0.006397812198317417,0.001580827497153656,0.005486155871664488,0.007159087419222419,0.0034319132084262884,0.001228544721413456,True
biological466.jpg,biological,biological,biological,biological,0.005894937366461884,0.96254962682724,0.005503383558243486,0.0022633071057499756,0.004457897972315747,0.0069919609464705055,0.009506056172329747,0.0028328164480635807,True
biological3.jpg,biological,biological,biological,biological,0.008179119827296953,0.9636346399784088,0.006689814985741897,0.0012433499032060886,0.006060545427391983,0.004587635138856329,0.007108535064837726,0.0024963419126236095,True
biological375.jpg,biological,biological,biological,biological,0.006500166040144902,0.9460023939609528,0.007691004702666211,0.010728781391860532,0.00561468815472703,0.0036005334888896934,0.01534562029098437,0.004516800495155492,True
biological807.jpg,biological,biological,biological,biological,0.0031209735774495443,0.9725743055343627,0.004279439477298499,0.0021902332681434976,0.009825655832479761,0.003693254199008841,0.0022874252652206116,0.0020287266001136903,True
biological244.jpg,biological,biological,biological,biological,0.006896002684181568,0.9625805497169493,0.004184306552649715,0.005158770591292208,0.004650264652460459,0.00964653244235961,0.0026391863625853033,0.0042444845290579855,True
biological425.jpg,biological,biological,biological,biological,0.00801280244933734,0.9525334179401397,0.00634113689887296,0.004158222358538744,0.004627873934895715,0.003600059449676203,0.017306040626363244,0.003420504415409637,True
biological543.jpg,biological,biological,biological,biological,0.0028508260887851267,0.9817184567451476,0.004564920575254758,0.0024400018157908726,0.0021617910504796857,0.0022121669559742848,0.002295530947848862,0.0017562695392826994,True
biological783.jpg,biological,biological,biological,biological,0.003758853576243822,0.9786808848381041,0.002982149200229371,0.0029420553297313692,0.0019643337032902866,0.0037457863477811716,0.0025665431844550755,0.003359405118889566,True
biological952.jpg,biological,biological,biological,biological,0.0037927837232882827,0.9742611348628998,0.0030445039272760386,0.002055304373474906,0.004302279700425833,0.002867552137318669,0.005590604610209423,0.004085840524327856,True
biological134.jpg,biological,biological,biological,biological,0.00191423015203324,0.988054722547531,0.0025850240039744675,0.0006444449686114168,0.002538601094269626,0.001603247841416058,0.0013503329818831498,0.001309423249062953,True
biological365.jpg,biological,biological,biological,biological,0.00748551673648441,0.9687597393989562,0.00541898149592719,0.005011402783478744,0.0026680356545739363,0.003618466045661629,0.0048594348054348665,0.0021784636336561755,True
biological498.jpg,biological,biological,biological,biological,0.003973219996259998,0.9770650088787078,0.003590919529779035,0.00584132969379419,0.0013460852104294602,0.003914872424667236,0.0019884047460890972,0.0022800487107004982,True
biological517.jpg,biological,biological,biological,biological,0.0021226620479480964,0.9780918538570404,0.005319179688285639,0.005154633936763266,0.0031935589556862033,0.0016067780413521553,0.002014799253345104,0.00249644390073621,True
biological853.jpg,biological,biological,biological,biological,0.0009520854418837721,0.9721683144569395,0.0020100963043659884,0.0072314848774112,0.004655365087091889,0.00502791739418171,0.004735341388732169,0.003219348114362153,True
biological910.jpg,biological,biological,biological,biological,0.0036112800498286327,0.9681809067726135,0.0041636918896447335,0.007938044171169133,0.0027410602511554697,0.0027392922660127317,0.007083412185294624,0.0035423424093337045,True
biological872.jpg,biological,biological,biological,biological,0.002293628668282519,0.9844569206237792,0.0034256070416312603,0.0021552794022181502,0.0017102500794427674,0.0015291273367244423,0.0036966309139310704,0.0007325290123666058,True
biological662.jpg,biological,biological,biological,biological,0.0016421493660654586,0.9848899066448211,0.0030089636088059543,0.0013946086897646988,0.0014245746114698683,0.00181742407612546,0.00426733859349038,0.0015550771303405686,True
biological746.jpg,biological,biological,biological,biological,0.002987311133473517,0.976551991701126,0.003971594246104315,0.0032349829586857015,0.003565222490585023,0.0036894544493604187,0.002607637367918019,0.0033917789347585377,True
biological537.jpg,biological,biological,biological,biological,0.002091940872279321,0.9791798770427702,0.0016372344026877785,0.0078038654682927415,0.0019918098008724168,0.002930513083392694,0.001746536912242486,0.00261813267499267,True
biological147.jpg,biological,biological,biological,biological,0.00701960848165895,0.9519211411476136,0.007101224067305614,0.011003934447376173,0.005314491020169404,0.004341542501810412,0.0096765182789987,0.0036214893068410377,True
biological253.jpg,biological,biological,biological,biological,0.012471433170704161,0.9512039065361024,0.005516195205304844,0.002392206853299494,0.011608082812424207,0.005387218230459524,0.007527528423893446,0.0038934345420688584,True
biological469.jpg,biological,biological,biological,biological,0.006516519075739755,0.9539761900901794,0.00420331183511996,0.005458520765751018,0.0168322212622776,0.004553423759463898,0.0019143055002516865,0.006545387185590765,True
biological639.jpg,biological,biological,biological,biological,0.0009554874320194334,0.9854876518249511,0.001928596599827857,0.001723499413310467,0.002189891337859925,0.0018193590532973678,0.00336060465779155,0.0025349171718516994,True
biological912.jpg,biological,biological,biological,biological,0.0027758893138404464,0.9749062180519104,0.002357215876700516,0.0010248793532500586,0.0043995584382465775,0.006914223306581132,0.003402823221295365,0.004219108963686881,True
biological791.jpg,biological,biological,biological,biological,0.0047964711865258755,0.9637111186981201,0.004200018616436693,0.0028906199423260883,0.0029767009064773473,0.0054075126544059614,0.014583986313135674,0.0014336483706270892,True
biological837.jpg,biological,biological,biological,biological,0.022388308245458205,0.949661648273468,0.004241241547686253,0.004985000210427117,0.0035267351892521123,0.007808533038911491,0.005171707574798358,0.0022167763913085625,True
biological315.jpg,biological,biological,biological,biological,0.006974236763375248,0.968518555164337,0.001869920672380413,0.0034197575834695295,0.005650839424717211,0.005042187668736838,0.006323465648892992,0.0022010434728031002,True
biological166.jpg,biological,biological,biological,biological,0.00207639185300003,0.967984962463379,0.008568773232467228,0.0031077120964472806,0.004749466897932279,0.002176465899070884,0.0091786560448646,0.0021576302591770585,True
biological62.jpg,biological,biological,biological,biological,0.004700680682999129,0.9589404821395875,0.014028745611682016,0.0028231774023441563,0.006622728431809044,0.0052585587142388365,0.004316231382561952,0.003309365829469762,True
biological827.jpg,biological,biological,biological,biological,0.0015600006008753499,0.9828997731208801,0.00425331112055569,0.00097152519738297,0.0011692194413739827,0.0026669233828073174,0.005595092436499934,0.0008841915241646209,True
biological738.jpg,biological,biological,biological,biological,0.008155613549086985,0.9746441721916197,0.0029546900652353478,0.001024696314483722,0.0011240137159095795,0.0031050466514086637,0.005127440837895847,0.0038643044292247268,True
biological13.jpg,biological,biological,biological,biological,0.004816479479363434,0.9815972089767455,0.002685732309141484,0.0012321399733252463,0.0028580097976372934,0.0027323353284365963,0.002186900011266573,0.0018912216444732098,True
biological411.jpg,biological,biological,biological,biological,0.003835185844111363,0.9794790387153625,0.0030027546365811305,0.00082805189740606,0.001492411724291734,0.002025364032985697,0.0027762745899962797,0.006560792199343243,True
biological442.jpg,biological,biological,biological,biological,0.004272571764888464,0.9744082510471344,0.006504590995611511,0.003258597990503395,0.002601537457674417,0.0019539592307941116,0.004483859632964856,0.0025166796986065146,True
biological975.jpg,biological,biological,biological,biological,0.003222577826971556,0.9781128525733949,0.0033316548234562774,0.002286279830877885,0.0032520357214729113,0.004044267679138689,0.002445882185937595,0.0033044022369987424,True
biological220.jpg,biological,biological,biological,biological,0.0021048923487678177,0.9746215343475342,0.00440165889670112,0.0014377396169531445,0.0024003459032588713,0.0037092182635503484,0.0035516239773337693,0.007773014054612285,True
biological586.jpg,biological,biological,biological,biological,0.0029277818211994435,0.9759503245353698,0.005106023138156948,0.0014765016343082943,0.0018995567160205252,0.005734452226078676,0.004539328404382547,0.0023661148617491632,True
biological514.jpg,biological,biological,biological,biological,0.003242296263189944,0.9734890758991241,0.005510855280427072,0.0018215056339726564,0.0031050971795490243,0.005546966938920356,0.004309460036071705,0.0029747364576955407,True
biological896.jpg,biological,biological,biological,biological,0.001945214765541257,0.9795348167419432,0.003925491648908971,0.003689096700475093,0.002194940004219538,0.0028441871954498427,0.0029680401715722316,0.0028981121479808984,True
biological528.jpg,biological,biological,biological,biological,0.0058024363217315765,0.9808831572532652,0.0035226115107094367,0.0018229578244120784,0.0009826703029484879,0.0030441265870424527,0.0017319380324986391,0.0022101181161501035,True
biological690.jpg,biological,biological,biological,biological,0.003937601635150152,0.9796818196773529,0.0019897973397774646,0.001711007463854737,0.0029745985755811047,0.002365232445299692,0.004543570478769522,0.002796309581094506,True
biological776.jpg,biological,biological,biological,biological,0.0019427523088618678,0.9840359330177306,0.0031391303202180595,0.0004462895406268308,0.002136983489016062,0.004203235320966451,0.0012632394001020168,0.0028324257766432176,True
biological841.jpg,biological,biological,biological,biological,0.0036188955418777606,0.9739724099636076,0.00424435511231417,0.0027748067863461205,0.005853524431643502,0.00268844014499333,0.005243013519796157,0.001604534126823676,True
biological289.jpg,biological,biological,biological,biological,0.0026060799899452606,0.9801612198352814,0.0013459114943747577,0.002463324862286212,0.002657724826182146,0.002466751635661966,0.0014984404122228726,0.006800647426685013,True
biological632.jpg,biological,trash,biological,biological,0.0022158597049638734,0.6857274554669857,0.0028250509632925308,0.002609886042409858,0.0029058524523861,0.0033022405383234896,0.001615846548793286,0.2987978501245379,True
biological473.jpg,biological,biological,biological,biological,0.005314015416173432,0.9670101761817931,0.004512409411548997,0.0035843277461314422,0.006689129025322243,0.0043604873622709655,0.005292010046738887,0.0032374764595146746,True
biological388.jpg,biological,biological,biological,biological,0.002199264850040175,0.9839745581150054,0.0029674123972655013,0.00019767030050451797,0.0008392159362078875,0.002488291472433574,0.0055231528033245336,0.0018103619339675915,True
biological479.jpg,biological,biological,biological,biological,0.004873570788734561,0.9632850646972655,0.002443545532300695,0.005574854770958313,0.007579957079934748,0.007087122899857386,0.0058808291076978166,0.00327507476364022,True
biological507.jpg,biological,biological,biological,biological,0.002528461006018247,0.9715988159179687,0.006770104729886347,0.000619382435481233,0.0034427790903811604,0.010111317040240597,0.002782562123706437,0.002146611901055413,True
biological246.jpg,biological,biological,biological,biological,0.005608933607880098,0.9703439474105835,0.004440409397216161,0.0010233641446808172,0.006014276269509713,0.007588229025623107,0.0033905862948674075,0.0015902770538326991,True
biological666.jpg,biological,biological,biological,biological,0.0035655946732730992,0.890939450263977,0.005040281272317112,0.08430396434559949,0.003401471721599547,0.002727174498434946,0.006482393812257196,0.0035397043808415986,True
biological833.jpg,biological,biological,biological,biological,0.0047099838033318004,0.9646166622638703,0.004118013309708594,0.013953051994030796,0.0036046631165738857,0.00293169162670439,0.004406617326821969,0.0016592536827090179,True
biological151.jpg,biological,biological,biological,biological,0.004731699908538184,0.9601401925086976,0.0033807359635987626,0.005564460399267706,0.009326285589860425,0.005472302999735521,0.007826703693751106,0.0035577198025139264,True
biological391.jpg,biological,biological,biological,biological,0.00139607946895805,0.9863725841045379,0.0023066649509150368,0.0001848161105375692,0.00149677210941852,0.002076265800712882,0.0021781667309368692,0.003988651157567312,True
cardboard407.jpg,cardboard,cardboard,cardboard,cardboard,0.004259510705906239,0.004057178845014557,0.9654235005378722,0.005734119015903555,0.0017144692402805077,0.008927224450638519,0.005424234907448321,0.004459762714841945,True
cardboard596.jpg,cardboard,cardboard,cardboard,cardboard,0.0035463466365541494,0.007586850005739099,0.9430278062820434,0.012294635634862053,0.0065842323124385245,0.010139648049440043,0.002671150423707708,0.014149307740994703,True
cardboard883.jpg,cardboard,cardboard,cardboard,cardboard,0.016200856799841266,0.0029677755200021826,0.9582054018974304,0.002574999188821186,0.014664426826598497,0.0010572003395392612,0.0015496049785335628,0.002779676020333163,True
cardboard491.jpg,cardboard,cardboard,cardboard,cardboard,0.016558240033054925,0.004398008962082044,0.9485986173152923,0.007448899703797386,0.00844714491410556,0.003106183448485887,0.00273273116114911,0.008710184952739614,True
cardboard357.jpg,cardboard,cardboard,cardboard,cardboard,0.0015356813835676582,0.004983719810846712,0.9808619201183317,0.002265287167395958,0.0012977280654520034,0.005962542071945393,0.0019260228611983543,0.001166965439965447,True
cardboard180.jpg,cardboard,cardboard,cardboard,cardboard,0.003841559842695513,0.0008693546065188875,0.9893152654170989,0.0006059721221822887,0.0008383139585883072,0.0018225164886402265,0.0014331434893242552,0.0012738094044839263,True
cardboard730.jpg,cardboard,cardboard,cardboard,cardboard,0.004372007649853765,0.0013441017749044708,0.9744944393634796,0.008383719765083654,0.001767754241193103,0.0017301888858362567,0.005568844723211396,0.0023389342576592546,True
cardboard433.jpg,cardboard,cardboard,cardboard,cardboard,0.00122417357552895,0.003409812180329606,0.9754967272281647,0.00351233502665982,0.0024102143488519768,0.006164222490806843,0.005999072082355397,0.0017834132770507816,True
cardboard545.jpg,cardboard,cardboard,cardboard,cardboard,0.002185707177352793,0.004794699465855968,0.972509217262268,0.008076285012723105,0.001780658730959441,0.004543278412971864,0.003480961732568465,0.002629266143777439,True
cardboard502.jpg,cardboard,cardboard,cardboard,cardboard,0.004095508459252637,0.002061458601690418,0.9825307309627533,0.0023725661707885005,0.0012832471577809022,0.0025286187647683765,0.0034932482688405705,0.0016346094055911316,True
cardboard4.jpg,cardboard,cardboard,cardboard,cardboard,0.0042466479580785775,0.0022839041064728126,0.9817841351032257,0.0017334041952986245,0.0020510276942598583,0.0024108175733886096,0.001510426997534443,0.003979613925213415,True
cardboard869.jpg,cardboard,cardboard,cardboard,cardboard,0.01347279450448629,0.0034377742686315955,0.8766713559627533,0.04517200553684686,0.003972215251974668,0.01858784572548296,0.016128876265173602,0.02255716102908987,True
cardboard167.jpg,cardboard,cardboard,cardboard,cardboard,0.0008848893958468958,0.0013467781868249924,0.9921929240226744,0.0007891954679841039,0.0016109257737155413,0.0014892911173063743,0.0008853902351866125,0.0008005429687226721,True
cardboard133.jpg,cardboard,cardboard,cardboard,cardboard,0.019390035483331694,0.004582941138050939,0.9411046028137207,0.002197032465710425,0.0033575828845641637,0.01672999405564035,0.00917498144824542,0.003462870477625292,True
cardboard648.jpg,cardboard,cardboard,cardboard,cardboard,0.0007955606412470349,0.003292807150970751,0.9772222757339477,0.002538682895349678,0.0027609522122245796,0.009388143911724926,0.002615264245357388,0.0013863422799490674,True
cardboard64.jpg,cardboard,cardboard,cardboard,cardboard,0.0011977240756464824,0.0042754477044265864,0.9845941543579102,0.0008508116440452507,0.0014915372779831743,0.0023716446361504097,0.0033944855790650212,0.0018241357752834732,True
cardboard210.jpg,cardboard,cardboard,cardboard,cardboard,0.0034169267251371012,0.003686682860960145,0.9661079823970795,0.0027165191739278696,0.004643403829264347,0.007013993472526176,0.008714175052270387,0.0037003545009696125,True
cardboard201.jpg,cardboard,cardboard,cardboard,cardboard,0.04825878344997958,0.01382157755506335,0.7347913980484009,0.013226058432360282,0.016656572764622887,0.05277739984107935,0.05385293623394314,0.06661526129950628,True
cardboard265.jpg,cardboard,cardboard,cardboard,cardboard,0.0026488984454006914,0.005692781960715314,0.980322414636612,0.0031621642131085376,0.0018938614939997267,0.00100554991877286,0.0025363931545626735,0.002737942106800076,True
cardboard182.jpg,cardboard,cardboard,cardboard,cardboard,0.00224993678321413,0.001488819637368923,0.9868806838989257,0.0007340451543486757,0.0022510797593819545,0.0007783024633951068,0.00440823067278866,0.0012089130472703118,True
cardboard756.jpg,cardboard,glass,cardboard,cardboard,0.01378841055895349,0.01641926707598024,0.5474830016493797,0.39452016651630395,0.004859921862453087,0.00577930478967513,0.00941358894633591,0.00773637737147505,True
cardboard289.jpg,cardboard,cardboard,cardboard,cardboard,0.0006338581396164131,0.0006370785348993548,0.9861064255237578,0.0005586452492445488,0.0032527413434832704,0.006370438728845259,0.0009677471421101042,0.0014729812983015427,True
cardboard824.jpg,cardboard,cardboard,cardboard,cardboard,0.002281188015989397,0.004208715685990616,0.9834892690181731,0.0010917971586365633,0.0024061680383667084,0.002449936640709839,0.0025593172818730386,0.0015135363861852372,True
cardboard838.jpg,cardboard,cardboard,cardboard,cardboard,0.0016298264092803843,0.0015809138000861297,0.9905260264873504,0.00020624534352839527,0.002338497985586009,0.001990064016766601,0.0011041603875538671,0.0006244915323088647,True
cardboard58.jpg,cardboard,cardboard,cardboard,cardboard,0.01386229961353816,0.0026711027952842034,0.9665194809436798,0.0031477804448286234,0.0026409187689750923,0.0010994572246999818,0.00814840843086128,0.0019105146915534819,True
cardboard18.jpg,cardboard,cardboard,cardboard,cardboard,0.0012540289156127526,0.0033091320256839855,0.9888617634773254,0.0009036949997166747,0.0010047335512867314,0.0007120368270989164,0.0023178815072202575,0.0016366703287680404,True
cardboard396.jpg,cardboard,cardboard,cardboard,cardboard,0.004733647135935807,0.005492038752552016,0.9742037892341613,0.003930407687635536,0.0018780881342676799,0.0037661866969862195,0.0029433961100085635,0.0030524265936912637,True
cardboard270.jpg,cardboard,cardboard,cardboard,cardboard,0.0006979058693217907,0.001306423591975655,0.9251904010772705,0.00352496402338146,0.0014786228690354215,0.02185279661789536,0.042057102918624856,0.0038917333120479496,True
cardboard319.jpg,cardboard,cardboard,cardboard,cardboard,0.004633342951570827,0.002366018298841135,0.9784052431583403,0.002634543852431518,0.0022673476429734885,0.003202825806386036,0.0035842034734949856,0.0029065329595421513,True
cardboard406.jpg,cardboard,cardboard,cardboard,cardboard,0.003354151534222157,0.0019886817841067257,0.9745893776416779,0.0007623536132541297,0.002012462500442736,0.009995046852509378,0.0028748954961656586,0.004423052646321987,True
cardboard638.jpg,cardboard,cardboard,cardboard,cardboard,0.007304758212945218,0.005674237756447466,0.9634461164474487,0.005550663287362982,0.004077669798651023,0.008529407564856192,0.0016324505174409188,0.0037846780034173338,True
cardboard516.jpg,cardboard,cardboard,cardboard,cardboard,0.003817995313902985,0.0031689767741874234,0.9709517717361449,0.003505520237203541,0.0029296603551786185,0.010110414142697009,0.0032689691524597523,0.002246761717900971,True
cardboard512.jpg,cardboard,cardboard,cardboard,cardboard,0.002396246223193502,0.005570100341106764,0.9668105304241179,0.005317371851394727,0.002682343172438013,0.008025317454471196,0.004692192934767138,0.004505890468218942,True
cardboard563.jpg,cardboard,cardboard,cardboard,cardboard,0.0013992370231221472,0.003607682971446006,0.9716486394405364,0.0004371781444432942,0.009042161492243335,0.009139851201325629,0.002372435362667553,0.002352815479071058,True
cardboard15.jpg,cardboard,cardboard,cardboard,cardboard,0.0026382034452058652,0.004191416203076018,0.9807688891887664,0.001476638008955383,0.001582441797339079,0.001429862034080991,0.0036150844608200798,0.004297449149316835,True
cardboard435.jpg,cardboard,cardboard,cardboard,cardboard,0.0026828626640391815,0.004957349412225261,0.9702290415763855,0.005455594154516761,0.0020329405301891816,0.005022977479780234,0.005286848033540078,0.00433248113847639,True
cardboard641.jpg,cardboard,cardboard,cardboard,cardboard,0.0005722864814941849,0.0021131358785902742,0.9905833184719086,0.0007212214180760862,0.001825380684264861,0.0019424987133583483,0.0010597631936473768,0.0011823374841057168,True
cardboard135.jpg,cardboard,cardboard,cardboard,cardboard,0.002608479303710021,0.0004762256849279631,0.9900676965713502,0.0006525775758395734,0.002376168507893081,0.0024103506466292878,0.0005571645502206653,0.0008513562795877787,True
cardboard688.jpg,cardboard,cardboard,cardboard,cardboard,0.0006014240042234882,0.0032494602724997415,0.9815420925617218,0.001659973082137888,0.001982020027944605,0.0035971984733176644,0.0049225867725913855,0.0024452983867726493,True
cardboard56.jpg,cardboard,cardboard,cardboard,cardboard,0.004662326584776172,0.0032870252151104657,0.9791831016540529,0.0016327121527867144,0.0025311767356470494,0.003564260316825645,0.003042266191983269,0.0020970357116926264,True
cardboard586.jpg,cardboard,metal,cardboard,cardboard,0.0004383432668354475,0.0033097335022148284,0.6917548952042124,0.00089299984374397,0.22094019858632233,0.00032145722764621165,0.00079576522257407,0.08154658529674631,True
cardboard813.jpg,cardboard,cardboard,cardboard,cardboard,0.007036027917164875,0.003789152574148599,0.9426859974861146,0.004378225715025472,0.005314155503788468,0.02081837808719198,0.004443904810262695,0.011534120290670432,True
cardboard195.jpg,cardboard,cardboard,cardboard,cardboard,0.016530917771578568,0.007183473277837079,0.9502750635147095,0.0017857494531205809,0.006210319514971297,0.004130599965782758,0.006727792788383488,0.00715609239431868,True
cardboard355.jpg,cardboard,cardboard,cardboard,cardboard,0.0021770241164403912,0.004436805485011036,0.9791548550128938,0.0024143613639620843,0.0012513523143880777,0.0044176836455754,0.002852054500144868,0.0032958369513384255,True
cardboard553.jpg,cardboard,cardboard,cardboard,cardboard,0.0052497515791315496,0.003762295451946579,0.9622718214988709,0.00281446259531034,0.005801763833693457,0.005362780390265639,0.0021793398134636556,0.012557805657470977,True
cardboard805.jpg,cardboard,cardboard,cardboard,cardboard,0.004138487015575249,0.0059759098568630585,0.9477235615253448,0.005313250950489455,0.019799151582003714,0.004443759657197469,0.005899898581696054,0.006705999061059468,True
cardboard59.jpg,cardboard,cardboard,cardboard,cardboard,0.006074045157833234,0.0036213549748908367,0.9721144735813141,0.005206477448085557,0.0017605756735950115,0.001164202325847711,0.00795890186173198,0.0021000412588536095,True
cardboard478.jpg,cardboard,cardboard,cardboard,cardboard,0.0017451110122575684,0.0049224524760275645,0.9769473612308501,0.0032406032085487563,0.0021424889567517487,0.004017142346942375,0.003093286231257331,0.003891584045237904,True
cardboard888.jpg,cardboard,cardboard,cardboard,cardboard,0.0025888207901402817,0.0016122900544452375,0.9788336634635924,0.00040930983838775474,0.005801801317233666,0.0039667375960561494,0.0035332381681655,0.00325413824757556,True
cardboard9.jpg,cardboard,cardboard,cardboard,cardboard,0.003606398453832134,0.004659772666692116,0.9706691920757293,0.0037581521845651993,0.0035618103937906415,0.00505907391780053,0.0052624265657820165,0.003423150559143031,True
cardboard685.jpg,cardboard,cardboard,cardboard,cardboard,0.0008756129990160577,0.009410379883047361,0.9812162518501281,0.0006775886240574875,0.0025908539212537054,0.0028391881672632266,0.0013214654192437896,0.001068735876583518,True
cardboard859.jpg,cardboard,cardboard,cardboard,cardboard,0.007630204444842485,0.004606087230210581,0.9729795157909393,0.0010667889261220785,0.0017301010887282408,0.003223381434321741,0.0060638506942393465,0.0027001524869273126,True
cardboard34.jpg,cardboard,cardboard,cardboard,cardboard,0.0009857836148227197,0.0008354181438103766,0.9868867158889769,0.004824860967227781,0.0012088899788621644,0.0008062048229491198,0.0027563233687398934,0.0016957229301265548,True
cardboard814.jpg,cardboard,cardboard,cardboard,cardboard,0.0010175181333815766,0.006142048205208489,0.9711917221546172,0.0011515122754644491,0.0008135161984819536,0.010700323306926694,0.005047154802663522,0.003936325120446285,True
cardboard863.jpg,cardboard,cardboard,cardboard,cardboard,0.011926621523548992,0.005072276821310601,0.9572504818439485,0.010703238904148248,0.004406281810735565,0.005489857465958586,0.002596113661858661,0.0025551651784075464,True
cardboard774.jpg,cardboard,cardboard,cardboard,cardboard,0.0031233733138342074,0.004065421370223695,0.957497525215149,0.011830260934152072,0.0035140548029666697,0.009566810402736166,0.007569930928948462,0.002832685768047932,True
cardboard209.jpg,cardboard,cardboard,cardboard,cardboard,0.002751977325821435,0.004750054283069562,0.9793039321899413,0.002363986126149653,0.0022022474091516237,0.0010944443276297761,0.005343396402945396,0.002190000494136019,True
cardboard864.jpg,cardboard,cardboard,cardboard,cardboard,0.005434273971076167,0.01946935272717379,0.949084347486496,0.015944109946349268,0.0038534111821057447,0.0005111080013716422,0.002213891400015197,0.0034895298337687245,True
cardboard117.jpg,cardboard,cardboard,cardboard,cardboard,0.005543537624682082,0.0038100815843790732,0.9749831974506378,0.00191758400760591,0.0017283671069892063,0.004447907535426625,0.004377656988799616,0.003191710729151911,True
cardboard80.jpg,cardboard,cardboard,cardboard,cardboard,0.009315757288875149,0.0029672529099266393,0.9701195001602172,0.002832768760996158,0.0020225543842667866,0.0021367056069720495,0.005866473924846866,0.004739079443000044,True
cardboard579.jpg,cardboard,cardboard,cardboard,cardboard,0.00083478994773426,0.0012802312165086922,0.9886592984199523,0.0005078972899951242,0.0022939926288926813,0.001247102686727363,0.0012147958371883413,0.003961870451894346,True
cardboard650.jpg,cardboard,cardboard,cardboard,cardboard,0.009175532632457337,0.012620857015593187,0.9479509890079497,0.006481414217023424,0.002862670237647047,0.006151209150812056,0.010721134045947111,0.004036156300259771,True
cardboard223.jpg,cardboard,cardboard,cardboard,cardboard,0.0017049805198123126,0.002182310237146113,0.9382087111473083,0.001840977546351392,0.00038816699252831443,0.053214460052549775,0.0012088491688188976,0.0012514835430676025,True
cardboard410.jpg,cardboard,cardboard,cardboard,cardboard,0.001776173070181873,0.002403649807234472,0.9755567133426666,0.0008055836716578833,0.002444800660584541,0.009268685463314292,0.0041753867329828625,0.0035690242038609156,True
cardboard782.jpg,cardboard,cardboard,cardboard,cardboard,0.0023616503924130997,0.00153269880247528,0.838442826271057,0.11450666254386302,0.03162240348756309,0.005399041669443199,0.00340385946910822,0.0027307856071274402,True
cardboard282.jpg,cardboard,cardboard,cardboard,cardboard,0.014420408617121374,0.00627888711646242,0.9538103282451629,0.0033348938453226715,0.002994211452149675,0.007999354467750713,0.0055991516354113174,0.0055627744405017466,True
cardboard654.jpg,cardboard,cardboard,cardboard,cardboard,0.0014047029657240598,0.00478727892413572,0.9789909243583679,0.002330460399622397,0.002650094781466812,0.005490995680036224,0.0023565720999838263,0.0019889088376927864,True
cardboard233.jpg,cardboard,cardboard,cardboard,cardboard,0.00326751342643354,0.006442739987887199,0.9712649524211883,0.0017719685631024714,0.006504520359621276,0.001402768005368637,0.008030203866422841,0.0013153350114480722,True
cardboard735.jpg,cardboard,cardboard,cardboard,cardboard,0.0023776743317412354,0.0030855943098861962,0.9719361066818237,0.005328149391561046,0.004746135153167385,0.004230332882531197,0.004735107941934371,0.0035609083856394954,True
cardboard150.jpg,cardboard,cardboard,cardboard,cardboard,0.0018283906170000483,0.002334482898035308,0.9844888389110564,0.001466515241191627,0.00367953866018866,0.0017597762467078085,0.0018278781606995411,0.0026145091513202256,True
cardboard230.jpg,cardboard,cardboard,cardboard,cardboard,0.004730879841400169,0.003967351187020482,0.9745391368865965,0.0028318926692008552,0.00289782714103192,0.004505581455327719,0.003873470938243153,0.0026536995079368213,True
cardboard409.jpg,cardboard,cardboard,cardboard,cardboard,0.0038878217557794395,0.0010251363384667853,0.9306984543800353,0.0018670379518880159,0.046331514511257346,0.007389080710709069,0.0017761243085259797,0.007024863105993908,True
cardboard845.jpg,cardboard,cardboard,cardboard,cardboard,0.012098091479856469,0.004289079079626375,0.9574747025966643,0.003326100267440733,0.0023206398904675814,0.0069028679457914886,0.0113727406263933,0.002215842278959514,True
cardboard98.jpg,cardboard,cardboard,cardboard,cardboard,0.0017334713496143987,0.0007216055810480683,0.992663139104843,0.00029179027556949344,0.0008644406559524126,0.001400712283574261,0.0005710420675491874,0.0017538256274818682,True
cardboard639.jpg,cardboard,cardboard,cardboard,cardboard,0.0013861678953816102,0.005041495757423029,0.9778529226779937,0.004286730019304488,0.0009686456525037534,0.003892139852464385,0.0045567847332530255,0.0020152428251299006,True
cardboard337.jpg,cardboard,cardboard,cardboard,cardboard,0.002599976432712889,0.0024303475329356702,0.9834896504878998,0.0014275079127580464,0.002218096228044101,0.0026350196374032245,0.003212492374147552,0.0019869401985948814,True
cardboard137.jpg,cardboard,cardboard,cardboard,cardboard,0.004509414168386655,0.002159963837251582,0.972115910053253,0.003357657790128644,0.001039881973466699,0.00350662537716737,0.0058875352157940425,0.007423008058308855,True
cardboard662.jpg,cardboard,cardboard,cardboard,cardboard,0.002004898004465352,0.003670348133906066,0.9677208900451659,0.006514968401615266,0.003118932109563012,0.00410994827978194,0.00805653622435024,0.004803494925542437,True
cardboard498.jpg,cardboard,cardboard,cardboard,cardboard,0.011576429040185266,0.005516701895066718,0.9443399310112,0.006768413659498403,0.003658586460887122,0.013213577646121166,0.010567461780220805,0.004358963495480085,True
cardboard508.jpg,cardboard,cardboard,cardboard,cardboard,0.005716346237055296,0.006814210170141547,0.9628739476203918,0.007978606000089327,0.0021509009479159444,0.00409434373349547,0.007208592006460211,0.003162949426394362,True
cardboard625.jpg,cardboard,cardboard,cardboard,cardboard,0.002125313490960921,0.004663000674994995,0.9744487226009368,0.0028361318170113683,0.002729004598320452,0.007185188494679693,0.0032648300752057147,0.002747861389079726,True
cardboard535.jpg,cardboard,cardboard,cardboard,cardboard,0.0013676956457263783,0.002030570410434572,0.9883535802364347,0.0010705825293108148,0.0013085746439646198,0.003977402579163724,0.0008489726728068798,0.001042509305574842,True
cardboard603.jpg,cardboard,cardboard,cardboard,cardboard,0.0024381341601799277,0.004296783003236621,0.9846672892570496,0.0007617868339300929,0.00114245523602167,0.001732197477500628,0.0027739856926945056,0.002187483932073774,True
cardboard561.jpg,cardboard,cardboard,cardboard,cardboard,0.0014644944425942126,0.004419807951666471,0.9630296945571899,0.002832416823544962,0.00458979987501246,0.009295262464995437,0.005308490339957992,0.009059935540088012,True
cardboard239.jpg,cardboard,cardboard,cardboard,cardboard,0.001331675725354548,0.001993323300463944,0.98658065199852,0.0036931632589628843,0.0008801323673972851,0.0013461371410812717,0.002857046825543173,0.001317925950849769,True
cardboard248.jpg,cardboard,cardboard,cardboard,cardboard,0.00537878719496623,0.0024276354350500026,0.9722394347190857,0.000977597536993963,0.0015927611617597667,0.005561895101666804,0.005763979163476862,0.00605800943452203,True
cardboard701.jpg,cardboard,cardboard,cardboard,cardboard,0.0037354402621767066,0.0048406377503359315,0.9610001087188722,0.005427602324972894,0.009839169869581272,0.00825507909995886,0.0048052010674467915,0.002096788979387872,True
cardboard123.jpg,cardboard,cardboard,cardboard,cardboard,0.007179844743011172,0.01244021596503439,0.9549197316169737,0.00311174212693001,0.0035543864141345557,0.004391599481391439,0.008515700435418681,0.005886790714657753,True
cardboard49.jpg,cardboard,cardboard,cardboard,cardboard,0.004297106512067169,0.0019282392307067007,0.986299282312393,0.0029697942143203093,0.0009660724731716369,0.0014773079543373797,0.001281930348658003,0.0007802936646671407,True
cardboard386.jpg,cardboard,cardboard,cardboard,cardboard,0.0015714847462950047,0.00457374878571473,0.9743652760982513,0.002470608919780253,0.0022962016758402456,0.006845467578863769,0.006393026281176316,0.0014841115362583222,True
green-glass615.jpg,glass,glass,glass,glass,0.0043130935169810045,0.004761797705350528,0.0035269013140389713,0.9739165484905243,0.0026136257921954716,0.005717275850476164,0.002670720743440009,0.0024800748797557002,True
white-glass740.jpg,glass,glass,glass,glass,0.008404441673172466,0.002815065160396423,0.0019733539782465803,0.9648796617984772,0.0025580277666692507,0.008743029259988253,0.008561050519347649,0.0020654319791720403,True
brown-glass300.jpg,glass,glass,glass,glass,0.006967510470254975,0.002408960379195988,0.003265635859749035,0.9613920092582702,0.015397520526312285,0.0025396235757431536,0.002412248754569634,0.005616475083899055,True
green-glass99.jpg,glass,glass,glass,glass,0.00313173168583626,0.00343737681415586,0.0041054724722926796,0.9664309740066528,0.004003153586327785,0.0064126643249053095,0.008189156158687169,0.0042895661738396405,True
glass65.jpg,glass,glass,glass,glass,0.001120792713503034,0.001473401859403117,0.0018829268170623059,0.9826430022716521,0.004508228614387038,0.003337072581436621,0.0037750904986039975,0.001259468251373652,True
glass431.jpg,glass,glass,glass,glass,0.004090487889967415,0.0047167568963394505,0.0022794208874316007,0.968783003091812,0.001752372032740355,0.0015978770968437834,0.007913923568321409,0.008866063257164566,True
white-glass493.jpg,glass,glass,glass,glass,0.0018021892291448169,0.0034920210019061433,0.0048668138683102,0.9725241959095001,0.0026145339317174086,0.004426229046733158,0.009145181739177081,0.001128834625724786,True
glass480.jpg,glass,glass,glass,glass,0.006948154140689082,0.0026383613236248098,0.0015772415790707218,0.9743598520755767,0.004591582529985576,0.003434852324427463,0.004666575737897581,0.0017834519036114204,True
white-glass560.jpg,glass,glass,glass,glass,0.0038673992370603914,0.003928308285600166,0.00684840114627149,0.833300769329071,0.00417004465125498,0.0007913616742235532,0.14181653043488038,0.0052771817789107256,True
white-glass391.jpg,glass,glass,glass,glass,0.005615244962530091,0.0023379513385179853,0.0011002288684321278,0.9699149072170258,0.002201170097998031,0.0047796168508134765,0.008204890601336919,0.0058460536214595925,True
brown-glass605.jpg,glass,glass,glass,glass,0.00205373822245746,0.003479025512934294,0.0021647574380039996,0.9785692691802979,0.0038168355356901704,0.00473772995173926,0.002304302970878721,0.0028744161594658995,True
green-glass56.jpg,glass,glass,glass,glass,0.0031288375294479913,0.002498734888662147,0.0018484028615602763,0.9839435517787933,0.002257974635892861,0.002138223522470576,0.00292832571067262,0.001255892271270584,True
white-glass401.jpg,glass,glass,glass,glass,0.010127863567861207,0.007088753494568314,0.010949567160603652,0.9422318756580352,0.01292173768867001,0.008821788523482277,0.005368681537541401,0.0024897321847661934,True
glass218.jpg,glass,glass,glass,glass,0.0010691046134070573,0.0010098336381231705,0.0005689368194564032,0.9894388377666472,0.004506293816507376,0.001317646065140808,0.0006893312733154101,0.001400069666683675,True
brown-glass544.jpg,glass,glass,glass,glass,0.005720586493407562,0.000723831259575416,0.02567572556436056,0.9606859326362609,0.0039359671285637415,0.0011645400998531498,0.0013180534646380399,0.0007752773483843452,True
white-glass390.jpg,glass,glass,glass,glass,0.0017368556699958037,0.0017712234104535027,0.0019699797732755063,0.9876640200614928,0.0010881814290804985,0.002000739262439271,0.0022493836871763226,0.0015197743196057008,True
brown-glass157.jpg,glass,glass,glass,glass,0.003056066723911478,0.0066263087966944795,0.004915389814414019,0.9720953881740569,0.001647649186270424,0.00778331671608609,0.0019337226767674645,0.001942098074459853,True
brown-glass465.jpg,glass,glass,glass,glass,0.08389994800090785,0.03392150755971668,0.0060291281668469,0.8610168993473053,0.006251590188185205,0.004835259553510661,0.00133473942551056,0.0027109832078394485,True
green-glass405.jpg,glass,glass,glass,glass,0.005542495957539609,0.0025075757186043225,0.002949190419167342,0.9788111805915831,0.0025003093528263988,0.0031052314676343804,0.0018264306559253483,0.002757569542154826,True
green-glass4.jpg,glass,glass,glass,glass,0.0035704106527589207,0.0020769236818646395,0.0030848450579367558,0.980093491077423,0.0015324638996242082,0.0027273928285989966,0.003852194093269604,0.0030622960452985214,True
white-glass242.jpg,glass,glass,glass,glass,0.0005670211371590207,0.0007268831320460009,0.0006516114988905105,0.9908742427825927,0.0002906769968897379,0.00030781485962224535,0.0050402297492837,0.001541542990287336,True
green-glass419.jpg,glass,glass,glass,glass,0.00263675139285621,0.002508319082088923,0.00265579007100309,0.977684861421585,0.0031940909102558413,0.005315788649022529,0.004023498355703139,0.0019808177137746897,True
green-glass68.jpg,glass,glass,glass,glass,0.0024726918532293717,0.0016955271596091005,0.0009830337833815713,0.9853538513183593,0.0028538745814316122,0.003428058931672554,0.0016886935568435914,0.001524298195727236,True
white-glass636.jpg,glass,glass,glass,glass,0.0019427947941102726,0.005277429335051222,0.005401320010423699,0.9643452703952788,0.016671211251292947,0.0037203909372694895,0.0010209836142708163,0.0016206101289169017,True
white-glass456.jpg,glass,glass,glass,glass,0.0030429754871875696,0.002486675798527684,0.0036177070811420275,0.975671797990799,0.002430359217621102,0.0024933806853594037,0.008920631747274204,0.001336575183151633,True
brown-glass217.jpg,glass,glass,glass,glass,0.0013963976794367223,0.0017775661546802887,0.003623835183778176,0.9806102931499481,0.00453371858824589,0.002116601797778664,0.002690787905218822,0.0032507559755166997,True
glass19.jpg,glass,glass,glass,glass,0.002115345699712631,0.0014934075064956657,0.0027137226425171653,0.9808519065380097,0.001547729663581834,0.004713032068690155,0.003925491419821461,0.00263939413707697,True
brown-glass386.jpg,glass,glass,glass,glass,0.02008683154381285,0.005709926701791111,0.006882519174598597,0.908433473110199,0.01843453373585358,0.023321738903177867,0.0039358937815888815,0.013195055204928443,True
glass269.jpg,glass,glass,glass,glass,0.0015608494018670908,0.0009966516985002575,0.0008090347602162146,0.9841621220111846,0.00043307955565976175,0.0026558210652234187,0.003976775064074839,0.005405617250288651,True
white-glass612.jpg,glass,glass,glass,glass,0.0009777200007714507,0.0018875056739306392,0.0016426583575069416,0.9901468694210052,0.0006177990107815278,0.001057155566235161,0.0030992895356234513,0.0005709413684715719,True
brown-glass583.jpg,glass,glass,glass,glass,0.00147638767957681,0.00253979209810494,0.0021748223574831597,0.9826810121536254,0.0023469263687729298,0.004274692153558119,0.0021986546460538796,0.00230777577962722,True
glass385.jpg,glass,glass,glass,glass,0.005320114937469604,0.0024748312778451924,0.0006810476663343428,0.9838906407356262,0.001806301631586387,0.001221143854766623,0.00318196729785992,0.0014238519136110046,True
green-glass427.jpg,glass,glass,glass,glass,0.001878890613099193,0.0021774858007072603,0.0036314039751649037,0.9760758459568024,0.00516678625268467,0.004903000353203445,0.004824919618662406,0.0013417224637607297,True
brown-glass241.jpg,glass,glass,glass,glass,0.002261215773369068,0.0015882796616049548,0.0006514906570769729,0.9897393345832823,0.0012818873660311266,0.002146380726051461,0.0006249709410054051,0.0017064959755382955,True
glass50.jpg,glass,glass,glass,glass,0.0020441459840604445,0.0017762398348581726,0.0026341745205668925,0.9856542408466339,0.0010592616086017147,0.0016380800047218873,0.0040984139253850485,0.00109543483215843,True
brown-glass68.jpg,glass,glass,glass,glass,0.0029790180467798993,0.006324036120798815,0.0038499296504657023,0.9769684433937074,0.002072304604734391,0.002959161557769482,0.0026199091528723763,0.0022273129018940373,True
glass93.jpg,glass,glass,glass,glass,0.004376647481713824,0.004251386132091715,0.0029668536969378427,0.972964459657669,0.002256066817832082,0.004756552027538853,0.004625895992142392,0.003802147321403049,True
green-glass242.jpg,glass,glass,glass,glass,0.00422289306299484,0.00590888727665383,0.004228460509621043,0.9649457514286042,0.005873998813378811,0.0042690604935454474,0.005276462145904269,0.005274573268390566,True
glass36.jpg,glass,glass,glass,glass,0.0014784537954255765,0.001686322293244263,0.001495890529120254,0.9833540558815002,0.00165119380166482,0.006779010035340446,0.0005487922421926346,0.0030061899218707996,True
green-glass303.jpg,glass,glass,glass,glass,0.00248559734318399,0.0012345773982815173,0.0038311335723846497,0.9846056640148162,0.0017275979975237897,0.0030093576293437996,0.001204670302105036,0.0019013521960004598,True
white-glass286.jpg,glass,glass,glass,glass,0.0219885318554588,0.016709199163096804,0.010008902838209311,0.820134538412094,0.08997158213751388,0.017104774853754633,0.013624288734399604,0.010458165269517712,True
green-glass428.jpg,glass,glass,glass,glass,0.0022463418778236426,0.0037806927808867836,0.0028232810553190063,0.9804783165454865,0.0015617801807841858,0.0032463166863149137,0.0021158168793812483,0.003747503878552745,True
white-glass65.jpg,glass,glass,glass,glass,0.002660927903635433,0.0011864286033388758,0.001336454252159912,0.9874698102474212,0.002066114642002455,0.0019137096321164022,0.0015836930472326555,0.001782895973886752,True
white-glass410.jpg,glass,glass,glass,glass,0.0032084772829232937,0.008790167349466471,0.0039075813256888,0.9511629283428193,0.006078174324555949,0.008182026075371404,0.0142012279175105,0.004469406084342033,True
white-glass100.jpg,glass,glass,glass,glass,0.0024997191976516508,0.0038824668620962752,0.004388815359487682,0.9730219423770904,0.003772631782241126,0.0037441634118690332,0.004530234349658669,0.004160080338138117,True
green-glass489.jpg,glass,glass,glass,glass,0.0018342232350985544,0.002212856413329593,0.0017426142935023277,0.9856623888015748,0.001540612964901733,0.0030361286365175894,0.001364282111908308,0.00260690606781261,True
brown-glass234.jpg,glass,glass,glass,glass,0.004234622838384292,0.003116838030401666,0.004940540809185027,0.9741079688072203,0.0039465906403976705,0.0053741545882076015,0.0021705224179237805,0.0021088225330816463,True
glass197.jpg,glass,glass,glass,glass,0.0020901667051327296,0.0014251937391848329,0.0019144583571883025,0.9834905445575713,0.00419893300422698,0.0012162952818333937,0.001843856716914121,0.0038205782418884613,True
brown-glass270.jpg,glass,glass,glass,glass,0.002048744946485494,0.0032832602464748692,0.0013172366521399018,0.9807212829589844,0.005933043207915,0.0027056608647970395,0.0009237018869725822,0.003067057661738896,True
white-glass148.jpg,glass,glass,glass,glass,0.0019613098709306046,0.0024982959308473642,0.002950729949981477,0.9834902703762054,0.0034772141478924463,0.0020481120499036935,0.00019326241235824985,0.003380816478771907,True
glass56.jpg,glass,glass,glass,glass,0.002297907415777492,0.0020569139160216267,0.0012369567644854508,0.9830932796001435,0.000991986225863966,0.003718024445697687,0.002486945600493736,0.004117949306964952,True
white-glass761.jpg,glass,plastic,glass,glass,0.008039401784844774,0.0065237841244197405,0.0078895469730923,0.570114742219448,0.004032799681772295,0.005396165150887054,0.3957730084657669,0.0022305379199678197,True
glass96.jpg,glass,glass,glass,glass,0.0010594694760599735,0.004062335472618371,0.0019061212079964764,0.9635543942451477,0.025109352741856106,0.0012686454114364007,0.002284900221366046,0.0007547848625109264,True
green-glass450.jpg,glass,glass,glass,glass,0.001650932827095493,0.003785849538211123,0.0034266155681377617,0.9780158996582031,0.004163004704534624,0.004377511935762976,0.0023588686430762737,0.0022213450869607307,True
white-glass160.jpg,glass,glass,glass,glass,0.002157277404331167,0.001753354119160404,0.00211032684892414,0.9864217519760132,0.0009466654504696422,0.002042111777700471,0.002306169763668488,0.0022624056553467923,True
green-glass66.jpg,glass,glass,glass,glass,0.001620494411506471,0.0030472722231197685,0.0017362087977670373,0.9875322759151459,0.0007064532767457632,0.0015624040882727481,0.0026537520500823464,0.0011411411644860312,True
green-glass526.jpg,glass,glass,glass,glass,0.003282048413532159,0.006056213380221844,0.006715912744411252,0.962590056657791,0.008050138875858447,0.004899621056434311,0.005111039684263428,0.003295021411057373,True
glass71.jpg,glass,glass,glass,glass,0.0025373408579686153,0.002258616825676538,0.001335230015692002,0.9863203227519988,0.004026740765872866,0.0009708424456644313,0.001108562645839181,0.001442410121723651,True
green-glass86.jpg,glass,glass,glass,glass,0.0034048024564981,0.00263335208874192,0.00326686212792989,0.9761682629585264,0.002937112841755128,0.0048870509490370395,0.004155538383364935,0.00254708861466493,True
glass207.jpg,glass,glass,glass,glass,0.003539284497905289,0.0017706575530318798,0.0013261381723043695,0.9802193999290467,0.006033637361394937,0.0038995281731330953,0.00046149803445131324,0.002749843427325852,True
green-glass587.jpg,glass,glass,glass,glass,0.0014327205908443474,0.001287772597015589,0.0012793391838292396,0.9870452821254729,0.0026148778415744996,0.0034113928436457722,0.001329062849617901,0.0015995338013041567,True
brown-glass271.jpg,glass,glass,glass,glass,0.006883500702679683,0.004150789417327704,0.003067808970809025,0.9651553690433501,0.004173553767140077,0.0077143260277829345,0.0029451298304220427,0.00590947270393368,True
green-glass198.jpg,glass,glass,glass,glass,0.0013451623576074092,0.0010770480068616197,0.000988483285274175,0.9895754694938659,0.00270530340822006,0.0010953511725670117,0.002484282826117068,0.0007288977855987207,True
white-glass635.jpg,glass,glass,glass,glass,0.00592749454081058,0.0025934959529496865,0.007535525597631968,0.9740355372428893,0.0051473212428415635,0.0018839503405628335,0.0017836187966175454,0.001093138265423695,True
brown-glass314.jpg,glass,glass,glass,glass,0.005100628464230355,0.006937980939039726,0.0025811586497117814,0.9705824255943298,0.003850683283878684,0.0060762560626548045,0.0011014711089956091,0.0037695212000267383,True
green-glass52.jpg,glass,glass,glass,glass,0.006826784454071329,0.003021323007351325,0.0025561570763962395,0.9753580391407013,0.0016975357497717542,0.007000444373688417,0.002239907383838607,0.0012998096766007206,True
green-glass404.jpg,glass,glass,glass,glass,0.007386299670906699,0.004341181808740633,0.0026234038371171285,0.971034628152847,0.0021707728337787154,0.0024155307964974465,0.00674015628173946,0.0032879431462951893,True
white-glass413.jpg,glass,glass,glass,glass,0.0008928320220149459,0.0027296677639242098,0.0038345176774668673,0.9716188132762907,0.0012083040071956506,0.005028595257135729,0.01161582330241795,0.0030714344029547,True
brown-glass35.jpg,glass,glass,glass,glass,0.002139133820999024,0.003976519892571703,0.0026709110010431827,0.9831363379955291,0.0019091937317341576,0.0024203063222715234,0.001193347110325881,0.002554265665977975,True
white-glass726.jpg,glass,cardboard,glass,glass,0.0037883637001982096,0.00447010973730352,0.23562496155500406,0.7447730958461761,0.0023151147678219766,0.0008152209419555361,0.00244414731860157,0.005768969049677239,True
green-glass572.jpg,glass,glass,glass,glass,0.001919743361256185,0.0037454617986749645,0.002404534770880404,0.9801724851131439,0.002663706569014155,0.0027726671685829323,0.0012444618189757463,0.005076886062531745,True
white-glass519.jpg,glass,glass,glass,glass,0.0025682373162925895,0.003688587044553927,0.0017639655165890729,0.979990828037262,0.004357870501161169,0.0036936662522960287,0.0030589113685242754,0.0008779927010832743,True
white-glass698.jpg,glass,glass,glass,glass,0.003516024583952955,0.0011988127491883186,0.0009748900076376217,0.9880409479141234,0.000854607497308904,0.0037943815823111055,0.0013386087841380208,0.00028182756946193134,True
white-glass188.jpg,glass,glass,glass,glass,0.003512765068095724,0.0060969387332214285,0.006942406422449172,0.9532479763031004,0.004835405734160136,0.008423709323564989,0.01429759841412302,0.0026433009103461725,True
white-glass20.jpg,glass,glass,glass,glass,0.002650645236315433,0.0031870563274849217,0.0015666827866964883,0.9836452305316924,0.002838549396836211,0.002025130334803267,0.0018823996593709384,0.00220442348248432,True
brown-glass5.jpg,glass,glass,glass,glass,0.004259683316704697,0.002984202157483607,0.002416139538889886,0.9821175754070282,0.0011150907290329427,0.0021089032406920462,0.0017805401052100498,0.003217849777102732,True
green-glass591.jpg,glass,glass,glass,glass,0.002255642577185021,0.0024337544159254167,0.002696840698094352,0.9788118898868559,0.0053026338477271855,0.0030695672160456692,0.002374531856000636,0.0030550771859315503,True
green-glass210.jpg,glass,glass,glass,glass,0.000882770365571287,0.0021063557557332553,0.0006377476791457655,0.9877137959003448,0.002069080970269872,0.002737672440810033,0.002081233193169126,0.001771321217192806,True
brown-glass197.jpg,glass,glass,glass,glass,0.0013734608190146076,0.002506640530191504,0.0015743263299686243,0.981162792444229,0.004249623939320489,0.004019412352463645,0.002721020794779224,0.00239260371308773,True
brown-glass282.jpg,glass,glass,glass,glass,0.007356085733418909,0.0044442510040805325,0.0031960449755038516,0.9567697107791899,0.01690903585986231,0.003803538082647097,0.001869983734968586,0.005651450082223852,True
brown-glass571.jpg,glass,glass,glass,glass,0.003681601031573,0.005755302592217434,0.006127546448378623,0.9722733676433563,0.002764963684683328,0.002759621484985252,0.003561493480631906,0.0030761445170319293,True
brown-glass132.jpg,glass,glass,glass,glass,0.004267909191557719,0.00389032321990715,0.002232316671878074,0.9756259858608245,0.0023282490564177534,0.0036340335850555297,0.004255681368122596,0.0037654504179993847,True
brown-glass516.jpg,glass,glass,glass,glass,0.001808143267407987,0.0041514478919566795,0.0036686482373625125,0.980566394329071,0.001865345682017492,0.004953306168318178,0.0005628724118720968,0.0024238423677203475,True
white-glass317.jpg,glass,glass,glass,glass,0.001405855846822806,0.002031407338394941,0.003130073430168085,0.9847276687622071,0.0016275144135218943,0.0032050543473187013,0.0021662974536795112,0.001706051817716577,True
glass70.jpg,glass,glass,glass,glass,0.0033089064527310015,0.0016886182140435561,0.0011651621318825155,0.9864830434322356,0.002009787832948086,0.0012437526020345456,0.0013767618626911702,0.0027239251183375844,True
green-glass172.jpg,glass,glass,glass,glass,0.00352548219486775,0.0064596785859590816,0.005382077027078219,0.9701518952846526,0.005029018640550429,0.001815697641446276,0.0031604428200807857,0.004475764232642939,True
brown-glass400.jpg,glass,glass,glass,glass,0.00270407837815577,0.0026038283030282126,0.006118398625403659,0.9754721939563751,0.003961623040959353,0.0029523056466276916,0.002837661569269385,0.0033499021568134148,True
brown-glass535.jpg,glass,glass,glass,glass,0.017603707592934288,0.052495662122964776,0.02700496139004824,0.8837556779384612,0.0063271632869145574,0.008308494414086398,0.0022985150921158203,0.0022059061142499395,True
white-glass408.jpg,glass,glass,glass,glass,0.0013784064911363692,0.002518972540463909,0.0029177151155175135,0.9833853602409364,0.0024910981628863747,0.003094225330412657,0.0017941143262305418,0.0024201052668135796,True
brown-glass486.jpg,glass,glass,glass,glass,0.0036321143162032824,0.0032795523451541395,0.002063300996126148,0.9825951039791108,0.0026796978758378575,0.0022024993806976007,0.0023121565940010446,0.0012355473827328975,True
white-glass661.jpg,glass,glass,glass,glass,0.001605115155691753,0.0014556241687386704,0.0020129341864958197,0.9887544572353362,0.0009694943437438043,0.0018918236484751097,0.0018237953541323136,0.0014867832884192399,True
glass420.jpg,glass,glass,glass,glass,0.0016283272998619304,0.003060893714425611,0.0009794116020313442,0.9883993923664094,0.00031667937604686687,0.0007207043003947133,0.0024387321290679953,0.0024558912031778625,True
white-glass585.jpg,glass,glass,glass,glass,0.002358155470232585,0.00623972474979672,0.0014356325037537061,0.9675429940223694,0.003542326019016907,0.012441273079438599,0.00453546075368643,0.0019044960172106126,True
green-glass576.jpg,glass,glass,glass,glass,0.00394467307140017,0.0102210743214527,0.004507697280498365,0.949238896369934,0.007087560697466114,0.00874212095515342,0.009332975902536561,0.006924998407029535,True
brown-glass184.jpg,glass,glass,glass,glass,0.0017646071223580684,0.0018673441605713452,0.003510970207435099,0.9779910802841186,0.003565717286841289,0.004455609070113735,0.004182925188592879,0.0026617457392354342,True
glass415.jpg,glass,glass,glass,glass,0.00223996121050195,0.0015682329431942392,0.0006420387737967075,0.9896699905395507,0.001358262167989582,0.002155957911841068,0.0006271706782484301,0.0017384569640741965,True
brown-glass399.jpg,glass,glass,glass,glass,0.004782230407001315,0.003908944502638618,0.0038000070489942607,0.974568885564804,0.004058368504072116,0.004556430364027599,0.0018693356309490928,0.0024558225879695674,True
glass377.jpg,glass,glass,glass,glass,0.001870981373751945,0.0010421390213159588,0.0035563216462235745,0.9850547611713409,0.002193936973526406,0.001440474100374433,0.0013439030037261,0.0034975280916073083,True
glass118.jpg,glass,glass,glass,glass,0.0020404226380403468,0.0018767804605886148,0.0014944694936279864,0.9836309075355529,0.004735366758938536,0.001941224304027963,0.002315269630935263,0.001965541299432494,True
green-glass463.jpg,glass,glass,glass,glass,0.002336647780800428,0.003958201816313493,0.0027962414548934654,0.9818329870700835,0.0031637346372594723,0.0026769484917355617,0.0011521437320311631,0.0020829881774277045,True
brown-glass89.jpg,glass,glass,glass,glass,0.001966951634176393,0.000658497820514669,0.0008523723908636116,0.9881453514099121,0.001220706670027004,0.003003183306031993,0.0009834369499002798,0.0031695203630135262,True
brown-glass257.jpg,glass,glass,glass,glass,0.0034539504908100566,0.0032478196305807737,0.003138233581560094,0.9797273814678191,0.002226843917745714,0.0027642843779414356,0.0028516271586410155,0.002589898463338557,True
green-glass151.jpg,glass,glass,glass,glass,0.003137991718211543,0.0034972673747712766,0.004591879482555744,0.9558031022548674,0.005867541773561176,0.014629896020955586,0.0058104762155332095,0.0066618480427844,True
white-glass119.jpg,glass,glass,glass,glass,0.002680539348985484,0.001905916515792329,0.0014489913251146856,0.9772483110427854,0.01186857062793928,0.0007281208731300387,0.0016574519489950003,0.0024620930004600294,True
green-glass60.jpg,glass,glass,glass,glass,0.0019393043866916075,0.0018568426139873313,0.0018527680775273607,0.9865099132061004,0.003621548233024548,0.0011976678858225795,0.0011013963014808044,0.0019205577674825047,True
glass441.jpg,glass,glass,glass,glass,0.00263894365634767,0.0029848872683942203,0.0036652031354605856,0.9814323186874387,0.002181535726413133,0.00166303371079265,0.0005865881013128829,0.0048476100899278495,True
white-glass770.jpg,glass,glass,glass,glass,0.005064857519261629,0.002340480453739192,0.0020610353922339325,0.983410906791687,0.0036981676658022506,0.0011209808670897565,0.001419926487960717,0.0008836249588415231,True
white-glass688.jpg,glass,glass,glass,glass,0.0027880464214836208,0.004002101116981475,0.0037489622365754617,0.9771936953067779,0.0037690154743001475,0.002806945750612697,0.002055536397829738,0.0036356549262260346,True
green-glass341.jpg,glass,glass,glass,glass,0.0026645001320727254,0.00408093720606685,0.005373086410472404,0.9701463878154755,0.004631458670781981,0.005458413390531189,0.002707711000581598,0.004937491426249409,True
green-glass173.jpg,glass,glass,glass,glass,0.004117469868805657,0.005426110800866996,0.003438635407877736,0.9331676423549651,0.0059478937707353645,0.004584324429957539,0.040227176435291744,0.003090868891100122,True
glass316.jpg,glass,glass,glass,glass,0.0013608649605896656,0.0023898462299258433,0.0015562107787511882,0.9813858032226563,0.0040501158717696955,0.004153573793074549,0.0026930789495618807,0.0024104729993268716,True
white-glass675.jpg,glass,glass,glass,glass,0.0034788361284954074,0.004149660282619138,0.0066564277746014545,0.9721972525119782,0.003674850988285269,0.0034236916816084506,0.0029622110348477186,0.00345701323926743,True
glass189.jpg,glass,glass,glass,glass,0.001188474580009248,0.0007380413741283524,0.0010988861458238342,0.9916147530078888,0.0012756259834531675,0.0024080730251625844,0.0008893407677532899,0.0007868055225691842,True
white-glass284.jpg,glass,glass,glass,glass,0.0033379719266495057,0.008665235843387674,0.003646131386744736,0.9601975739002228,0.0072383203138606505,0.007268342832022112,0.0025313648237220805,0.00711508180975852,True
green-glass344.jpg,glass,glass,glass,glass,0.004161764588259135,0.0030969477856828513,0.0038371867034632523,0.9751912474632263,0.0012265579826324124,0.004216323280716516,0.0067223985727153076,0.0015475769993282492,True
white-glass614.jpg,glass,plastic,glass,glass,0.0012666921551499385,0.00232937938999377,0.00368458235025168,0.6944880001246929,0.004470997975295122,0.000686743773573511,0.2904732784838416,0.0026003611182204337,True
white-glass429.jpg,glass,glass,glass,glass,0.020074585440404084,0.010335656483525302,0.007444615197812232,0.9157014548778533,0.02908874492859467,0.0081860554199124,0.0030041008280818275,0.006164840731167856,True
white-glass531.jpg,glass,glass,glass,glass,0.003633111436033917,0.003490690095396542,0.0025301346322521524,0.9749645471572874,0.004457783233399356,0.004223513700022028,0.002986839136867062,0.0037134058773518755,True
white-glass264.jpg,glass,glass,glass,glass,0.0020433728105368975,0.0022831944067575735,0.0017079856887981485,0.9786007463932036,0.007560323647203387,0.0024321286325914215,0.001331934440531741,0.004040277302075867,True
white-glass774.jpg,glass,glass,glass,glass,0.0018342925002833243,0.0025743428781325357,0.0022591326627670024,0.9819239020347594,0.003545134010841697,0.004319266929325871,0.0011973673559109626,0.002346532282690291,True
glass213.jpg,glass,glass,glass,glass,0.008784038469215846,0.010408212137448851,0.005505204419640085,0.9532270431518555,0.01000914563192051,0.004871425072508351,0.002269727496614617,0.004925190582342813,True
glass364.jpg,glass,glass,glass,glass,0.0017491021084711257,0.0013097790719637738,0.001691267485157515,0.9869941592216491,0.0012127580930609155,0.002715403098763847,0.001278068167309201,0.003049412337944243,True
white-glass576.jpg,glass,glass,glass,glass,0.0025719207000751646,0.003098268998726871,0.0015038749294336493,0.9794553160667419,0.0018853333258191912,0.00267500539059963,0.0018380243376465663,0.006972222484662877,True
green-glass579.jpg,glass,glass,glass,glass,0.0032646101059881755,0.003083023625491095,0.002174846478749126,0.9765936315059662,0.002641374046294656,0.002563542598484637,0.005918564472827484,0.0037603269346595833,True
glass62.jpg,glass,glass,glass,glass,0.006466949824444291,0.0009746776456732881,0.0025310420427526654,0.9850193977355957,0.0005362929657951095,0.0032684433534026828,0.0008608458398709627,0.0003423011844910531,True
glass256.jpg,glass,glass,glass,glass,0.0019848149969069117,0.002114730446471319,0.0014557343445756855,0.986568284034729,0.0017780467718652127,0.0011898632832311289,0.0018921350616531768,0.0030164610129087862,True
green-glass436.jpg,glass,glass,glass,glass,0.0061089749642110934,0.015930380926965828,0.002235913927150755,0.9615539789199827,0.004071232313134441,0.004319683839894917,0.003422364251186665,0.0023574937798001776,True
white-glass462.jpg,glass,glass,glass,glass,0.0018464735521714314,0.007349835774108872,0.00395174293645402,0.9683036804199219,0.006141692426052671,0.0036323825700709136,0.00549722131108863,0.003276965804543097,True
glass102.jpg,glass,glass,glass,glass,0.0013603588308928089,0.0031247683858259463,0.0013062458924555768,0.9851708829402923,0.004498772254536408,0.0029367635345462933,0.0009036971750901399,0.0006985430259776152,True
brown-glass362.jpg,glass,glass,glass,glass,0.004920417489483934,0.0026181007735657097,0.007074290700256779,0.9709814369678498,0.004710447182879295,0.00595079110935362,0.0019830984761938,0.0017613946460187,True
white-glass99.jpg,glass,glass,glass,glass,0.00032192614465997084,0.00029148702750298865,0.00022133124763000037,0.9983035445213316,0.00017690103904896172,0.0004953344551843202,4.246957769282744e-05,0.00014701571236983872,True
white-glass14.jpg,glass,glass,glass,glass,0.003628056729254024,0.006794612578554977,0.004751670052300828,0.9642256140708922,0.009439208327335838,0.00465027090980106,0.0006685354463357097,0.005842078894466755,True
white-glass552.jpg,glass,glass,glass,glass,0.0010425524163561637,0.0015329893632738691,0.0012353078851219043,0.9916574835777282,0.001363079635079745,0.0010805462382953933,0.0011294490839645038,0.0009586366066162418,True
white-glass602.jpg,glass,glass,glass,glass,0.00354417807637008,0.004453210381279833,0.0017046406609759269,0.9757144808769227,0.004638960880311026,0.002179766609310697,0.004901556577897275,0.0028633140731926625,True
green-glass557.jpg,glass,paper,glass,glass,0.004468591023349643,0.00186857060762117,0.00229506245777881,0.7804630994796753,0.0007905520343228832,0.2065915544517338,0.00125893415533931,0.0022637250054117395,True
white-glass746.jpg,glass,glass,glass,glass,0.004161797836422869,0.004126272769646475,0.0060025259852408905,0.9620627164840698,0.006273013260215523,0.011291688680648934,0.0034565581940114404,0.0026254086988112897,True
white-glass683.jpg,glass,plastic,glass,glass,0.0012421527866092671,0.0008389224525444525,0.0010886113071933215,0.6954382579773664,0.00028850779720524655,0.00032672716824887763,0.2186358916107565,0.08214081097394224,True
green-glass473.jpg,glass,glass,glass,glass,0.0021686826012228,0.004107469338745234,0.0037552550318863736,0.9791690289974213,0.0026451446432875915,0.004217354716127327,0.001588580171342308,0.0023485462426108706,True
brown-glass570.jpg,glass,glass,glass,glass,0.0029582821764198857,0.00435820161093268,0.0023689865600333864,0.9791531026363371,0.0023309726055280784,0.004109662026174788,0.002157178153243662,0.002563563594626541,True
white-glass249.jpg,glass,glass,glass,glass,0.002982967676202395,0.006446609989170705,0.0019914899022732044,0.9272173047065734,0.00472958319345632,0.011546692092843888,0.03982723786903075,0.0052582012114015825,True
brown-glass421.jpg,glass,glass,glass,glass,0.07085579120830512,0.010572284180670959,0.01576574443952262,0.861520880460739,0.003503555526515308,0.0017704846806381076,0.00847551041515537,0.02753582191653541,True
brown-glass290.jpg,glass,glass,glass,glass,0.002447418291552195,0.0026946911152339044,0.004427584667867489,0.9797545790672302,0.001883792085789889,0.004682601530385323,0.001801236669416504,0.0023081891006067664,True
green-glass345.jpg,glass,glass,glass,glass,0.001609037630259998,0.002127925748993576,0.00351911960169672,0.9824503660202026,0.0023067573085493987,0.00458768792450423,0.0015699207984424123,0.0018292610999196112,True
brown-glass190.jpg,glass,glass,glass,glass,0.00387568781152364,0.006311991252005299,0.005044801346957679,0.955081081390381,0.006986265070736349,0.011197275482118109,0.003081758553221597,0.00842118766158817,True
brown-glass563.jpg,glass,glass,glass,glass,0.00248582762412041,0.005438575347670793,0.0020525133064375955,0.9838890254497528,0.0005984207991708478,0.0015761163813399156,0.0025921261847542906,0.0013673687445759915,True
green-glass1.jpg,glass,biological,glass,glass,0.0035787969453552233,0.23999719880521292,0.006533317519077208,0.7440657019615173,0.0018242858250175464,0.0019236142810636634,0.0007861796329961742,0.0012909250578781559,True
brown-glass47.jpg,glass,biological,biological,biological,0.017084796911512927,0.5313814878463745,0.01375734220200675,0.21125068813562387,0.0463400332257151,0.022529197681797064,0.04555311519652601,0.11210329905152314,False
green-glass444.jpg,glass,glass,glass,glass,0.00270504811778663,0.003146163281086138,0.00563758965581651,0.9744214355945586,0.0044088239315896996,0.00467729088850317,0.0020823683589696407,0.00292134503833949,True
white-glass503.jpg,glass,glass,glass,glass,0.0028162836098646303,0.002538450324261423,0.000874824286443664,0.9846573531627656,0.002526763830383059,0.0034216949143526442,0.0006084920514183031,0.002556186461833888,True
green-glass328.jpg,glass,glass,glass,glass,0.003945209179074401,0.007833017597643275,0.0035127183424749214,0.9667186141014099,0.0034828236395344513,0.006645269431517715,0.0029498413695206193,0.004912465951368631,True
green-glass217.jpg,glass,glass,glass,glass,0.0059643839128679585,0.004062558470380789,0.004240689725623955,0.9739906370639801,0.0016225248837712658,0.004560158243916886,0.0033903977531736015,0.0021686802502587895,True
white-glass327.jpg,glass,glass,glass,glass,0.006793662204859148,0.0047458601379243535,0.0025979651221405206,0.9580252945423126,0.009387830451305429,0.011824909911692253,0.0015499584640110578,0.005074462378118451,True
white-glass202.jpg,glass,glass,glass,glass,0.0020924060605518697,0.002804015995934778,0.002318544290028485,0.9817863821983337,0.007504740357416506,0.0005687008728274605,0.0003273637164285054,0.002597887325100553,True
green-glass414.jpg,glass,glass,glass,glass,0.003286310450778789,0.002672690997009867,0.008064905749481129,0.9736412525177001,0.0033139856069385625,0.003299065307544436,0.002382884609973063,0.0033389077545848004,True
green-glass202.jpg,glass,glass,glass,glass,0.0035856189687125963,0.003266917215661984,0.004150518868874166,0.9744444847106932,0.00492395020555699,0.0032559531293761134,0.0014366827242554,0.004935883451258133,True
green-glass480.jpg,glass,glass,glass,glass,0.002765047170511992,0.005799456530967848,0.005679022149189589,0.9584282457828521,0.0073880006940625475,0.011394595177595146,0.0019742858642030916,0.006571363235267421,True
brown-glass520.jpg,glass,glass,glass,glass,0.0011210744553467043,0.002647474530726826,0.0007843662606077195,0.977169531583786,0.00125994276111796,0.002985204096906611,0.0009119393066733929,0.013120638774125809,True
glass319.jpg,glass,glass,glass,glass,0.006717745307843645,0.0018378137145210435,0.0021187963732535154,0.9794771254062651,0.0018208920040481563,0.003950618533749245,0.0022904390813804553,0.0017866326496062887,True
glass59.jpg,glass,glass,glass,glass,0.0034268280957051615,0.002834123885430758,0.0034030429095872022,0.9797833204269408,0.0017900662907265389,0.0021408417035692134,0.004864035356141699,0.0017576802992796687,True
brown-glass454.jpg,glass,glass,glass,glass,0.005167486016148305,0.003282961119839431,0.0054861103650181795,0.966598206758499,0.01136250172276046,0.003397641854098725,0.003356518982400256,0.001348677658332027,True
white-glass291.jpg,glass,glass,glass,glass,0.007297253552112683,0.0118136450031608,0.006860801482529452,0.7893074929714203,0.004039238195053921,0.011954141108652606,0.1554489366710185,0.013278425191811017,True
glass68.jpg,glass,glass,glass,glass,0.001651510759262399,0.0016141545958816609,0.0018807102818504534,0.9864538371562959,0.0014430901407067763,0.005096292402938387,0.0011780996539168787,0.0006822608062066095,True
brown-glass13.jpg,glass,glass,glass,glass,0.00236974149011075,0.0027380104642502315,0.00418717828579246,0.9668137848377227,0.008295991830527755,0.00523031856864685,0.00368632194588455,0.00667867017909882,True
glass82.jpg,glass,glass,glass,glass,0.002388216415424305,0.0013746742159232845,0.0010507040075460473,0.9912578105926513,0.00044416097911055357,0.000727076467602689,0.001817956937117016,0.0009394587366889018,True
white-glass762.jpg,glass,glass,glass,glass,0.002359872641470524,0.0037567276513317946,0.002236166042931229,0.979755026102066,0.0039186618269204275,0.0028913735616784863,0.0016028118583221276,0.0034793603457862793,True
brown-glass595.jpg,glass,glass,glass,glass,0.0031602709554136034,0.003288061451168455,0.004505352955311532,0.9738870859146118,0.0035529405344324394,0.004837483726441815,0.0032127899284213617,0.00355615257285533,True
white-glass282.jpg,glass,glass,glass,glass,0.0026687386213050533,0.0025393411287352105,0.0034344869200215685,0.9794085264205932,0.005157134723353312,0.002554749883831378,0.0022477392097243333,0.0019892066953251936,True
glass255.jpg,glass,glass,glass,glass,0.0014282739256345532,0.00202642432436652,0.001902099955052854,0.9870705664157866,0.003818829859729009,0.0008379258666520611,0.0014063864504493002,0.0015095500058434333,True
green-glass358.jpg,glass,glass,glass,glass,0.00156648529227858,0.003628820136840226,0.0033429588192181057,0.9772785604000092,0.004025300871580807,0.004503823537413365,0.0014479355289503315,0.004206128139096962,True
brown-glass318.jpg,glass,glass,glass,glass,0.0031167236157705527,0.005969806979184925,0.0029603647533805763,0.9707021892070768,0.005110833933655141,0.0024986811680750083,0.006248964570992564,0.0033923888113516153,True
green-glass476.jpg,glass,glass,glass,glass,0.0023181788856163057,0.003198711434391154,0.004201151663437619,0.9772492706775664,0.0037861370015890242,0.0039858883712535695,0.0027365286483635597,0.0025241453899070686,True
white-glass706.jpg,glass,glass,glass,glass,0.001154272727513567,0.0027970690404344944,0.0011005772426593053,0.9854002654552461,0.004069886197385109,0.0020924450395958458,0.0006288916496487116,0.0027566404693061,True
white-glass571.jpg,glass,glass,glass,glass,0.00231653489172455,0.0020657222485170232,0.0022947327001020096,0.9857437908649445,0.0027387311682104563,0.0021508124191314077,0.0016890012193470597,0.00100055029615758,True
brown-glass390.jpg,glass,glass,glass,glass,0.004193422339832857,0.003818548957559871,0.004475066689283789,0.9504982233047484,0.003425497022789142,0.01155980823461192,0.0161859321320662,0.005843567306096265,True
green-glass112.jpg,glass,glass,glass,glass,0.002260552393293381,0.0014321356080472204,0.007299894840841216,0.9817384004592895,0.0019606184966236943,0.00291134776117631,0.0011389987433975352,0.0012580555281655166,True
green-glass433.jpg,glass,glass,glass,glass,0.0034312383739591263,0.0032002597582143546,0.0030153820760600086,0.9705720484256743,0.004980191915520531,0.009724414721139786,0.0023543761155356228,0.0027221711162381465,True
white-glass540.jpg,glass,glass,glass,glass,0.0032650250012022292,0.004277796298456214,0.004896325571578475,0.9684561371803282,0.0051293623174981685,0.0035341063980366787,0.0071422707647557935,0.00329890428123648,True
brown-glass193.jpg,glass,glass,glass,glass,0.000983761250978314,0.0016618887663119124,0.0013014535608677406,0.9892852187156678,0.0020198802861812856,0.0018657713052597931,0.002414997484359173,0.0004670929396525759,True
brown-glass295.jpg,glass,glass,glass,glass,0.000891459853426103,0.0007490866926153291,0.0029352242046865084,0.9865154027938843,0.0009894427955771323,0.004407911937892044,0.00045059808669516046,0.003060967171666005,True
green-glass97.jpg,glass,metal,glass,glass,0.0035642819761960024,0.002891125247288072,0.0037620798037095947,0.6950343005359172,0.27558409939520057,0.0012526679025540335,0.00686434231174639,0.011047152895480339,True
brown-glass279.jpg,glass,cardboard,glass,glass,0.002931941727786122,0.0052798704709857295,0.22093789600767194,0.758741495013237,0.003890405307902234,0.00590321984491304,0.00083185094263169,0.0014833026390987999,True
green-glass169.jpg,glass,glass,glass,glass,0.0033905282150953507,0.0021085450398615913,0.005555390287190744,0.9794368624687195,0.001730796671473346,0.0032553722616299463,0.0013404287165316284,0.00318212350868728,True
white-glass323.jpg,glass,glass,glass,glass,0.00247768410481508,0.002126399753615334,0.0021612670272607637,0.9814740002155304,0.0012121592192228397,0.003141199192033006,0.004886749526353796,0.002520531765185378,True
glass339.jpg,glass,glass,glass,glass,0.00315599113772506,0.0034747726831785212,0.003798066040547818,0.9641163229942321,0.017432105145417088,0.0017614795332604966,0.0021406083029205385,0.004120621118997356,True
green-glass620.jpg,glass,glass,glass,glass,0.0045663702767342156,0.003586900001409004,0.00442668409086757,0.9725483536720276,0.00343641499057409,0.005044367490336229,0.0030521132051944118,0.0033387287985542917,True
brown-glass406.jpg,glass,glass,glass,glass,0.00186727292646929,0.0040129814322828975,0.009941582892354762,0.9650531470775603,0.00668606236822757,0.007625220926318876,0.001998804118794392,0.002814911369850243,True
white-glass186.jpg,glass,glass,glass,glass,0.0015103946902956758,0.0029846688792221875,0.005462629747945397,0.9706243693828582,0.009745493053924229,0.0021807106196515165,0.004794571835191129,0.0026972023503085067,True
white-glass265.jpg,glass,glass,glass,glass,0.000643379038595212,0.0019528901650601362,0.0013548154989233294,0.9835057556629181,0.0019156984489018347,0.005297172292862775,0.004890170147086749,0.00044013983663234357,True
white-glass336.jpg,glass,glass,glass,glass,0.0021990296358125995,0.0005756981292506465,0.0022509465903567333,0.9264748156070709,0.02554646302014582,0.0031767513370140597,0.02712415220448741,0.01265213342849158,True
brown-glass585.jpg,glass,glass,glass,glass,0.0056690678931778805,0.004664402360788276,0.006289174500853254,0.9657573938369752,0.003372192475968543,0.006921579688787446,0.0027332191372504695,0.004592899745335746,True
brown-glass345.jpg,glass,glass,glass,glass,0.003119355904163901,0.002538673708477286,0.015491436264346684,0.9648782014846801,0.00253653994004701,0.00292752056848255,0.00229637521551915,0.006211920228815861,True
brown-glass287.jpg,glass,glass,glass,glass,0.005181407183415049,0.004304879608572841,0.002215458033606549,0.9697525024414061,0.004577813856570343,0.005631849449128412,0.0044873918479424665,0.003848637454261694,True
glass387.jpg,glass,glass,glass,glass,0.006120933312924284,0.0034657937008887945,0.002651887480169481,0.9764373779296875,0.0038968975655734144,0.0028110140934586585,0.0026095940959047492,0.0020065345568582344,True
glass279.jpg,glass,glass,glass,glass,0.007457662846956966,0.007466173158183215,0.004860772141030258,0.9545418441295623,0.007527907593430427,0.0043457577636819905,0.009984583507252821,0.003815325866166535,True
white-glass717.jpg,glass,glass,glass,glass,0.0023274287286163004,0.0034060274327830584,0.0031930563062813,0.976651132106781,0.0034472826729881278,0.004924505085917928,0.004009689318676315,0.002040827435675851,True
brown-glass176.jpg,glass,glass,glass,glass,0.002114946613255565,0.0034251327556631514,0.0016842482438846032,0.9809697926044463,0.0032562236018065347,0.0038782164392614183,0.0018726670821933961,0.0027986445410866944,True
brown-glass294.jpg,glass,glass,glass,glass,0.0023199383856516483,0.0012774173987797344,0.0011120607122775334,0.9841915726661681,0.006320619925762062,0.0018582113423274663,0.0005889087506360423,0.002331299381828441,True
brown-glass568.jpg,glass,glass,glass,glass,0.0017885372508916458,0.005421334784662428,0.0029736053664242337,0.9635704278945922,0.01585493069190936,0.006369877699779836,0.0014216928080255946,0.002599468734127041,True
green-glass269.jpg,glass,glass,glass,glass,0.0022801639516319048,0.0029213245936090065,0.002318875957285087,0.9788362622261046,0.0020725717074363357,0.0031590199098231212,0.00581553981790244,0.002596263866880699,True
white-glass562.jpg,glass,glass,glass,glass,0.0037660655886688167,0.0026924363851836826,0.002570183413806731,0.9813563406467436,0.0010198041726048636,0.0012905088904277,0.0018646652300635528,0.005440045759700543,True
green-glass392.jpg,glass,glass,glass,glass,0.0022458480438217287,0.004894200945273665,0.0025585152441635678,0.9742072701454163,0.004819040093573634,0.005575324874372196,0.0023295069113374073,0.0033704078290614655,True
glass406.jpg,glass,glass,glass,glass,0.016201077215375573,0.007774590048946464,0.005643324647359873,0.7626173436641692,0.18249155645038478,0.007149489037803587,0.013339565087107938,0.00478310561738975,True
green-glass77.jpg,glass,glass,glass,glass,0.002221377030946348,0.005628303632647441,0.0026168852578861454,0.9744805574417115,0.0025237372843549214,0.0059256952256131635,0.0037354892125107115,0.0028679572046942476,True
glass317.jpg,glass,glass,glass,glass,0.005492455332788952,0.003670809371429536,0.0015197708973137616,0.9778918087482453,0.004332753318109418,0.0017051306786067632,0.002476842027170057,0.002910390729113687,True
glass24.jpg,glass,glass,glass,glass,0.006926291917164604,0.004952903990842965,0.006277771051852333,0.9583268463611602,0.01337230909557542,0.0027993931073891283,0.002616628161098264,0.004727931170721447,True
green-glass260.jpg,glass,glass,glass,glass,0.0038854709588316072,0.009931042419179152,0.007043530414875105,0.950565618276596,0.007594530765914326,0.00720241894491332,0.009637817277734892,0.004139687227074657,True
white-glass592.jpg,glass,glass,glass,glass,0.0012841471480774676,0.0038203353993624925,0.002509382530115568,0.9834561467170715,0.002265738139099515,0.004778120340844177,0.001038009392976079,0.0008481626398865823,True
brown-glass303.jpg,glass,glass,glass,glass,0.00113844132302308,0.004514522291781729,0.002055159594692542,0.961303287744522,0.02632563056540671,0.0013910527113133995,0.0024853521496424323,0.0007866729982197915,True
brown-glass17.jpg,glass,glass,glass,glass,0.0038370348047465,0.0037307448219623374,0.00454980027861891,0.9728467166423795,0.005590333510190239,0.0034943079575896095,0.002991691744088853,0.0029593229759484296,True
green-glass617.jpg,glass,glass,glass,glass,0.002909329704821548,0.00471892459754592,0.0017552013330472676,0.9796799898147582,0.0008977656448450817,0.0014452835936343326,0.005970653975964464,0.0026228280122005247,True
white-glass341.jpg,glass,glass,glass,glass,0.0020318905738181494,0.0032844788709652938,0.002437568670581302,0.9833757996559143,0.0017986558862454795,0.0022993711262799133,0.00247546647879058,0.002296728205777726,True
glass258.jpg,glass,glass,glass,glass,0.007686397526941504,0.006934403070443749,0.0034230139095296555,0.9656897187232971,0.005393199633620598,0.004230549812048588,0.003928258614942727,0.002714429043545396,True
brown-glass487.jpg,glass,glass,glass,glass,0.004506177967414207,0.0029386787675979454,0.0034475974738597728,0.9765555381774902,0.004989989707246396,0.0030220118351285065,0.0017522059148178215,0.0027878456283380684,True
glass182.jpg,glass,glass,glass,glass,0.003878218100619261,0.004164174571292269,0.0016317083767457084,0.9737257719039918,0.0036582560054284766,0.002181941013521713,0.005237658446958438,0.005522309941024208,True
white-glass659.jpg,glass,glass,glass,glass,0.0023361663546623075,0.00219324634741043,0.0013095995230741847,0.9836367726325989,0.0013047347650455988,0.00437389953297038,0.002608025707195319,0.0022375185624582254,True
brown-glass322.jpg,glass,glass,glass,glass,0.0036472585518808943,0.004023151475145373,0.004950099737523802,0.9753468573093413,0.002900131372932006,0.006327190903419419,0.0013392528923416892,0.001466003983438975,True
brown-glass138.jpg,glass,glass,glass,glass,0.0051833535078913825,0.0027446832507848624,0.0025555426255171178,0.9746243774890899,0.0032537072654076557,0.0035688273143024184,0.0012869882397469848,0.006782497838139522,True
brown-glass383.jpg,glass,glass,glass,glass,0.006527206301701473,0.002797776092542616,0.002834754949461912,0.9739661097526551,0.005440308433290218,0.003762037912386133,0.001459529041368858,0.0032122027128943732,True
white-glass304.jpg,glass,glass,glass,glass,0.005234905882317629,0.009334625684222995,0.011281404039540588,0.8279491305351258,0.10790339244722416,0.027161625404542266,0.005746169202370712,0.005388789791720214,True
white-glass159.jpg,glass,glass,glass,glass,0.005523221246353311,0.004347186957228648,0.0016695677429568263,0.9565853595733643,0.013932354305870809,0.00787343294212323,0.004720752116645587,0.005348166895501605,True
brown-glass37.jpg,glass,glass,glass,glass,0.0032721763011304265,0.003337618245526626,0.004718557465821865,0.976291972398758,0.0030762654263530764,0.0037009883206382196,0.002605863484633312,0.002996600093320045,True
brown-glass187.jpg,glass,glass,glass,glass,0.0018140521598994026,0.0004223194904626717,0.0005757378422160194,0.9936953246593474,0.0012722847591678445,0.0010954483650672437,0.00040874514877525006,0.0007160623441449964,True
brown-glass261.jpg,glass,glass,glass,glass,0.014012928899841827,0.003543036151708843,0.0030102507038534828,0.9208053290843963,0.03241040491967814,0.004722403295116331,0.018029824599630442,0.0034658703140510796,True
glass92.jpg,glass,glass,glass,glass,0.004376090085133938,0.003769354475662142,0.0035770464688538997,0.97302570939064,0.0070543515496223124,0.0033700851257889917,0.0018994598195328687,0.002927833003923241,True
green-glass324.jpg,glass,glass,glass,glass,0.004972509620711149,0.004972322518006181,0.0036456848029046895,0.9757568299770354,0.0033560136333107295,0.00302380886860185,0.002002163068411813,0.002270750142633913,True
glass429.jpg,glass,glass,glass,glass,0.0021382667590424593,0.001654394553042912,0.0023123294838669453,0.9761504888534545,0.005055636442417775,0.006505926791593228,0.0014412172897601656,0.004741828283294984,True
glass90.jpg,glass,glass,glass,glass,0.001303576167148867,0.0018345364848555228,0.0007915497945364988,0.9895785391330718,0.0008819969206363713,0.0027183923260842534,0.0009979440544611183,0.0018933837269719965,True
white-glass187.jpg,glass,glass,glass,glass,0.002569171731419696,0.004836585702797861,0.0019544603242255027,0.9636016249656676,0.01726815235522991,0.005327760631362325,0.001273366140730975,0.0031688597535946606,True
brown-glass108.jpg,glass,glass,glass,glass,0.002184974487479204,0.004197552466939659,0.00152692652773103,0.9843633592128753,0.0022745908168660166,0.0015927491847491397,0.001772728365011731,0.0020870017047855054,True
green-glass567.jpg,glass,glass,glass,glass,0.0027622663726933716,0.0030839548921453544,0.0017545922918402977,0.9804515838623046,0.0038076457938655216,0.0035914279532722267,0.002241823220739961,0.002306682663371594,True
white-glass257.jpg,glass,glass,glass,glass,0.004592875061643974,0.006900872840196759,0.01477852584794161,0.8295764386653901,0.0017059032727956738,0.00229086126419129,0.13790662740357218,0.0022479161998489303,True
white-glass17.jpg,glass,glass,glass,glass,0.0023546342505242545,0.0025260718328677344,0.0019386386967966136,0.9803143858909606,0.004193188110342434,0.002656731799410623,0.0036023909394458094,0.0024139185904708737,True
white-glass278.jpg,glass,glass,glass,glass,0.00037650865124295996,0.0019888682221789566,0.0022056828325730613,0.9834903717041015,0.00301567502901885,0.005320105162354575,0.000684696601456321,0.00291811230126767,True
brown-glass75.jpg,glass,glass,glass,glass,0.0022906314349579585,0.003443561075390834,0.003702044440486329,0.9713309526443481,0.004380481787105693,0.007749417237964748,0.0028046190322613416,0.004298347281487368,True
white-glass110.jpg,glass,glass,glass,glass,0.001305574699860117,0.0003307014893328738,0.0003837111240012454,0.9954338371753693,0.0001625266715080499,0.000661010804078852,0.0013003703724279612,0.0004222824974930992,True
green-glass538.jpg,glass,glass,glass,glass,0.0018907282256713758,0.0025823346149720884,0.0013744774978681365,0.979559713602066,0.0023576538873401865,0.006533850762127855,0.003127792468846355,0.002573511196797521,True
white-glass638.jpg,glass,glass,glass,glass,0.00126531127752961,0.0017078586533898097,0.00353076700994278,0.9869410634040832,0.00099410078546495,0.0014984024586737492,0.0035929054254665296,0.00046953072560421025,True
white-glass767.jpg,glass,glass,glass,glass,0.002872772300509004,0.003321805051473323,0.003497153738899737,0.9775143742561339,0.0030709121118888826,0.003122129188523096,0.0008652970169350572,0.0057355730488779485,True
glass143.jpg,glass,glass,glass,glass,0.0023563308509889826,0.004358589165793654,0.0023422865716795573,0.9830377519130707,0.002000307685840133,0.0013949059554935206,0.0014209693281372518,0.0030888468947635694,True
glass264.jpg,glass,glass,glass,glass,0.0017326643580645024,0.0010178967340786953,0.00063013749604576,0.9565528213977814,0.0006235121727058828,0.0007820474391336887,0.03712583335000088,0.0015350087098681706,True
brown-glass14.jpg,glass,glass,glass,glass,0.0032186994794755498,0.004119124077260558,0.006002590525895319,0.9602384507656099,0.005799814872443622,0.00789647866040467,0.005173782259232488,0.00755099253728981,True
brown-glass360.jpg,glass,glass,glass,glass,0.011703408509492818,0.0026899452099313987,0.003945644286572712,0.9600902676582335,0.00767332413233812,0.006657000398088488,0.0025105721433646795,0.004729887946746193,True
green-glass182.jpg,glass,glass,glass,glass,0.0016706633614691666,0.002247760178058774,0.004769384212009975,0.97818164229393,0.003764167428035932,0.00238970069269997,0.004622716582383621,0.0023538806243008237,True
white-glass769.jpg,glass,glass,glass,glass,0.0022063781944576177,0.0015699397284989834,0.0013909925744900354,0.9869964838027954,0.0023720910437404373,0.0025613243970537334,0.001446063689172614,0.0014567549350260915,True
green-glass245.jpg,glass,glass,glass,glass,0.0022317375988977974,0.002916838331350566,0.0048095669675427615,0.9747757077217103,0.0039018623068903936,0.006404209423245697,0.001963080318368037,0.0029970473293532943,True
green-glass186.jpg,glass,biological,glass,glass,0.013560823491070538,0.428812688589096,0.012903201615517838,0.48339604530483476,0.012693450398342047,0.005343282081355447,0.034808632048952855,0.008481878188692319,True
white-glass216.jpg,glass,glass,glass,glass,0.003177911763262615,0.008040729448989384,0.0057155306962815774,0.9619363963603973,0.00997689229898238,0.008249926562784114,0.0007792292947810701,0.002123449479569227,True
brown-glass372.jpg,glass,glass,glass,glass,0.006352074259218384,0.006500620115832464,0.00529372845830567,0.9594302713871001,0.0036367808003096706,0.006064062565622828,0.0027794760872997797,0.00994292787973971,True
green-glass283.jpg,glass,glass,glass,glass,0.0008136082909023674,0.0017083096365285455,0.004928824419037217,0.9767590999603271,0.010820134453547292,0.0015087078830196598,0.00039153583859680646,0.003069777134969869,True
white-glass77.jpg,glass,glass,glass,glass,0.002806146475004883,0.00649580930759577,0.0016373087628380198,0.9575730085372924,0.01109451355878262,0.015732826032945003,0.00115048797015326,0.00350993861721913,True
green-glass326.jpg,glass,glass,glass,glass,0.0012609000435586492,0.002099525956753851,0.0010024829302146877,0.9897700428962708,0.001263160926911465,0.0012121794320142047,0.001039555275674879,0.0023521239678690542,True
white-glass766.jpg,glass,glass,glass,glass,0.0028562381863594132,0.005721122864802698,0.0025454786839235626,0.977154016494751,0.004574352135496631,0.003409036062886559,0.0007573079154095021,0.002982468297735891,True
metal250.jpg,metal,metal,metal,metal,0.0015810705314730966,0.000692106110870639,0.0016953267059846497,0.000348619452211048,0.9847977757453917,0.0020684501942468936,0.0068180400412529,0.0019986057943828634,True
metal87.jpg,metal,metal,metal,metal,0.00154618660453705,0.0017778151901438693,0.0008450019406154199,0.0006709151784889478,0.9907866299152375,0.0019119750009851594,0.000809618260246669,0.0016517881536855998,True
metal176.jpg,metal,metal,metal,metal,0.0012907981781663603,0.0010650989413695815,0.0008235817005526598,0.0025613160676753017,0.9913351953029632,0.00022846764028277235,0.0024523740786098224,0.00024318020319929546,True
metal605.jpg,metal,metal,metal,metal,0.00317956825019785,0.00153362060664213,0.0017241877698552111,0.00134482626453967,0.9878401279449462,0.0005768205788626335,0.00286890201969068,0.0009319675940786499,True
metal153.jpg,metal,metal,metal,metal,0.0004652467174477226,0.0003003487782658118,0.000247640524614855,0.00017744181375521298,0.9982146680355071,0.00013991180572287836,0.00012817031462083323,0.000326490841002315,True
metal170.jpg,metal,metal,metal,metal,0.003169574906507167,0.00495695202000816,0.0057130694204033435,0.0017454020668082506,0.9705750346183777,0.006899674981832429,0.004343696691830631,0.0025966618686631055,True
metal116.jpg,metal,metal,metal,metal,0.036266819659067515,0.0037829374477951197,0.006945226743482628,0.01930808033794158,0.9151600003242493,0.005561328821204289,0.00996201275847845,0.003013579257043556,True
metal14.jpg,metal,metal,metal,metal,0.0006315272488270435,0.0020396342405803528,0.00042134091229398875,0.0032551726792007098,0.9912808775901794,0.0007509299231514755,0.0012812216067231517,0.00033928668876592494,True
metal407.jpg,metal,metal,metal,metal,0.0006538982864647772,0.0011365800748323572,0.00020012088065239435,0.0004447355056129017,0.9957487165927887,0.0006178289968445924,0.00077960183480167,0.00041854322403763453,True
metal508.jpg,metal,metal,metal,metal,0.0008708856970769999,0.0027640420738861957,0.004089886432740237,0.0007034986023426888,0.9502853810787202,0.02896159144584085,0.009291070826020573,0.00303356301155865,True
metal179.jpg,metal,metal,metal,metal,0.0005361107679618379,0.001365723609973169,0.0007870557837222475,0.0024198914645239197,0.9905112147331236,0.0014439989959441739,0.0007755039187030999,0.0021604157790306704,True
metal312.jpg,metal,metal,metal,metal,0.006519661170722733,0.004165574116218081,0.004165265431345741,0.002125320398363323,0.9756540060043333,0.0028655941632208535,0.0019951414999442064,0.002509393619200545,True
metal560.jpg,metal,metal,metal,metal,0.0007526438356005847,0.002987882871342995,0.0013006513085945075,0.0006732330645463208,0.9885381639003752,0.0033966061558245095,0.0013742843700691786,0.0009764837807066916,True
metal61.jpg,metal,metal,metal,metal,0.009252277662426365,0.005695059639492636,0.007209961177704775,0.03090380472131071,0.9399873971939087,0.003720781067750067,0.0011347596344421036,0.0020959859550647884,True
metal673.jpg,metal,metal,metal,metal,0.006265278099550596,0.005496973183120002,0.0005980187579893257,0.0024688943047515006,0.9665269255638123,0.007650811278294594,0.0028611930220562728,0.008131936103291014,True
metal504.jpg,metal,metal,metal,metal,0.014414510577216759,0.011302181155465845,0.008055778202939954,0.03255965405350019,0.9180382907390594,0.0055804358024033295,0.007422383120865499,0.002626731060544622,True
metal35.jpg,metal,glass,metal,metal,0.00041961703670948534,0.00020393424500750258,0.0002866974163161698,0.2526796708698384,0.7445761814713476,0.0007136901079092826,0.0006926731439306899,0.0004275487508152399,True
metal578.jpg,metal,metal,metal,metal,0.00120062898786265,0.0003528766415259676,0.00029201685986534156,0.00013468718630647305,0.9969331741333007,0.0002495531839977355,0.0007032650212275574,0.00013388628686483104,True
metal120.jpg,metal,metal,metal,metal,0.0010259233367633884,0.0019501139647455717,0.002072274907135311,0.0036901426559779104,0.9865155100822449,0.0008656218148816154,0.00284807940633981,0.0010321805167582436,True
metal248.jpg,metal,metal,metal,metal,0.0039451942460871125,0.0034758780209304604,0.0045839741855632265,0.0033537651645019397,0.9765617787837981,0.004055968494776599,0.0015209589209266505,0.002502444744399419,True
metal266.jpg,metal,metal,metal,metal,0.005592313274515681,0.011296618325343063,0.007945466568369832,0.009215404081623938,0.9442566096782685,0.004031887796793334,0.009610950088244809,0.008050785891577952,True
metal259.jpg,metal,metal,metal,metal,0.012062243137514814,0.007226696563566313,0.01860618892351338,0.11269813690742006,0.6796509861946105,0.12318160906434059,0.039014803087411565,0.007559335352240709,True
metal140.jpg,metal,paper,metal,metal,0.0002811248502670616,0.00023883238950118992,0.0005977550903366619,6.948086440043965e-05,0.6979811638593673,0.2998864680062979,0.0005094500231280028,0.000435772605709362,True
metal523.jpg,metal,metal,metal,metal,0.0014946473721871077,0.0018653614573458533,0.0005068770601896727,0.0042485835001229415,0.9849847137928008,0.0006925062772082964,0.0011738367919406135,0.005033542001183347,True
metal402.jpg,metal,metal,metal,metal,0.0017924967457585335,0.0009597023723721803,0.0023371385745004684,0.0059192380907915915,0.9861600816249847,0.0014428999160812734,0.001119495965519884,0.0002689735033182298,True
metal588.jpg,metal,metal,metal,metal,0.00026975072586019457,0.0005860135029922943,0.0005912194102253954,0.0011009712906942008,0.9963076174259187,0.0002949413960013362,0.0006174928947957224,0.00023201016447120046,True
metal225.jpg,metal,metal,metal,metal,0.0011052805024335483,0.0011161617243608984,0.001469688336521711,0.0008578768330380003,0.9878728628158568,0.004930976341495335,0.0015653776459657537,0.001081689429406635,True
metal200.jpg,metal,metal,metal,metal,0.0001570409703313619,0.0003883374098646924,0.0005383395071650626,0.00038764881341779567,0.9978746354579926,6.509510603345258e-05,0.0003097123812295249,0.0002792377288678,True
metal731.jpg,metal,metal,metal,metal,0.001021237943099213,0.00046648542630972433,0.0007725565228613429,9.886672786823825e-05,0.9886034190654753,0.0024574801110339244,0.005470237900358614,0.001109715843166067,True
metal13.jpg,metal,metal,metal,metal,0.02732870620040685,0.03309514631717291,0.05085710741180207,0.04733737813322702,0.5750103265047073,0.010782999849749486,0.25135259466915155,0.004235708304789809,True
metal182.jpg,metal,metal,metal,metal,0.0014301222192457282,0.0031118815978400083,0.0033169473215820576,0.001663500258444341,0.9786417245864867,0.0053796876338310096,0.004545485378933017,0.0019106610728840151,True
metal483.jpg,metal,metal,metal,metal,0.0041939004702725696,0.0056402092261582165,0.004237386504200886,0.0024047309649176197,0.9758637368679047,0.0028592970609679445,0.0016211188295073764,0.0031796660702638757,True
metal66.jpg,metal,metal,metal,metal,2.274427601764372e-05,0.0003308239247492336,0.00017872399312408461,0.014501469500828479,0.9845107555389403,0.0003489352267563542,5.062736718133287e-05,5.5924960906983244e-05,True
metal334.jpg,metal,metal,metal,metal,0.0023697496109889244,0.001687947766527092,0.00225460865652846,0.002912332360210687,0.9852075219154357,0.0019271584833063119,0.002382003626234994,0.0012587334238559843,True
metal592.jpg,metal,metal,metal,metal,0.0008528228558133771,0.0007756223229127208,0.0004569477186014768,0.0005307014129356884,0.9961782753467558,0.0006639755156625332,0.00017086553454348012,0.0003708556390392552,True
metal206.jpg,metal,glass,glass,glass,0.004510107347863003,0.009627519026066421,0.005697826239318333,0.8885838150978087,0.06982136853039263,0.007756440629987023,0.004998063667233045,0.009004932456636623,False
metal184.jpg,metal,metal,metal,metal,0.0009884815268344877,0.0016181662216549538,0.001802255274810697,0.00164344891381912,0.9886046528816222,0.0009936791019129448,0.0025061532364709167,0.0018430949656286248,True
metal141.jpg,metal,metal,metal,metal,0.0008579792759475567,0.0015663306279055304,0.001548564042832311,0.001157610588779757,0.9877737700939178,0.00436951147275974,0.0010519948231375808,0.001674296660334154,True
metal741.jpg,metal,metal,metal,metal,0.0008683708918396499,0.0008045691911865043,0.003969913055107034,5.2020417132325744e-05,0.991376382112503,0.00045752374205382636,0.0006280400743329102,0.0018432109433603671,True
metal417.jpg,metal,metal,metal,metal,0.0033065660391193743,0.0007628112914988475,0.0016796634439216365,0.0003135056679567759,0.9916877031326294,0.00027384608676467976,0.0007013531214926568,0.0012745030457259369,True
metal693.jpg,metal,battery,metal,metal,0.27056689952150914,0.0001664649988469883,0.00035381834022696996,0.00942400694912061,0.7174684047698975,0.0015045252745039,6.427463158615865e-05,0.00045161349698897,True
metal421.jpg,metal,metal,metal,metal,0.00086931461701249,0.002418562094897078,0.0015125726582483276,0.0002126563471432945,0.9933342933654785,0.0005082775781462503,0.000499261348052757,0.0006450458662584355,True
metal124.jpg,metal,metal,metal,metal,0.0004019506890372781,0.0008139277015729254,0.0008952238101682892,0.0010314821734141015,0.9954867839813231,0.00017482619856110123,0.00044805512025614634,0.0007477150102715642,True
metal589.jpg,metal,metal,metal,metal,0.0029384502891913068,0.0020621391013716838,0.0014818296302169986,0.0013800829193951806,0.986131775379181,0.0027967193182596513,0.0016970599478454186,0.0015119456884586698,True
metal286.jpg,metal,metal,metal,metal,0.0001485381793630173,0.0008200066379060625,0.00048243737593051475,0.000340009308320041,0.9975414752960206,0.0002331710515753869,0.0002807456077789294,0.00015355739451652703,True
metal137.jpg,metal,metal,metal,metal,0.0009607215418855142,0.002200318850203957,0.002218156313301697,0.0004471605658430487,0.979407387971878,0.0029373670757109446,0.0026184554676463184,0.009210485316042391,True
metal617.jpg,metal,metal,metal,metal,0.002687097357193942,0.007577930117047369,0.0036960310167763375,0.0036477096845489746,0.9750486731529235,0.0033503810579133815,0.0016817972286025148,0.002310356102361524,True
metal711.jpg,metal,metal,metal,metal,0.00034724369890805015,0.0005891744804187187,0.0006358295097197705,9.471917162499366e-05,0.996856915950775,0.0003994934666937329,0.0005164068752341154,0.0005602465367658489,True
metal727.jpg,metal,metal,metal,metal,0.000525930861642884,0.0012373737525706292,0.0018899306127443405,0.0004631491316842341,0.9938746809959411,0.0010433288084846085,0.0005414996966957793,0.00042415430536535653,True
metal410.jpg,metal,metal,metal,metal,0.0005590988614130525,0.0019210238941058742,0.0013898767996579232,0.0007277191849438364,0.9892519652843474,0.0015416368145106658,0.0011065898624917786,0.0035020459908991987,True
metal512.jpg,metal,metal,metal,metal,0.0005439873567410619,0.0009957593945888828,0.0004042547223443248,0.0006879442378021246,0.9947528481483459,0.0005011439361701916,0.0017156543093732699,0.00039841878421210285,True
metal496.jpg,metal,metal,metal,metal,0.011549232056131509,0.0006870557519078771,0.0005434749233977203,0.00065762218728192,0.984459978342056,0.0010951161013508452,0.0002544563536502718,0.0007529472494069933,True
metal708.jpg,metal,glass,metal,metal,0.007419659441802579,0.0003613838947785489,0.00011081933644159635,0.14780722707509986,0.7432011872529982,0.04304375033825634,0.05734465780114979,0.0007112907216650999,True
metal136.jpg,metal,glass,metal,metal,0.00027793495682995,0.0007892409897976711,0.00440910276956852,0.24890143284574145,0.7357710748910903,0.00625027845380827,0.0006967598965275062,0.0029042414389550296,True
metal441.jpg,metal,metal,metal,metal,0.0008546228964200117,0.00031041440974709467,0.001049885828005631,0.00015708017439061776,0.996815139055252,0.0002602127288405325,0.00029149167296581963,0.00026113364732588905,True
metal100.jpg,metal,metal,metal,metal,0.004485149809613627,0.00368860893358934,0.006517579476348989,0.05124225621111689,0.9078303098678588,0.01701385886408385,0.0038822918897493904,0.00533995337609663,True
metal769.jpg,metal,metal,metal,metal,0.0017995032947509936,0.001117183081805712,0.0006313950696494014,0.0006519414077047215,0.9937065482139587,0.0008449358516372261,0.0008579957182581139,0.00039046435849886583,True
metal239.jpg,metal,metal,metal,metal,0.0022655744665532464,0.004977413429940906,0.0016053603057842609,0.0009352358913644943,0.9830580592155456,0.0029147228138071716,0.002346160574052126,0.0018975565942647497,True
metal122.jpg,metal,metal,metal,metal,0.00025363220546517406,0.0009252435109181682,0.0006926093149558809,0.002156397038868346,0.9923880696296692,0.0017459620111480482,0.0014292777399532298,0.00040881956001610065,True
metal127.jpg,metal,metal,metal,metal,0.0007546865944814624,0.0009039872908881848,0.001758578247398608,0.00035475767941866145,0.9927339673042297,0.0012771061621606,0.0005041345372860646,0.001712766551638966,True
metal735.jpg,metal,metal,metal,metal,0.00012588712752615889,0.000281585598773701,0.00010525970914845818,7.072495744749661e-05,0.9990834772586821,0.00022056656599124224,3.459883327037467e-05,7.79488291835088e-05,True
metal305.jpg,metal,metal,metal,metal,0.0023233998579143956,0.001353803548857775,0.0008290548336844353,0.0006226177910479896,0.9917061507701874,0.00044229405357327643,0.00134631092805647,0.0013763213379661306,True
metal746.jpg,metal,metal,metal,metal,0.0011301424703823078,0.0019378096796681236,0.0010125995965453872,0.0005208578788514275,0.9932720839977265,0.001115459563159889,0.0005058561218674741,0.0005052117353960759,True
metal730.jpg,metal,metal,metal,metal,0.0007905822719039867,0.00112802827497941,0.0014619176974519598,0.00048507170889613304,0.992884808778763,0.0011436901404522613,0.0007911592256354378,0.0013148115365782156,True
metal198.jpg,metal,metal,metal,metal,0.0006048742390703781,0.0014951897086576342,0.0009991801111027426,0.0005998583626933596,0.994478929042816,0.0002671192022431488,0.0005651972199479709,0.00098968709353353,True
metal758.jpg,metal,metal,metal,metal,0.014087523333737032,0.0056967708282181185,0.00561422985047112,0.004080493237002747,0.9539479613304138,0.003964840294794174,0.011234066270659532,0.0013740788767437938,True
metal102.jpg,metal,metal,metal,metal,0.000338117237297343,0.0010405665272400944,0.0005448161481971586,0.00037760005950524504,0.9941885590553283,0.0021220557253399906,0.0006482949840801254,0.0007400502259769807,True
metal256.jpg,metal,metal,metal,metal,0.0005306793784286723,0.0018403283553227055,0.0009612390796348776,0.015264653473967313,0.9780436992645263,0.0013738585334544403,0.001044535402925942,0.000940998911392012,True
metal167.jpg,metal,metal,metal,metal,0.00044004408991952143,0.000959304987919767,0.0011983247008176046,0.00026626365158874507,0.9933183133602141,0.00029191485423380077,0.0026910012476867693,0.0008348236675373756,True
metal486.jpg,metal,metal,metal,metal,0.01826753594796169,0.049944787728600136,0.028176336319387436,0.08980520479381082,0.7636297047138214,0.01138806689414187,0.03153130323917134,0.00725704580545425,True
metal637.jpg,metal,metal,metal,metal,0.0012588038576064684,0.0012369011063131938,0.002552766073507656,0.00041460916400894843,0.9901904463768005,0.0017879989822751749,0.0011292553624228647,0.0014292399167070231,True
metal581.jpg,metal,metal,metal,metal,0.003614246046672001,0.0010565808762894027,0.001913878637780758,0.002105185480079088,0.988215410709381,0.0005942714532741897,0.001847642529150825,0.0006526849963120061,True
metal763.jpg,metal,metal,metal,metal,0.0012853792053647323,0.003754632361233333,0.00156639695633197,0.0014351931400601403,0.987452858686447,0.002734083752147813,0.0010418504476629765,0.000729618652309269,True
metal143.jpg,metal,metal,metal,metal,0.0005972243182553378,0.005698618324727286,0.001902094478131498,0.0004297407718142401,0.988303929567337,0.000631790398327479,0.001104938967228338,0.0013317305731039232,True
metal510.jpg,metal,plastic,metal,metal,0.0776591790840029,0.0036198216628164515,0.0011874186569911787,0.00096047755796454,0.7600007802248001,0.0020354386797406996,0.15272987063508472,0.0018070475359308956,True
metal56.jpg,metal,metal,metal,metal,0.0013392860476755808,0.0029085276575219203,0.00047270295228821907,0.00048267229576587,0.9883159041404723,0.0030834789387881095,0.0014215069657438919,0.0019759709992541057,True
metal391.jpg,metal,metal,metal,metal,0.00043368094944837656,0.00041112592528257536,0.0021888541416558117,0.0027073406847193202,0.9934718787670136,0.00035192829518558593,0.00014527557286776998,0.0002899026162485237,True
metal60.jpg,metal,metal,metal,metal,0.0008320285395852878,0.0009351794972804171,0.0013036939950305615,0.0006950575318114629,0.994827139377594,8.751056489558653e-05,0.00035576993848813196,0.0009636202506656185,True
paper830.jpg,paper,paper,paper,paper,0.0016169231620105251,0.0027264210677225642,0.000954849578248615,0.0007801872328863434,0.0013032934851898636,0.9884468734264373,0.0016294760172854753,0.002542021369252262,True
paper625.jpg,paper,paper,paper,paper,0.0015663687606612472,0.0022648686310416306,0.0013547482763626951,0.0007035386106997056,0.0016034454815665468,0.988310945034027,0.002363262137102168,0.0018327932418736607,True
paper424.jpg,paper,paper,paper,paper,0.0045895118486141305,0.003938588381749274,0.008245870528499906,0.001967309976655393,0.0035629958458344604,0.9720411658287047,0.0025242518333179146,0.0031303491996258516,True
paper722.jpg,paper,paper,paper,paper,0.0022093483482754635,0.006670598685892069,0.001242903033926217,0.004748037683592835,0.0038612160219069487,0.9752277255058288,0.003063169476820848,0.0029769357644734784,True
00000017.jpg,paper,paper,paper,paper,0.00042146165978920145,0.0001931103034876847,0.01894006824586535,0.00014666390670752406,0.00119111177627927,0.9505584895610808,0.02711078791180619,0.00143829345033735,True
00000013.jpg,paper,paper,paper,paper,0.0008998421020856131,0.0012246175203472402,0.0004474474016600814,0.003273000165355078,0.0005657915988446364,0.9925008296966553,0.0007407004966552933,0.00034780135611073266,True
paper198.jpg,paper,paper,paper,paper,0.015539827830357535,0.0031758191049373508,0.005096581857628682,0.0011439585711018527,0.0009672806158000237,0.9709018766880035,0.00048458130746866006,0.0026900189514114715,True
paper614.jpg,paper,cardboard,paper,paper,0.0026126734677916056,0.005049420130316337,0.2998840108513832,0.010102284205035514,0.0025955009502978787,0.6740223653614521,0.0020438953202756073,0.0036897820562046303,True
paper689.jpg,paper,paper,paper,paper,0.0005957648800271822,0.0006850700262597073,0.0010697930911328349,0.00042256836397122513,0.0003903628931526867,0.9916489660739898,0.002146379590681228,0.00304116036527512,True
paper57.jpg,paper,paper,paper,paper,0.0006970978304949037,0.0018482760222500712,0.0012025877493063867,0.0014735715237411905,0.001066621205095303,0.989653503894806,0.0029750331549621093,0.0010833283793301647,True
paper163.jpg,paper,paper,paper,paper,0.0017705328530282017,0.001563056162761082,0.0010782521215337878,0.002436200436204643,0.004335647264462711,0.9821063995361328,0.0007486201706453656,0.005961225205287614,True
paper275.jpg,paper,paper,paper,paper,0.00138122770003974,0.00173842909280208,0.0028935641981661098,0.00106581198051566,0.00054235989227889,0.9901500999927519,0.00144590819254511,0.00078260799637062,True
paper519.jpg,paper,paper,paper,paper,0.003183529948716854,0.005683832659436953,0.0015138165367086715,0.0034418423647777923,0.0024687350731783225,0.9725598216056823,0.0065766029009311855,0.004571799331517918,True
paper1011.jpg,paper,paper,paper,paper,0.0005892236183706158,0.0028354658746295213,0.0023243423847015316,0.0018677977382334308,0.001768301978761024,0.981480175256729,0.004784611985874692,0.0043500872621869,True
paper892.jpg,paper,paper,paper,paper,0.0005929010638815792,0.003361904763501926,0.003084484290943018,0.0016722811369576927,0.00257731074167472,0.9814717054367066,0.004269714354617071,0.002969740872842457,True
paper55.jpg,paper,paper,paper,paper,0.001987730413243228,0.0019751951809746015,0.002344447539792297,0.0011592456616268654,0.0009495597723246467,0.9841692268848418,0.00267176673514764,0.004742812809570248,True
paper965.jpg,paper,paper,paper,paper,0.002469030768987808,0.0033643067816771844,0.0003770212382380104,0.0018806829858476484,0.006102835106082318,0.971076601743698,0.007851458171353383,0.0068780448764300004,True
paper603.jpg,paper,paper,paper,paper,0.0030207696600657442,0.003724547012790681,0.001043335251314611,0.003186447721543388,0.0029412904234061674,0.9809073567390441,0.0030498517910018093,0.002126411375749576,True
paper712.jpg,paper,paper,paper,paper,0.0005324171986998118,0.002131987586835705,0.02697200672700998,0.0007170915254391,0.002954615391490728,0.9476208925247193,0.017549200868234017,0.0015217457986977836,True
paper1039.jpg,paper,paper,paper,paper,0.0037614550921033995,0.0017638483800533652,0.00863955317763607,0.0013163239981736263,0.011263230402715837,0.9682752788066863,0.00280094742774959,0.002179370334079014,True
paper898.jpg,paper,paper,paper,paper,0.0008942200722913067,0.0016568167854020934,0.004314756318819903,0.0005213660113671067,0.001820085905582686,0.9872959494590758,0.001548399649618625,0.001948419597964335,True
paper544.jpg,paper,paper,paper,paper,0.007721032268797625,0.008663871605311013,0.005792395013094497,0.008084454321268145,0.0038629091234775757,0.9522961616516112,0.006226602822800662,0.007352555786926006,True
paper_cups 144.jpg,paper,paper,glass,paper,0.00964258934908456,0.012772520456676147,0.0028246312579994952,0.28031926538387775,0.1563761453935512,0.42685584425926204,0.10652529965154826,0.004683736275273937,True
paper126.jpg,paper,paper,paper,paper,0.0010744367144110184,0.0019554607338927196,0.0017768129887144799,0.00156983472408181,0.0014228016691218938,0.985947674512863,0.001943656543818524,0.004309320822637524,True
paper529.jpg,paper,paper,paper,paper,0.0008909250475614183,0.0009112658394241204,0.0010141604066845364,0.0008857986773605189,0.0008908034741869209,0.9890299916267394,0.0033986174341407195,0.0029784125586956732,True
paper204.jpg,paper,paper,paper,paper,0.004193819150449531,0.005106354596651663,0.0021695871475116706,0.004654020071082856,0.0015956112831481556,0.9690704226493834,0.006787983822436355,0.006422174584658578,True
paper196.jpg,paper,paper,paper,paper,0.0027962381957071345,0.006279825888750965,0.00615914150145804,0.00790031133222862,0.0039314356193811345,0.9595888614654542,0.00511630236492776,0.008227800408318489,True
paper661.jpg,paper,paper,paper,paper,0.0008894065627832885,0.003563690790909236,0.0033587484310417678,0.0011318475822935045,0.006471246294725927,0.9823207318782805,0.0014588812661529263,0.0008054068346608829,True
paper1007.jpg,paper,paper,paper,paper,0.005754719938369399,0.004418691925009052,0.0025156816106260233,0.004136338848606621,0.005089266528034187,0.9710138201713563,0.004093532291266615,0.002977962190993981,True
paper232.jpg,paper,paper,paper,paper,0.00904025505633393,0.00443158167754518,0.003136558996266052,0.0016258442789056438,0.004601807309518332,0.9705127120018004,0.0042754414998551395,0.0023757667891913196,True
paper663.jpg,paper,paper,paper,paper,0.02938849766214842,0.005222206557129943,0.00601730956695971,0.0016977430117776566,0.03777827129524658,0.9030108869075775,0.005214141839678578,0.011670923186466009,True
paper390.jpg,paper,paper,paper,paper,0.007727373027182541,0.00399584494486454,0.004000283513285651,0.003546630544625545,0.0018308656575121796,0.9721355438232422,0.0014642721627890069,0.00529910945438279,True
paper326.jpg,paper,paper,paper,paper,0.00460302012634219,0.0030797127793138483,0.0045324043284945634,0.0029573196079845697,0.0033963657195272175,0.9752264201641081,0.0041326167967253215,0.0020721757547029454,True
paper_cups 340.jpg,paper,glass,paper,paper,0.0009040420751261785,0.0032687289247405396,0.0017882460333566452,0.24546481472789303,0.01329074697569005,0.7075299032032489,0.025436278060078577,0.00231723500182848,True
paper995.jpg,paper,paper,paper,paper,0.001333621049195926,0.0014859404080609442,0.0011818940487500873,0.0009009324434396249,0.00032962871731880683,0.989719158411026,0.0009727181811299823,0.004076128448286887,True
paper500.jpg,paper,paper,paper,paper,0.0017223335336893698,0.0017592168878763554,0.00016223165439440334,0.00030128673533977784,0.0008288278244450397,0.9884116590023042,0.0017333928065083124,0.005081024959084793,True
paper262.jpg,paper,paper,paper,paper,0.008852142633851534,0.0052898247715308065,0.004589212355443964,0.007051027503984967,0.006657008543634582,0.9536511003971098,0.007403514053466364,0.0065061947646492735,True
paper876.jpg,paper,paper,paper,paper,0.014989327095535897,0.003613889077679371,0.012771682234955475,0.03568738804550871,0.001821541182197215,0.9111188769340515,0.0027462814958063566,0.017251022950820465,True
paper1008.jpg,paper,paper,paper,paper,0.004139141676756674,0.0009993249204035836,0.001087770131562109,0.0016104026750703234,0.0019868285612573604,0.9864409625530242,0.0009843662031471,0.0027511558012829154,True
paper120.jpg,paper,paper,paper,paper,0.0006352036201861714,0.0034782314678623773,0.002569147177508259,0.004843567823991173,0.003439358109702594,0.9768608272075652,0.005038067931696931,0.003135563619457612,True
paper340.jpg,paper,paper,paper,paper,0.010673643474387911,0.009443065284673416,0.003300560538735899,0.006976462977507119,0.0026709322797619553,0.9459065794944763,0.005747244816515847,0.015281484598929687,True
paper891.jpg,paper,paper,paper,paper,0.0023889612702769885,0.0016846895776288693,0.0008417543552624409,0.001485632097172273,0.0008726249334281348,0.9885532319545745,0.00045256717108299626,0.003720596088025602,True
paper794.jpg,paper,paper,paper,paper,0.0014919920125975904,0.0018441430991515,0.00036869044415693245,0.00019909168234876338,0.00033104146423833627,0.9938345134258271,0.000857003735918439,0.001073515298776486,True
paper864.jpg,paper,paper,paper,paper,0.0006632412791815967,0.0011002169456787471,0.051656627003103486,0.00094668593519594,0.0003103169321547502,0.9434980988502502,0.0014426290737901107,0.00038224227953373685,True
paper708.jpg,paper,paper,paper,paper,0.0018100902438163498,0.0038088256493210714,0.0009441350819706483,0.002335627353750444,0.002528006909452128,0.9848306357860566,0.0020363740157388014,0.0017063298961147626,True
paper523.jpg,paper,paper,paper,paper,0.002559742983474513,0.0032004677225011026,0.0007768833554759454,0.0004026330425540835,0.002027243961171781,0.9806720376014708,0.0024629218411620435,0.007898053061501039,True
paper980.jpg,paper,paper,paper,paper,0.001734864199868048,0.008090077493145257,0.00045997762515765376,0.0011987698158025045,0.004362618109405032,0.977564412355423,0.0037678908943136703,0.0028213906028703006,True
paper151.jpg,paper,paper,paper,paper,0.01070404081023222,0.0041739113157084435,0.0042107239239861155,0.0018258934142085096,0.0033642850433280667,0.9712960302829743,0.001962337247320136,0.0024627981946217063,True
paper611.jpg,paper,glass,paper,paper,0.000353700203415317,0.0010020495418984836,0.00090559131931505,0.23198005384765563,0.01712664552032941,0.7477672472596169,0.00012782633639283312,0.0007369323913706938,True
paper997.jpg,paper,paper,paper,paper,0.0046928595285909355,0.0034621657337992936,0.006869028015845271,0.006234091985985719,0.002305664029290756,0.9704713284969331,0.003965853079029562,0.0019989599939470226,True
paper106.jpg,paper,paper,paper,paper,0.02333185479984363,0.01098723539532087,0.00305672113609031,0.006401738232099914,0.006554218716109962,0.9280999183654786,0.009243575021901047,0.012324729232904138,True
paper513.jpg,paper,paper,paper,paper,0.00391660039313137,0.00245207499247039,0.0013083683094032943,0.005742460396140797,0.005766950640827715,0.9651670515537261,0.005586693157812514,0.01005983119830787,True
paper601.jpg,paper,paper,paper,paper,0.004697996129203725,0.005941005086450236,0.004878693576522124,0.010366208688786452,0.00902115566958805,0.9578069150447845,0.003344179258078792,0.003943805608129119,True
paper265.jpg,paper,paper,paper,paper,0.0018099492692587762,0.0023927439244772132,0.0039483472063671626,0.0009915999989248444,0.001386609870759772,0.9854501605033874,0.0007704010443447181,0.003250138309124481,True
paper16.jpg,paper,paper,paper,paper,0.0005899907323106859,0.004554967011429442,0.0005180908992211918,0.0003033062012396743,0.001848840878095337,0.9895789742469787,0.002214772771367272,0.0003910206597180255,True
paper420.jpg,paper,paper,paper,paper,0.0031534511597075044,0.006050527934007151,0.0016390811428069498,0.007905767299268424,0.0038211346604129937,0.9723671495914459,0.0018813181930898734,0.0031815791502594827,True
paper677.jpg,paper,paper,paper,paper,0.00393139731969393,0.0024648282944776632,0.0021267941428959143,0.0007432001251604312,0.0008551839484174832,0.9693680346012115,0.019937440906505753,0.0005730918120917718,True
paper100.jpg,paper,paper,paper,paper,0.015580039663647767,0.009455525316337272,0.0033476213927045406,0.004663205053658179,0.001099409635371043,0.9616165697574617,0.0015818490647671948,0.0026558384766547176,True
paper407.jpg,paper,paper,paper,paper,0.023802320670426917,0.00992601037856474,0.01042981245554976,0.012644515629528605,0.00560473848127001,0.9167225062847137,0.00455046883726025,0.01631961738239622,True
paper1005.jpg,paper,paper,paper,paper,0.0023482294054703212,0.0026754819788038396,0.0028228628504812707,0.000275496144225605,0.0004959228506958279,0.9876373469829558,0.0007550911521673677,0.0029895807729303234,True
paper211.jpg,paper,paper,paper,paper,0.006740063336014353,0.015046158067882603,0.00671015365631238,0.011210615187885107,0.009585272894138418,0.9209098219871521,0.019562189530460104,0.010235670582945606,True
paper878.jpg,paper,paper,paper,paper,0.0022752514018159293,0.0013533579534866559,0.003048147265417349,0.004431503799502699,0.0019033986411372118,0.9832715451717376,0.0012559726714584851,0.002460808028049442,True
paper_cups 301.jpg,paper,paper,paper,paper,4.469101775157469e-05,0.00023513255791837967,0.00018865842885127518,0.00043196256156078,0.0005829269665809832,0.9900950551033019,0.00809289457392874,0.0003287746374553383,True
paper743.jpg,paper,paper,paper,paper,0.0012612016405929055,0.006383497081700153,0.006415040119734274,0.004757231664368427,0.002828045655408591,0.9701626598834991,0.002199029912729464,0.005993208014632259,True
paper88.jpg,paper,paper,paper,paper,0.0023886752085971108,0.00556741744089131,0.004665713786474146,0.003021208995818303,0.0024640359161064544,0.9700639903545378,0.007082618127989762,0.004746336042113173,True
paper931.jpg,paper,paper,paper,paper,0.0016562018560702311,0.0013222678773098446,0.004982423650108099,0.0016303082902151018,0.0003014078516348684,0.9878663539886474,0.0013685916692906784,0.0008724585883145468,True
paper488.jpg,paper,paper,paper,paper,0.00027441081029248296,0.001609584433030992,0.0011574844183655647,0.0008414867584456145,0.0006717137938699106,0.9927585840225219,0.0016122968452140897,0.0010744759120739796,True
paper801.jpg,paper,paper,paper,paper,0.004097068775854928,0.006918919179589843,0.005136545578298944,0.003673797037313209,0.0005433547312821392,0.9669894874095917,0.004806704012948832,0.007834101275541475,True
paper258.jpg,paper,paper,paper,paper,0.005530782043934037,0.005063748918473966,0.004381998166932091,0.00281712850555773,0.0016097319312415007,0.9769941329956053,0.001030722644646408,0.0025717162527144188,True
paper354.jpg,paper,paper,paper,paper,0.011007327794614713,0.007850028310459951,0.004074089078129473,0.002438902180127551,0.003364156288680372,0.9573507010936737,0.0034750781113221606,0.010439743531971761,True
paper935.jpg,paper,paper,paper,paper,0.0020997441375724245,0.004932834720259342,0.003299253901447073,0.0031703285610167713,0.006572015219373201,0.9733219861984252,0.003121982850802888,0.003481881697371692,True
paper197.jpg,paper,paper,paper,paper,0.005676992155480386,0.005976782118418811,0.002349726935275886,0.002622306890834735,0.0046256772954183295,0.9657706856727599,0.004024529444168604,0.008953253668948011,True
paper968.jpg,paper,paper,paper,paper,0.002036093525098347,0.001543812942737151,0.0007460664387127936,0.0009851884260740598,0.0019075026997339938,0.9899585723876951,0.00122384908606244,0.0015989523578028072,True
paper229.jpg,paper,paper,paper,paper,0.004217308939045448,0.006386227349832879,0.0019318743866278763,0.003773321781681937,0.0046337411797624725,0.9718399465084075,0.0037009695223900884,0.003516583152867565,True
paper545.jpg,paper,paper,paper,paper,0.0026339562609822707,0.005280693853273965,0.0007212179363710325,0.011188406694131988,0.012611599875964859,0.9654926598072051,0.0006289315056735919,0.001442545233478151,True
paper345.jpg,paper,paper,paper,paper,0.006069676573943845,0.0066952180119627565,0.0018730934947792563,0.008043319731950983,0.008534120122948323,0.9531510055065155,0.007306514498192641,0.008326995490200575,True
paper719.jpg,paper,paper,paper,paper,0.01576673673698673,0.0029824950577449043,0.00096363070188086,0.00194800634271811,0.00189490612428925,0.962566602230072,0.00150941210740704,0.012368209467967939,True
paper7.jpg,paper,paper,paper,paper,0.0009475997416302538,0.0006799399503506403,0.0006059856911458664,0.0011983696839826079,0.000987131055444662,0.9936760067939758,0.0005260548427119265,0.0013788586019921022,True
paper562.jpg,paper,paper,paper,paper,0.002646453352662988,0.004542973637587057,0.0016820735301653538,0.010385808534762175,0.0029791988711208536,0.9707743704319001,0.0027990903656586346,0.004189947774076901,True
paper890.jpg,paper,paper,paper,paper,0.0008386143425013536,0.0018184271886411342,0.06469271266832939,0.0048003447940572295,0.0009564669359164461,0.9196248888969422,0.00432079480960961,0.0029477888019754997,True
paper409.jpg,paper,paper,paper,paper,0.006438201541016027,0.00610771038228677,0.002884849856184211,0.0018704373871507437,0.0024443161440034673,0.9606247425079344,0.0010142649206363891,0.018615491848271347,True
paper946.jpg,paper,paper,paper,paper,0.005507183590784481,0.006391792167084256,0.03821938326582304,0.004299204585160278,0.008783238439559625,0.9278816938400268,0.0039062200412914084,0.005011190062430837,True
paper522.jpg,paper,paper,paper,paper,0.0010102401138375782,0.0016248623142047461,0.00018541463096859273,0.0006026791501539825,0.00890049672689695,0.983497256040573,0.0006658415515516621,0.0035132085964432545,True
paper903.jpg,paper,paper,paper,paper,0.003525979816918109,0.0023662760155278547,0.0015108541852081572,0.0015580045545927634,0.006472883280904755,0.9792924344539643,0.0014539481658630384,0.0038196134002224376,True
paper966.jpg,paper,paper,paper,paper,0.0012499800417573698,0.0024255725787952548,0.00046909532992891,0.00040295876096931,0.0008791638305427828,0.9909681677818298,0.002248494780733581,0.0013565422043354369,True
paper956.jpg,paper,paper,paper,paper,0.0013983916682936757,0.0034211767558190082,0.0050674824509769,0.0017708815282844377,0.002708285603489395,0.9775237798690795,0.00575689333491022,0.002353063900682103,True
paper177.jpg,paper,paper,paper,paper,0.00401463794261753,0.004080809973906187,0.00421680323779581,0.0022447422191190537,0.001757146650858777,0.9685457468032836,0.0029293845731032525,0.012210723046155154,True
paper649.jpg,paper,paper,paper,paper,0.0033908532004321415,0.0073491341451127215,0.0067022684961556885,0.007497125588768358,0.008375613038265287,0.9536467909812927,0.009605224209371915,0.00343294772872454,True
paper441.jpg,paper,paper,paper,paper,0.001588430657738442,0.008782576886681331,0.008692342782569496,0.004658052728639806,0.0009039494535184401,0.9704526722431182,0.002458348792369896,0.002463556223244528,True
paper493.jpg,paper,paper,paper,paper,0.0013723858300660982,0.0005388943769509132,0.004783316488385447,0.005607293361187639,0.0006091601139233723,0.9837662637233733,0.0005266796053236167,0.002796039357888834,True
paper136.jpg,paper,paper,paper,paper,0.008107947747927212,0.00737778180284418,0.007110309613176039,0.004605986829879323,0.008958378489267086,0.9596560776233674,0.001834632479642392,0.0023489209371310845,True
paper482.jpg,paper,paper,paper,paper,0.0035013676625855568,0.005229341350013519,0.004721968320263745,0.003598628647523295,0.003173008287017968,0.9668347239494324,0.010149446797913674,0.0027914700531943824,True
paper820.jpg,paper,paper,paper,paper,0.0012578367716883604,0.0014177762487334181,0.000687405239477804,0.0017557508846891422,0.003822103097218064,0.9831625163555144,0.006833672211405418,0.0010629737848162552,True
00000004.jpg,paper,paper,paper,paper,0.1106894707887491,0.018291317003462246,0.028410686249844656,0.08519303756327613,0.15874486043126046,0.5027131855487823,0.05586000719458749,0.040097474140588896,True
paper957.jpg,paper,paper,paper,paper,0.0007508618175056222,0.0005141765694134699,0.0017038160970973763,0.000344525795668859,0.0007142656414635,0.9942983508110046,0.0009440141550598616,0.0007299302727915788,True
paper162.jpg,paper,paper,paper,paper,0.0027093795591809906,0.0065384592179668355,0.004024188762553242,0.007885935970322456,0.002616329060456347,0.967654675245285,0.00675433275677647,0.0018167229369431411,True
paper207.jpg,paper,paper,paper,paper,0.012818032520813087,0.0068499636951685405,0.0011795937201142532,0.00424095238709573,0.00496589629646138,0.9347988545894623,0.0019139121820746323,0.03323284941268694,True
paper400.jpg,paper,paper,paper,paper,0.0009205524937248786,0.0040462848532524095,0.008892575882807155,0.002311783941566744,0.004429970494998343,0.9651724755764006,0.01057682985567872,0.0036495136992621855,True
00000010.jpg,paper,paper,paper,paper,0.00018342391105557614,0.0002601515233667177,0.001914482092882896,0.001004412198682303,0.00010068683352387835,0.9961158931255341,0.0002455511520453171,0.0001753114658995468,True
paper1030.jpg,paper,paper,paper,paper,0.0007896412519396323,0.000555158980690058,0.00601216357899826,0.0011094027166186973,0.0006148433147628742,0.9895226478576659,0.0007959815113280787,0.0006001440937552472,True
paper457.jpg,paper,paper,paper,paper,0.0017419522648283825,0.0032743693795280935,0.0015670915158580024,0.001528958487334759,0.0017305429651840994,0.9856853604316711,0.0024455592936684133,0.002026167049043609,True
paper3.jpg,paper,paper,paper,paper,0.0022178822373184284,0.001772318856671045,0.0021566488609687548,0.001268692920531596,0.0028060060890243974,0.9878494381904603,0.00048593204890122466,0.0014431148539845561,True
paper920.jpg,paper,paper,paper,paper,0.002384306122069832,0.005802721158397987,0.001968111039104736,0.0020033264420062646,0.005122995628817738,0.972483503818512,0.0030143313583529444,0.007220653191672648,True
paper683.jpg,paper,paper,paper,paper,0.0011745804176471516,0.0008234935815790784,0.0013713687338167198,0.0010999318329820763,0.003063344989163816,0.9910931050777435,0.0006322621024480342,0.0007419359106845966,True
paper456.jpg,paper,paper,paper,paper,0.007910189588119461,0.002460118009310776,0.00879679741337889,0.008201726123479544,0.0066055944592960155,0.9624761939048766,0.00126070961705402,0.0022887072900125375,True
paper143.jpg,paper,paper,paper,paper,0.0022381132702586405,0.004020194989091235,0.005556063129041555,0.0030384697020132017,0.005202987558673201,0.9724776327610016,0.0038354260297176934,0.003631091444510011,True
paper344.jpg,paper,paper,paper,paper,0.0015331123167012129,0.001985277538387444,0.00021391662398017735,0.0006291237202708976,0.002862679214295259,0.9904230952262878,0.000868354208971475,0.0014844692502988326,True
paper39.jpg,paper,paper,paper,paper,0.004627727786009868,0.005729946581891422,0.05674662329256531,0.0006970000993817269,0.0013303977474378708,0.922170066833496,0.005821836908580669,0.0028764167196640993,True
paper542.jpg,paper,paper,paper,paper,0.007209332926799822,0.0038937952246556034,0.07357681412249797,0.0050691360297605535,0.002484185465061844,0.901072323322296,0.00443768303375687,0.0022567199966942553,True
paper87.jpg,paper,paper,paper,paper,0.004342446786222335,0.008413697420928637,0.0019748653052373997,0.004928949765235254,0.0019104303415587577,0.9722853660583496,0.0011257112902967486,0.005018601061237831,True
plastic265.jpg,plastic,plastic,plastic,plastic,0.0023160276998852552,0.001873890310526465,0.001288604728427196,0.0012808556928279983,0.005691237167545186,0.0019064724048014397,0.9849904358386994,0.0006525237003579445,True
plastic_bottle 476.jpg,plastic,plastic,plastic,plastic,0.02898604758083824,0.00894492138177155,0.008345996495336457,0.01696650721501286,0.010782219097018514,0.0030687663238495254,0.9211236119270325,0.0017819068394699666,True
plastic462.jpg,plastic,biological,plastic,plastic,0.00484866737388072,0.416066388785839,0.003476152556015666,0.013468117639422388,0.00353034056024619,0.018068521298482642,0.5175892122089862,0.022952590533532127,True
plastic577.jpg,plastic,plastic,plastic,plastic,0.0009843801781778015,0.004348894954126806,0.00173414348550011,0.003665164484412155,0.005295972125077201,0.0016500742802070029,0.980765050649643,0.0015562698299617617,True
plastic441.jpg,plastic,plastic,plastic,plastic,0.004567312893237805,0.004657954096789549,0.00347989785950624,0.0010961892898194198,0.04082759805023664,0.004046168312743191,0.9385404706001281,0.0027843838298138605,True
plastic692.jpg,plastic,plastic,plastic,plastic,0.008826542087278339,0.004334997260012201,0.006395328909163976,0.0068765696090849595,0.0028800518144768655,0.004209785443247034,0.9587836146354674,0.007693143343805284,True
plastic340.jpg,plastic,plastic,plastic,plastic,0.0005776634672657094,0.00037082770141258454,0.002347630301466648,0.001066255711841658,0.00035764119904930434,0.0016902429751644338,0.9931258440017698,0.00046387222246353457,True
plastic391.jpg,plastic,plastic,plastic,plastic,0.0007900864844486927,0.0003323569262867775,0.00032857873084137,0.04531251260777931,0.00027038963016817,0.0010856101260287,0.9518141984939574,6.623630386619616e-05,True
plastic663.jpg,plastic,plastic,plastic,plastic,0.00286405412480229,0.002675734763033651,0.005761767830699707,0.005384737603912951,0.00225711641833181,0.00739275123924015,0.9685901761054991,0.005073651997373694,True
IMG20230302080020.jpg,plastic,plastic,plastic,plastic,0.01219837669929328,0.007107276769042887,0.005464476546067173,0.008137424958067581,0.008393240632186962,0.008964846307581743,0.9161618173122406,0.03357255728478769,True
plastic472.jpg,plastic,plastic,plastic,plastic,0.00569734463816822,0.003953852658071305,0.0031919316565221976,0.04925259137526147,0.025431085936725106,0.0004326291778226644,0.9091620683670043,0.002878455490963423,True
plastic500.jpg,plastic,plastic,plastic,plastic,0.004044271469501788,0.0036214899960554494,0.0003550331493990345,0.0046446788355751075,0.0041715207917149295,0.0032236027295219397,0.9745886981487275,0.005350703498930883,True
plastic1.jpg,plastic,plastic,plastic,plastic,0.0022209954851859304,0.0017854344597068503,0.0012673971349591111,0.0031567689717121278,0.007424490651464954,0.002864904907551108,0.9791722774505613,0.00210774835140907,True
plastic129.jpg,plastic,plastic,plastic,plastic,0.006018673896008685,0.0033502129088531277,0.0036881272038533693,0.009446990746073339,0.023534789571931454,0.0023186810454054485,0.9453503251075743,0.006292227107645535,True
plastic612.jpg,plastic,plastic,metal,metal,0.005845750244770831,0.009534291534464431,0.00581579883582887,0.18702075034379959,0.4941985100507736,0.023351805843412808,0.2711359232664108,0.0030971939791925203,False
IMG_E1488.JPG,plastic,plastic,plastic,plastic,0.0030148637947491064,0.0037484713397105615,0.005882018736295369,0.007964407281724562,0.0034580582809403296,0.005393963254845638,0.9667471230030059,0.0037910875696709617,True
plastic810.jpg,plastic,plastic,plastic,plastic,0.00044786703654984476,0.0019426793391347733,0.0007529441058127685,0.006527972712342464,0.0003001769266834453,0.0018149058788610865,0.9876322388648988,0.00058120837784368,True
plastic170.jpg,plastic,plastic,plastic,plastic,0.0007240810247600621,0.00047896385028595574,0.0002639173698298193,0.0020864403650193496,0.0007529179034307042,0.00203021609922866,0.9933969020843505,0.00026652083369244013,True
plastic836.jpg,plastic,glass,plastic,plastic,0.005194345910714791,0.007031974922351853,0.004114916223589334,0.3274562574923038,0.011760704745211068,0.0036781562497830884,0.6301447586209178,0.010618880538092408,True
plastic493.jpg,plastic,plastic,plastic,plastic,0.0010621567652947244,0.00246037280303421,0.0010219744648566008,0.00711809641215945,0.001514662403360465,0.009333645505830598,0.9681146025657654,0.00937449550256131,True
plastic355.jpg,plastic,plastic,plastic,plastic,0.004100672295977723,0.0014674264705294045,0.001658376171248502,0.005130969874414792,0.00278513854867603,0.006153255463777884,0.9763988018035888,0.002305388916540811,True
plastic382.jpg,plastic,plastic,plastic,plastic,0.0003797702084966796,0.0009807846693529465,0.0005644566211878382,0.00012555859404911508,0.0006114856040463462,0.0009306039310672141,0.9960342645645142,0.000373145684224173,True
plastic110.jpg,plastic,plastic,plastic,plastic,0.003146938094879525,0.004374817525967984,0.002504012129436217,0.004131207164755299,0.001838919323087134,0.0016952828507234027,0.9800904393196105,0.0022183926789563022,True
plastic646.jpg,plastic,plastic,plastic,plastic,0.000985154823865738,0.0016851512717972659,0.0013940463541317317,0.00041442380468831785,0.0009187426539589796,0.001632778323400629,0.9919789552688598,0.0009907425556591632,True
plastic134.jpg,plastic,plastic,plastic,plastic,0.003504090077920383,0.0026219173101732825,0.00141603785740768,0.0016627728390923035,0.0004344599381624984,0.0015536748106415568,0.9865729987621308,0.0022340987100997254,True
IMG_E1453.JPG,plastic,plastic,plastic,plastic,0.00331570118124683,0.004967002054236822,0.0013457146436260978,0.0045840672664780235,0.0019702591327467457,0.0017393064962316629,0.9792927980422974,0.0027851483095204725,True
plastic299.jpg,plastic,plastic,plastic,plastic,0.0014835748355847818,0.0016603939002379502,0.0006883532973029513,0.005224942790312609,0.00079975486733316,0.0010192736052002033,0.98830806016922,0.0008156475960290859,True
plastic484.jpg,plastic,plastic,plastic,plastic,0.001115917937863677,0.004434364219196119,0.004513957460585449,0.0034693179652094397,0.0009529961071165846,0.0017812996360589352,0.9830388069152831,0.0006933494625172216,True
IMG20230302075949.jpg,plastic,plastic,plastic,plastic,0.002160721043093193,0.002690674457782498,0.0015818171415936946,0.005911425688100275,0.0013792906239228316,0.0037209102171793435,0.9781664550304413,0.004388747602808841,True
plastic613.jpg,plastic,plastic,plastic,plastic,0.00774016606320769,0.010996517033375097,0.01175293009153358,0.27287017256021495,0.007890959523407973,0.01270220736976738,0.6553518056869506,0.020695222992117093,True
plastic37.jpg,plastic,plastic,plastic,plastic,0.0015441550102618259,0.0008066404405907628,0.001032394665355656,0.0009716887187095659,0.0006438715887867268,0.0012498686892626605,0.9931027829647064,0.0006486398456075727,True
plastic858.jpg,plastic,plastic,plastic,plastic,0.003262714901941648,0.004305594740435537,0.0013486074108054827,0.005742042287924142,0.007837822986593483,0.004725414421542436,0.9714055538177488,0.0013722827890888826,True
plastic453.jpg,plastic,plastic,plastic,plastic,0.001104441843991902,0.0011886734442905003,0.0014720140723541207,0.00015410515734809834,0.0017862754053635669,0.001189308975504391,0.9924863934516905,0.0006188002776780427,True
IMG_E1431.JPG,plastic,plastic,plastic,plastic,0.005649025405716024,0.006733200516660948,0.003812067052908425,0.002472218284214005,0.004608006728071697,0.003387716134490366,0.9678060948848723,0.005531728458987211,True
IMG_E1426.JPG,plastic,plastic,plastic,plastic,0.0028661142162022027,0.0013123523114305978,0.0012346464210287644,0.0016402143482991344,0.00677387648339756,0.001870819920062896,0.9831004261970518,0.0012016005508369949,True
plastic658.jpg,plastic,plastic,plastic,plastic,0.0026718598790466132,0.004673643037676778,0.006373520009220837,0.0013375393813490437,0.004077818132458541,0.003694478841498523,0.9756280720233916,0.0015431252973358435,True
plastic378.jpg,plastic,plastic,plastic,plastic,0.005145812368573087,0.003418514737862399,0.005574402557011153,0.011090306376865634,0.004360974271734375,0.0018295469725631785,0.9662901997566222,0.0022902032834043727,True
plastic70.jpg,plastic,plastic,plastic,plastic,0.01433199423099717,0.0024462949612339326,0.0007376972642134354,0.0021573612495557797,0.0026614443371726945,0.003204369024933791,0.9723760426044463,0.0020848191517870577,True
IMG20221121122133.jpg,plastic,plastic,plastic,plastic,0.000531429905913627,0.0008918046459378056,0.00027947826708326533,0.00018794467938927328,0.0005415734719860823,0.00011492672307366517,0.9969955205917359,0.00045732619433380933,True
plastic184.jpg,plastic,plastic,plastic,plastic,0.002151220046247566,0.00207524786341428,0.0014113731795397434,0.0007611194666047106,0.0016572366159244521,0.0009655839516493909,0.9903692364692687,0.0006090272123175815,True
IMG_E1452.JPG,plastic,plastic,plastic,plastic,0.0029037679394026145,0.003309122248251334,0.0016601714250166542,0.010389590041540893,0.002719758747313724,0.00213685543502747,0.9758221924304962,0.0010585484825011138,True
plastic238.jpg,plastic,plastic,plastic,plastic,0.00473905234740636,0.00045040111884470655,0.00034653405328673284,0.00873368021566416,0.0006602487230338326,0.0017539411949882844,0.982456487417221,0.0008596183449119231,True
plastic58.jpg,plastic,plastic,plastic,plastic,0.0034051662579553045,0.0048181626018088605,0.0018815567780047326,0.008753433102356172,0.005479506139038092,0.004728406191928936,0.9693110704421997,0.0016227210703539286,True
plastic185.jpg,plastic,plastic,plastic,plastic,0.0009775693411224788,0.0010396692146004884,0.0019766431586844663,0.0006382846945825238,0.0013290761672862458,0.0015684809095091535,0.9908026933670044,0.0016675473136901848,True
4924.JPG,plastic,plastic,plastic,plastic,0.007546348880360713,0.0039030794520067244,0.0036891237854978706,0.010978599563146526,0.0011761993959776853,0.0010701690358592246,0.9706826150417327,0.0009538710819655669,True
plastic385.jpg,plastic,plastic,glass,glass,0.008368122220599574,0.013560650782892468,0.23938746899366373,0.4292399817612022,0.0008484291213335071,0.0058776960633621965,0.29148970544338226,0.01122788854409003,False
plastic_bottle 34.jpg,plastic,plastic,plastic,plastic,0.001975285261948444,0.0009030952509669974,0.002596329104471778,0.0030982029287599288,0.003091314206256573,0.013231060060574104,0.9731054246425628,0.00199928808724504,True
IMG20230302075640.jpg,plastic,plastic,plastic,plastic,0.006766057000731913,0.00468725354253363,0.002053209540545701,0.0027992645318590426,0.01866856344277031,0.0026942731830786023,0.9612550854682924,0.00107624181400745,True
plastic94.jpg,plastic,plastic,plastic,plastic,0.003336307547805248,0.0044420783408619345,0.0015712853218905823,0.005612147182817267,0.0010098492028257809,0.002717552549888852,0.9755214691162108,0.0057893482444162075,True
plastic751.jpg,plastic,plastic,plastic,plastic,0.00675332026463162,0.002027254225936908,0.0010426511757364858,0.0008509228780272063,0.008182134441904028,0.0020114873472721153,0.978328102827072,0.000804112209761396,True
plastic208.jpg,plastic,plastic,plastic,plastic,0.008653043117474769,0.003441650280810966,0.001134016296975396,0.002187458194020956,0.0056463489325085155,0.005615814084080497,0.972119665145874,0.0012020373137749004,True
plastic_bottle 117.jpg,plastic,plastic,plastic,plastic,0.0019196895650349175,0.0022887825733924625,0.0019253476297116285,0.00022993726614389486,0.0020233514832445386,0.0008615287578972148,0.9891431510448456,0.0016082088338388511,True
plastic585.jpg,plastic,plastic,plastic,plastic,0.0004635284142751671,0.000877201291354688,0.00039744018692856306,0.00041204144096122785,0.0001807987276880533,0.00044737976681634016,0.9966081976890564,0.0006134164857797521,True
plastic333.jpg,plastic,metal,plastic,plastic,0.0008686430657213481,0.0010701758521292543,0.0016430199866468982,0.0010017291510109499,0.3063398155383765,0.0011095353892699115,0.6878314880517792,0.00013564603687963095,True
plastic525.jpg,plastic,plastic,plastic,plastic,0.0014749236641364361,0.0015884845099207534,0.0011253584965799967,0.0009157156353466541,0.0002913249575747882,0.0009758103167314097,0.993136042356491,0.0004922597196127506,True
plastic819.jpg,plastic,glass,plastic,plastic,0.0014566181966613587,0.0007605197732422283,0.0008241932838525637,0.28809258928522463,0.0012956609537368804,0.0020597034509908644,0.7038648124784229,0.0016459363154341267,True
plastic754.jpg,plastic,plastic,plastic,plastic,0.0011914560647029316,0.00033085292338573335,0.0011251769203386558,0.0008434791735950495,0.0023095897121493156,0.00041827889419428514,0.9928798973560333,0.00090120980748899,True
plastic131.jpg,plastic,plastic,plastic,plastic,0.001230535102570362,0.0012420622295507837,0.0005692121922947846,0.02408208656124769,0.0009106966561375392,0.0013116457393152145,0.969984346628189,0.0006694087378036171,True
plastic553.jpg,plastic,plastic,plastic,plastic,0.005749523367440908,0.008251072905064123,0.0030776072722744686,0.006476913361984757,0.002840561834232894,0.007893210573841075,0.9646042346954347,0.0011069073960439653,True
plastic150.jpg,plastic,plastic,plastic,plastic,0.0022974342091414703,0.001336377812549617,0.0008105780584914686,0.0019341638895975489,0.0016881384154572865,0.0009438978659368865,0.9887975990772246,0.002191829804416141,True
plastic538.jpg,plastic,trash,plastic,plastic,0.0003467268095924395,0.0009120828636582203,0.000286221691444244,0.00034558120387369996,0.0014492668793536301,7.819790587284556e-05,0.6975750020239501,0.2990069120191037,True
plastic_bottle 516.jpg,plastic,plastic,plastic,plastic,0.0012392632780679714,0.0017076377289865616,0.0012735075570356079,0.0013180718582589048,0.0025740543892169244,0.0013654790543242473,0.9895021438598632,0.0010198354338807056,True
IMG_E1491.JPG,plastic,plastic,plastic,plastic,0.005119681877375137,0.007002488248325313,0.004809164549233424,0.0042682797232248895,0.005707334935812687,0.0057345832210557715,0.9628797948360442,0.0044787467844798635,True
plastic_bottle 279.jpg,plastic,plastic,plastic,plastic,0.0033923550799954,0.01737279463559386,0.0025182128621963197,0.004891052236780449,0.0014777045616938109,0.0015185962707618798,0.9465378105640412,0.02229143567383287,True
IMG_E1490.JPG,plastic,plastic,plastic,plastic,0.00291397077964523,0.004601643048865417,0.004304147391441857,0.002130358824060167,0.0014610936634872043,0.0025044582596183158,0.9792785823345184,0.002805694484413818,True
plastic243.jpg,plastic,plastic,plastic,plastic,0.003610649006541931,0.003877362282946786,0.002358996612983644,0.0018125307078664006,0.0014898181660671474,0.0009180201567021617,0.9848603427410125,0.0010723126151367334,True
IMG_E1455.JPG,plastic,plastic,plastic,plastic,0.002004472637466405,0.002061957390811176,0.0011928962073570492,0.00098471038509153,0.0035584857781941334,0.0016067728494298086,0.9873381197452544,0.0012526241726177295,True
plastic381.jpg,plastic,plastic,plastic,plastic,0.0016614816419456525,0.000934224158184229,0.0008394723699258758,0.0011396764176310817,0.00042930526192033904,0.0004277844773127512,0.9932810902595519,0.001286972267739285,True
plastic827.jpg,plastic,plastic,plastic,plastic,0.001024916674941756,0.0015885480912402345,0.001787673938088096,0.0002164027363939531,0.0008195240289697245,0.0009453444043174369,0.9926827013492585,0.0009349324981459802,True
plastic339.jpg,plastic,paper,paper,paper,0.011828384391705514,0.0074682266457201385,0.023227722289024606,0.009127408991474751,0.052369769385919744,0.81444593667984,0.07460752534680062,0.006925107292341565,False
plastic2.jpg,plastic,plastic,plastic,plastic,0.00147859418251463,0.004928675709049844,0.0027562790156536623,0.0036412308388860943,0.0042299697990529,0.003455195863580204,0.9761263191699981,0.00338367008023959,True
plastic231.jpg,plastic,plastic,plastic,plastic,0.0025553490197909876,0.004027285007760038,0.0022059219922360373,0.0014612243744030892,0.0008804300389154943,0.007845622061854012,0.9782114088535308,0.0028127824159732266,True
plastic575.jpg,plastic,plastic,plastic,plastic,0.0005748737373817906,0.00043237410321726787,0.0003104866923177171,0.009692840976640499,0.0006792674058033251,0.0005509274496609976,0.987621647119522,0.0001375720630448328,True
plastic783.jpg,plastic,plastic,plastic,plastic,0.013413741099398196,0.031561001901991396,0.010893374154102211,0.03992336160736152,0.025257521169532976,0.07734568157175084,0.7689215123653412,0.03268381258346763,True
plastic707.jpg,plastic,plastic,plastic,plastic,0.006468360016878408,0.004466886142086702,0.004418581993494655,0.005256246483440886,0.0038880221682357097,0.0019305791778432256,0.9716427385807036,0.0019286458173837394,True
plastic22.jpg,plastic,plastic,plastic,plastic,0.002874323260044774,0.0034008658025413423,0.0028008398134378664,0.006307800025965118,0.004601856597783574,0.0009635464171883417,0.9774688601493835,0.0015819561435331628,True
plastic368.jpg,plastic,plastic,plastic,plastic,0.004762192164522902,0.0028454240411773086,0.001502634277005927,0.00031420434514007283,0.0031508620363215837,0.0032449402483501278,0.9828040957450865,0.0013757185020254565,True
plastic343.jpg,plastic,paper,plastic,plastic,0.0007933161929883525,0.0018451562772838193,0.00527298346860326,0.0007008219450653487,0.001461517524779743,0.3048266020603478,0.6813507286366075,0.0037489012874857446,True
plastic97.jpg,plastic,plastic,plastic,plastic,0.0010510116349921298,0.003681776067243007,0.0013924770113863119,0.009759047600337186,0.0027941321543438506,0.001073661152678902,0.9788582861423494,0.0013896579174070152,True
plastic_bottle 41.jpg,plastic,plastic,plastic,plastic,0.0014205165188620594,0.001506963565899843,0.000375449624408458,0.0006061669020610321,0.0005613793432915066,0.0008172463542450308,0.9939675986766815,0.0007446533002820155,True
plastic509.jpg,plastic,plastic,plastic,plastic,0.004425977079315693,0.02348584609532847,0.00964370308065546,0.006104787322692529,0.0224067431350704,0.006728552421554839,0.9188789904117585,0.008325417692349221,True
plastic559.jpg,plastic,plastic,plastic,plastic,0.0016321650604687868,0.0031571435003776324,0.00048533675098735455,0.0012803192745195501,0.0013319867142538278,0.010743678186486184,0.9782599389553069,0.003109450643070863,True
plastic285.jpg,plastic,plastic,plastic,plastic,0.00026146953169438656,0.0008156061174331495,0.0013906357343059113,5.9022810452802334e-05,0.000792928308920319,0.0007203272161723128,0.9954514563083647,0.0005085412060842773,True
IMG_E1423.JPG,plastic,plastic,plastic,plastic,0.0025291397945064885,0.002929115994999449,0.0012953090949166832,0.0023489674556539434,0.001112761615279732,0.00190747704951945,0.9857938587665558,0.0020834186137114402,True
plastic797.jpg,plastic,plastic,plastic,plastic,0.0006442533738983761,0.000952094114333131,0.0009118418438517025,0.0007091015946439354,0.001253655531674036,0.0006473713301125176,0.9917293310165405,0.0031523400150472143,True
plastic603.jpg,plastic,plastic,plastic,plastic,0.00225311946123838,0.004194654244929725,0.0033636532258242385,0.00263060618253154,0.000842122384349386,0.006099657062441895,0.9724908173084259,0.0081254486949352,True
plastic313.jpg,plastic,plastic,plastic,plastic,0.004247549223794559,0.00505202566273555,0.0041539851599869245,0.005796394875318332,0.0035287377913700816,0.002569977078231253,0.9721750140190124,0.0024762909515579717,True
plastic166.jpg,plastic,plastic,plastic,plastic,0.0038674596318741595,0.0017297095768184897,0.00315339354565363,0.0024337362439836897,0.004014816518611037,0.0023828942095860395,0.9805990815162657,0.0018189924086982245,True
IMG20221119104759.jpg,plastic,plastic,plastic,plastic,0.0006412020237462001,0.0016380826136177535,0.0014423633403808115,0.0031958687504612397,0.0024864353801603845,0.00081953794949279,0.9866780698299408,0.0030984299180260473,True
IMG20230302080045.jpg,plastic,plastic,plastic,plastic,0.004880921542657626,0.004815032379719629,0.0021534515779888137,0.0012703535473977622,0.0014280284755777601,0.0038597775719042553,0.9786710739135742,0.0029213978763252646,True
plastic183.jpg,plastic,plastic,plastic,plastic,0.003135472349825674,0.003598570451140592,0.005226263371651021,0.0018856196064180406,0.001600844068225045,0.001587102935043255,0.9810497999191283,0.0019163504010159544,True
plastic187.jpg,plastic,plastic,plastic,plastic,0.003826564756659889,0.0019778801634117273,0.001014749051980106,0.0012130092118142614,0.0007506092907581409,0.005135276494547639,0.9826321363449096,0.0034497562867480446,True
plastic644.jpg,plastic,plastic,plastic,plastic,0.004017927590783952,0.0019450674066355546,0.0019038498868940343,0.004125823320524547,0.0020373295785006983,0.0011674646521447102,0.9820713102817535,0.0027312385851738508,True
plastic237.jpg,plastic,plastic,plastic,plastic,0.0013467772514575496,0.0007312649278936657,0.000691807128207616,0.0017231416223125679,0.0018486444959228707,0.000873341264656324,0.9920845687389374,0.0007004397637544475,True
plastic311.jpg,plastic,plastic,plastic,plastic,0.00432313839020903,0.007159998081675413,0.004405148621456855,0.006500869923820542,0.003847388640973238,0.003179933704650874,0.9678497016429899,0.0027339041466808065,True
plastic350.jpg,plastic,paper,plastic,plastic,0.00219615512794777,0.003194243972566055,0.00433331397362053,7.92301711043712e-05,0.014735516160726488,0.28142255828715856,0.6931828532367944,0.0008561608380440019,True
plastic516.jpg,plastic,plastic,plastic,plastic,0.0004114537023724335,0.0008196719692932651,0.0007337294442691587,0.00084434576565397,0.0006700180259940354,0.0003461228162222981,0.9948164105415344,0.00135831808147484,True
plastic349.jpg,plastic,plastic,plastic,plastic,0.0017682224279297846,0.0018245013896375712,0.0011648413070051095,0.0006815011343799301,0.0012131085858285934,0.0006263048335967993,0.9916690766811371,0.001052471867814093,True
4266.JPG,plastic,plastic,plastic,plastic,0.026114460903954712,0.004105914443885093,0.003786370655311926,0.005138121434437043,0.001259607973756644,0.0017896362421152374,0.9533949434757232,0.004410940760537178,True
plastic361.jpg,plastic,plastic,plastic,plastic,0.0009054165569852625,0.0013942968737711413,0.0008938847882614941,0.0015948177479003145,0.0015438466715579256,0.001546355447697063,0.9912647426128386,0.0008566974916315567,True
plastic173.jpg,plastic,plastic,plastic,plastic,0.0007145348059793331,0.0012121783831389198,0.0017655776580795,0.00361322996905067,0.0003411052191950108,0.0033656380779574797,0.9886486172676086,0.0003390597955217294,True
plastic675.jpg,plastic,plastic,plastic,plastic,0.037408559693722004,0.012455129588488408,0.011801301252694393,0.26473293660674235,0.041746343905106134,0.01341946934990117,0.5667969107627868,0.05163931195857,True
plastic162.jpg,plastic,plastic,plastic,plastic,0.003200251935076921,0.0031565927900410544,0.0024530758617968998,0.0007395729956472769,0.003003684588696147,0.0018258340890860228,0.9820126891136167,0.0036082407925656763,True
plastic389.jpg,plastic,plastic,plastic,plastic,0.0028328178966585166,0.0011742911301911615,0.0017234002666730182,0.0004599598936850126,0.0005200412179907886,0.0018721620692538294,0.9907532989978791,0.0006639946927835911,True
plastic337.jpg,plastic,plastic,plastic,plastic,0.0019345348933715258,0.002851096121594297,0.002843974195836393,0.0029315674820533624,0.0014413756885640317,0.000754480576156829,0.9846236884593962,0.0026192734250820335,True
IMG20230302075651.jpg,plastic,plastic,plastic,plastic,0.0013255417822782614,0.0013559363778439142,0.0011470616962900404,0.06735301944427187,0.0010755880479379038,0.003978141488005302,0.922422617673874,0.0013420470074378727,True
IMG20221119110111.jpg,plastic,plastic,plastic,plastic,0.00241838217480103,0.004938727020527237,0.0011927668205316808,0.0036481509525401064,0.0034818727908032055,0.0005679077004970023,0.9825289428234101,0.0012232176467023047,True
plastic291.jpg,plastic,plastic,plastic,plastic,0.0006127510103411906,0.0007579118250271304,0.0005500944880653597,0.0003163922077419488,0.0013551841675408073,0.0005017189022633617,0.9953997075557708,0.000506224741529591,True
trash464.jpg,trash,trash,trash,trash,0.0002108513458227377,0.0010522986021784286,0.0026981214172143646,0.00039302374904310764,0.00047344424564862747,0.0014013070157421854,0.0027412743315154186,0.9910297095775602,True
Image_94.png,trash,trash,trash,trash,0.0037668952566155,0.009295755018774794,0.0016849303542855357,0.0024082115333663107,0.0016338897690029541,0.004119859115235155,0.006701863122760426,0.970388627052307,True
Image_8 - Copy.png,trash,trash,trash,trash,0.002308780236304521,0.007271484663727093,0.0032000930299669866,0.005267729967309571,0.0017850674763983357,0.008732758734060955,0.019575664241634146,0.951858425140381,True
Image_184.png,trash,trash,trash,trash,0.0031631426885723925,0.00382764185778793,0.00491712200455406,0.009452265687286823,0.0024571427376941044,0.004520987439901039,0.004776838328689375,0.9668848395347593,True
trash102.jpg,trash,trash,trash,trash,0.0007030896726751017,0.0004773915746994093,0.0003992220852602086,0.00035555528025618975,0.0003219977053389886,0.0006998902652431699,0.00012375298685593102,0.9969190716743468,True
trash673.jpg,trash,trash,trash,trash,0.001546148792840627,0.0015212998259984936,0.0020036787959002013,0.0008621858083743542,0.0007438757806214806,0.001782958070324108,0.0006509191184503432,0.9908889770507814,True
Image_55.png,trash,trash,trash,trash,0.004255043761804639,0.00871399622410534,0.00439518857747312,0.00541526111774144,0.0043420527130364995,0.006256522145122271,0.007332348357886019,0.9592896223068237,True
trash93.jpg,trash,trash,trash,trash,0.001317238433894963,0.003510960870104335,0.006411888541449877,0.0009368631302412678,0.002918973646281111,0.002856761724514415,0.0038584303278163174,0.9781888484954834,True
trash695.jpg,trash,trash,trash,trash,0.01126667357748367,0.015109862200915739,0.0056442945402522485,0.004909550305455869,0.00658062878064807,0.00676024921704077,0.0031647451454772995,0.9465640127658845,True
Image_46.png,trash,trash,trash,trash,0.003769074799508752,0.004050404252485371,0.004695460390759505,0.004026477598280317,0.0018875484820498616,0.0030298454768419455,0.005165125013748516,0.9733760595321654,True
trash572.jpg,trash,trash,trash,trash,0.0018896881265163111,0.0031492464429529357,0.004914140972226675,0.0011682637152469685,0.0028825453045722644,0.0018255011936285427,0.003301288913671229,0.9808693468570708,True
Image_63.png,trash,trash,trash,trash,0.0013237078790634474,0.003992870496587301,0.0021412475268234696,0.004585512122160363,0.0023828003788379506,0.0049499853058304335,0.004384189301835407,0.9762396514415741,True
trash647.jpg,trash,paper,trash,trash,0.0027672951371641,0.0048564794007688195,0.01080120089463883,0.00167332661803807,0.014593106112442869,0.19112981865182513,0.00421770205721258,0.7699610650539399,True
Image_10.png,trash,trash,trash,trash,0.0037780130341470717,0.0033311958073050842,0.002679414247553874,0.007059863590519487,0.0037941726390492048,0.0019076851921510439,0.0081447052818024,0.9693049132823945,True
trash235.jpg,trash,trash,trash,trash,0.008215859907142667,0.00915898721520248,0.0018188832940710155,0.0054618024279827196,0.013303448327228615,0.006067501983200399,0.0031790914133784597,0.9527944028377533,True
Image_175.png,trash,trash,trash,trash,0.0028974547848669902,0.0016552801425716278,0.002215936507582207,0.001360088035133327,0.0016154741576954697,0.002604929540632357,0.0029926046090731876,0.984658271074295,True
Image_134 - Copy.png,trash,trash,trash,trash,0.003380097279873908,0.004079317876894368,0.0018895150868409203,0.0028069765218368533,0.0021537095381328943,0.0024976619399623423,0.004386483915460328,0.9788062572479248,True
Image_14.png,trash,trash,trash,trash,0.003399719065055261,0.009566663019359167,0.0030116752255712003,0.004692847141996108,0.0023120677331462196,0.003118740022182906,0.004210217017680393,0.9696880161762238,True
trash269.jpg,trash,trash,trash,trash,0.00214535681298001,0.0009329255592091946,0.01624880610033866,0.00273641848471007,0.00179756425204682,0.00069941169567751,0.0016703340923413298,0.973769164085388,True
trash53.jpg,trash,trash,trash,trash,0.0020685813262982257,0.0144705051439814,0.0029482412199741672,0.004227734947744438,0.0019538011768076616,0.0023954250263178633,0.0014942299437591886,0.9704414308071136,True
trash312.jpg,trash,trash,trash,trash,0.00223169800592585,0.0011301688909838615,0.0011647894174529566,0.0010977550526148799,0.00097090557683253,0.0024690508542334535,0.004458971228450489,0.9864766776561738,True
trash320.jpg,trash,trash,trash,trash,0.0019014207151485298,0.0026368362069518875,0.00266866891324749,0.0033387229923959546,0.0013882935611036111,0.007454323866568293,0.0012588660700202782,0.9793528854846953,True
trash190.jpg,trash,trash,trash,trash,0.0014080825056875133,0.0025056583601665077,0.0012841723309609866,0.003971340797718218,0.0014565372102065034,0.0018992797278578946,0.0030658463942772026,0.9844091057777404,True
trash37.jpg,trash,trash,trash,trash,0.004677276978642446,0.005029143666207095,0.002460025729789383,0.013237122148268525,0.0031992055377528124,0.0056217400833648,0.0010796820823188778,0.9646958351135253,True
trash399.jpg,trash,trash,trash,trash,0.009863023858633769,0.003290347872342583,0.0050327312216268145,0.002544218928205957,0.004194309667231773,0.0014481812557490398,0.009900423738235943,0.9637267291545868,True
trash68.jpg,trash,plastic,trash,trash,0.0016519133212511787,0.002710001007835662,0.00031945588828955103,0.0015033184288767698,0.00076667449902742,0.0017368393814648966,0.30126278982497745,0.6900489950086921,True
trash166.jpg,trash,trash,trash,trash,0.0028778268405175813,0.002279657108692803,0.0016583594222822303,0.0011759018657698636,0.001496375913802665,0.001233826642561529,0.004728778341086489,0.9845492541790007,True
trash351.jpg,trash,trash,trash,trash,0.0081163478934551,0.01097145148748429,0.004722466194240781,0.018432694520043917,0.004532874887982226,0.006386392759911437,0.006948345091791387,0.9398894309997559,True
Image_243 - Copy.png,trash,trash,trash,trash,0.0015875526046961572,0.0022615835269914923,0.004250139916030045,0.013066356452178695,0.003667386436631349,0.00412623542360955,0.003988358063617128,0.9670523881912232,True
trash624.jpg,trash,trash,trash,trash,0.013111042790115865,0.000845343631226801,0.006291998643428194,0.0011502610635943699,0.0029117232659140796,0.0016731659416113747,0.0019985862833909146,0.9720178842544553,True
Image_169.png,trash,trash,trash,trash,0.0020247017732305836,0.0038841902359645236,0.0018102174768634498,0.0023910834221223696,0.0017400147393425156,0.0010596243195130492,0.003954922243877503,0.9831352531909943,True
trash491.jpg,trash,trash,trash,trash,0.001202862192712875,0.0022886173519609306,0.001240388344994996,0.0031316391265368564,0.00489865818302632,0.0014464128235715079,0.0006560403521275987,0.9851353883743286,True
Image_177 - Copy.png,trash,trash,trash,trash,0.0021668809622666808,0.0059260972605102704,0.001486855817557217,0.001403524378153329,0.005672092829186049,0.004191791810157883,0.008599385381572193,0.9705533742904664,True
trash310.jpg,trash,trash,trash,trash,0.0017509035313364805,0.0015588237137230693,0.001777266599179813,0.000673722509705192,0.00152609882646265,0.0016829381498982556,0.0005121315750818952,0.9905180990695952,True
Image_69 - Copy.png,trash,trash,trash,trash,0.002845302783112108,0.003617574088279282,0.0026723755525246136,0.006412752904017178,0.0021310251671820355,0.002269377514071252,0.0015991676366902594,0.9784524440765379,True
Image_193 - Copy.png,trash,trash,trash,trash,0.001295354058505136,0.0064255674050125765,0.0030883169655604274,0.008148847011898235,0.0038527896136512957,0.002516800340681837,0.002860780188478129,0.9718115687370299,True
Image_57.png,trash,trash,trash,trash,0.01616524573828428,0.0309825304058904,0.002717878718030368,0.04371550459181885,0.059659455285739627,0.021765068062359165,0.03652134879703225,0.7884729206562042,True
Image_102 - Copy.png,trash,trash,trash,trash,0.0015196092193945604,0.0028822011314331908,0.0011997849331236998,0.00267907164525238,0.0019093782175332197,0.0016406710259615925,0.0022481609135865635,0.9859211564064025,True
trash492.jpg,trash,trash,trash,trash,0.0003837915206076318,0.0012007983062630738,0.000946790998545964,0.0022543603961821096,0.0010477144544665312,0.00123509899502203,0.0007205428483757349,0.9922109186649322,True
Image_21.png,trash,trash,trash,trash,0.004848514316688833,0.004808425111895794,0.006789631212698513,0.01513875761199371,0.003910635286036537,0.005978694991493333,0.00734761711231509,0.9511777043342591,True
trash62.jpg,trash,trash,trash,trash,0.002165281146517322,0.0018852185110403963,0.0024449898898410284,0.002257550760623351,0.0027476123873270376,0.002705832568540231,0.0010459871957208993,0.9847475290298462,True
Image_182.png,trash,trash,trash,trash,0.003993225796173835,0.004226430412409617,0.0029651020185347196,0.00474017598160545,0.0023406724445683533,0.0029190810236520027,0.010542844329576381,0.9682725131511687,True
trash405.jpg,trash,trash,trash,trash,0.0019869780387546084,0.0026119241493547957,0.0019090203184760153,0.0025373075731323197,0.004000363410148085,0.0015853603477557119,0.005373417921873584,0.9799956321716308,True
trash133.jpg,trash,trash,trash,trash,0.000898111809750547,0.0010843362711398061,0.0012715002757330098,0.0005423479175899577,0.0008467447120696248,0.0003172472439773332,0.0005683278450875666,0.9944713652133941,True
Image_21 - Copy.png,trash,trash,trash,trash,0.004781951056793331,0.003253381280425658,0.0035241016187130972,0.0039052644058402424,0.0023208908969535847,0.005458280073336281,0.0037991689992322307,0.972956907749176,True
Image_228.png,trash,trash,trash,trash,0.003177087707470311,0.0065014154650273135,0.005509490147605522,0.0077667962759789605,0.00212660087272565,0.004136267118157685,0.0034521462861450154,0.9673302352428437,True
Image_60 - Copy.png,trash,trash,trash,trash,0.004694200074300129,0.0037598367634927286,0.005546646924904003,0.011459106788970509,0.009870348383401482,0.002316946119390126,0.00818069241940967,0.9541722655296325,True
Image_247.png,trash,trash,trash,trash,0.004436785372672539,0.006097847964713256,0.0028758618849678555,0.004439218458286108,0.002814667553616288,0.008255363962962229,0.07505816470365967,0.8960220277309416,True
Image_162 - Copy.png,trash,trash,trash,trash,0.008631766214966722,0.00741000901907679,0.0053247379604727,0.0066463385708630885,0.00481269522570067,0.0021732896799221647,0.00396032733842725,0.9610408306121827,True
trash350.jpg,trash,trash,trash,trash,0.002847775223955314,0.0010949982774717197,0.004011127544665126,0.0006747999840853874,0.002489154872166765,0.0009528604591558002,0.0010018630610488216,0.9869274497032166,True
trash488.jpg,trash,trash,trash,trash,0.001094978870278076,0.001472038336798088,0.0011323691198409165,0.0015461262695907517,0.0014181914136374236,0.004831872775751427,0.0008008015205944763,0.987703663110733,True
Image_231.png,trash,trash,trash,trash,0.001603238426621086,0.0011134129046012652,0.00048786038591965594,0.004040805267283012,0.0021214640999403242,0.00243890182464376,0.0020371699938550197,0.9861571490764618,True
trash212.jpg,trash,trash,trash,trash,0.0022409776692068673,0.004251569975680448,0.004109333130776132,0.002984423140864508,0.0011199204367677443,0.0007870383212062309,0.003903471259426391,0.9806032359600068,True
trash297.jpg,trash,trash,trash,trash,0.0012997759280461007,0.001882418742303089,0.0010293980223353087,0.0014047672664863355,0.002279191016609478,0.0018140572130081036,0.004049912217347156,0.98624050617218,True
trash120.jpg,trash,trash,trash,trash,0.0021470816295788525,0.0022903572285639636,0.0006266410882212849,0.0007277852661587231,0.004396307803436604,0.0024646065358978394,0.0016526929565057922,0.985694521665573,True
Image_47 - Copy.png,trash,trash,trash,trash,0.0023639165330678097,0.004307648632675363,0.0021392358466982312,0.0018242680002004518,0.0023978419369086,0.004719823179766545,0.0036483915988355714,0.978598892688751,True
trash473.jpg,trash,trash,trash,trash,0.00123957699445214,0.0022930198705004325,0.002000898625393722,0.009306097435376097,0.002382790619927843,0.00398863896201284,0.0008877150350413659,0.9779012501239777,True
Image_97.png,trash,trash,trash,trash,0.0038671241840347198,0.004531154325579903,0.0024082529625388638,0.0037786221972055173,0.0042864074239361075,0.01455359436055228,0.03364083890519394,0.9329339921474458,True
Image_9.png,trash,trash,trash,trash,0.007987592202334776,0.006000715558934607,0.00476761074969539,0.005019945403489564,0.003805718704097637,0.0032090322615004534,0.004274529217536777,0.9649348258972167,True
trash179.jpg,trash,metal,trash,trash,0.00298888836987312,0.005585913307731909,0.0014407865544149017,0.003586611968785281,0.2244763130322098,0.003075188014918211,0.005327356019915895,0.7535189658403396,True
Image_103.png,trash,trash,trash,trash,0.003769074799508752,0.004050404252485371,0.004695460390759505,0.004026477598280317,0.0018875484820498616,0.0030298454768419455,0.005165125013748516,0.9733760595321654,True
trash6.jpg,trash,trash,trash,trash,0.0005614157854316918,0.0007504917417498703,0.00039747835410620014,0.0005077296814533297,0.0032633116039960035,0.0018038362001911352,0.003866863482107859,0.9888489067554473,True
trash589.jpg,trash,trash,trash,trash,0.002843509667693257,0.010345026168977874,0.005800385340210938,0.002836765163349118,0.0028106336947532565,0.0036764931865317096,0.00505457371512961,0.9666326224803923,True
trash125.jpg,trash,trash,trash,trash,0.0043915029349247455,0.0051661213883011405,0.00170741747160718,0.011852707508794627,0.00844843686006697,0.0028456535549449603,0.001572978911327304,0.9640151739120482,True
trash446.jpg,trash,trash,trash,trash,0.00038714006659665,0.001886429125469724,0.001627049688251161,0.0012014664942456442,0.0012829319573938723,0.0022675878135570084,0.0027376261539757726,0.9886098027229309,True
trash546.jpg,trash,trash,trash,trash,0.000801044419964388,0.004309493923426307,0.0010305005816375519,0.0011575370608625103,0.0032875886954509144,0.004469071391623178,0.0039061703852581375,0.9810385823249816,True
trash662.jpg,trash,trash,trash,trash,0.003472327199483486,0.0034126546279702463,0.0050831677812938365,0.0009979933240969558,0.0021027719176972747,0.0029050556493923512,0.005676695208239816,0.9763493835926056,True
Image_204 - Copy.png,trash,trash,trash,trash,0.006960784550821257,0.027825080941274047,0.004329926606642674,0.004092404658260199,0.007220176048580662,0.024149441347426782,0.019120338809174322,0.9063018083572387,True
Image_53 - Copy.png,trash,trash,trash,trash,0.002857904924922706,0.01659365189037766,0.0020370549066342346,0.006049997277805079,0.0016706370136673147,0.0005521999751991984,0.005509039720470801,0.9647295296192169,True
Image_175 - Copy.png,trash,trash,trash,trash,0.003982409072711132,0.0005406959331938896,0.002713116036566271,0.00041213706138152305,0.0011682155907237256,0.0019147413865538967,0.0011767870410409544,0.988091915845871,True
trash479.jpg,trash,trash,trash,trash,0.02705363403074441,0.015526500279065636,0.013816400275101134,0.11537591526284806,0.05287127266637977,0.011423414521925666,0.00844469504954754,0.7554881870746613,True
trash250.jpg,trash,trash,trash,trash,0.0019223663723095998,0.0024551858194171864,0.00192701199557629,0.002504328801296631,0.0017837684135891072,0.0021423039725049896,0.0005348481587134003,0.9867301702499389,True
trash134.jpg,trash,trash,trash,trash,0.000623584471171229,0.0005885032115044718,0.0006107265793769813,0.0014002794171681608,0.0005107482617151394,0.00020939129657276633,9.135164486665916e-05,0.9959654033184051,True
Image_197.png,trash,trash,trash,trash,0.00427199728046614,0.0027314034006848714,0.00224893434788097,0.0055479272240517696,0.003787497962270566,0.0029072947800158695,0.00484335219953202,0.9736615538597106,True
Image_83 - Copy.png,trash,trash,trash,trash,0.0016681505134329,0.00357448277063661,0.00057047447771762,0.0015710784355177894,0.00093990017194297,0.0018179087899625114,0.002285086154006392,0.9875729382038116,True
trash686.jpg,trash,trash,trash,trash,0.0025159983381171534,0.0025210472245646384,0.0027364355040849745,0.006131002266229751,0.0032603965508876402,0.0010100998873180007,0.004053321801973192,0.9777717411518096,True
trash431.jpg,trash,trash,trash,trash,0.005842540245978549,0.016228766352964257,0.009356109527756448,0.0702959641341294,0.02667088821122747,0.010715791809983133,0.0023220161107693907,0.8585679173469543,True
trash433.jpg,trash,trash,trash,trash,0.00359320379795128,0.00957435444017295,0.005070260353437899,0.009574838177687216,0.0056957720779089735,0.017325449734974577,0.005174767971042332,0.9439913332462309,True
Image_209.png,trash,trash,trash,trash,0.003004900175801543,0.0008657345277656427,0.0005976853319422189,0.0013378208057182712,0.0011442786376106853,0.0010775125703094367,0.0008681840983086562,0.9911038756370543,True
trash257.jpg,trash,trash,trash,trash,0.0020510171820823913,0.005916308026462856,0.0030709275688618697,0.006164361068658698,0.0007582874678670333,0.0011923457073223485,0.0006151690448688781,0.9802315831184387,True
trash230.jpg,trash,trash,trash,trash,0.0022237885044889554,0.0036157112102990613,0.00178111882416699,0.0061529963277287,0.001955960927333528,0.0038590161129833387,0.0010000871028751845,0.9794113278388976,True
trash576.jpg,trash,trash,trash,trash,0.0020169766498383665,0.009461365826439297,0.003546432576294456,0.0010632267847057264,0.0069040475570751655,0.005828859426949842,0.004260443128669011,0.9669185936450958,True
trash207.jpg,trash,trash,trash,trash,0.002626778461403067,0.0018460417701775865,0.0012427777375440994,0.004868818888617436,0.0015885036318304118,0.001900854509989895,0.0027467717557184607,0.9831794142723083,True
Image_223.png,trash,trash,trash,trash,0.0044518932277241565,0.002458344296871893,0.0058655898701545015,0.002052290942629004,0.0037052451520138887,0.00177109070649515,0.0035978577471666314,0.9760976791381835,True
Image_222.png,trash,trash,trash,trash,0.003979115841206072,0.00352845778720483,0.004612264663486353,0.014379385391098846,0.00464798454219241,0.003419975380986689,0.006473297931561215,0.9589595079421998,True
trash525.jpg,trash,trash,trash,trash,0.0008878583667337489,0.00046867680712400225,0.00047636976271698514,0.0003762479949610731,0.0009466225177008908,0.0021635481158063597,0.00035969327917929845,0.9943210065364838,True
Image_106 - Copy.png,trash,trash,trash,trash,0.001976650767033664,0.005009210435673629,0.004318788088950961,0.010378662032421587,0.0034794662147761583,0.0030767766152931387,0.0009439934563182776,0.9708164632320404,True
Image_60.png,trash,trash,trash,trash,0.002586719184182737,0.004943044530235685,0.003076112875719592,0.0044435037768000545,0.0015601133694871925,0.005189911555499759,0.0010731186834180026,0.9771274387836455,True
Image_205.png,trash,trash,trash,trash,0.0032511738594822198,0.0031162985600534537,0.003464176933169722,0.004192202352887287,0.0018125103553788215,0.0028793933164019863,0.007739947365953421,0.9735442876815796,True
trash355.jpg,trash,trash,trash,trash,0.0025381763000048496,0.002033232764096478,0.0018366317730511923,0.0018198885100378307,0.0016878432361410495,0.011044904775955306,0.002960962243866578,0.9760783553123475,True
trash106.jpg,trash,trash,trash,trash,0.0004699190309338258,0.0016127495990076398,0.0003152849650191754,0.08910442984197284,0.06926596150733527,0.00336786415136879,0.0038977005984633497,0.8319660454988478,True
Image_134.png,trash,trash,trash,trash,0.004866645020302685,0.008686400204963668,0.002399487725509149,0.010319286839662708,0.005631780345455795,0.006337291434860608,0.005722735729912483,0.956036376953125,True
Image_38 - Copy.png,trash,trash,trash,trash,0.0017701958073304187,0.006076715141735001,0.0009238940081741071,0.00299911033362166,0.0006236781831833336,0.0004247586710649006,0.011892459189727457,0.9752891540527344,True
Image_124.png,trash,trash,trash,trash,0.002996105933562273,0.005173335038125482,0.0034184704069098316,0.006559936888535891,0.0035395679064096895,0.005056336848908971,0.004940431285656589,0.9683157801628111,True
Image_52 - Copy.png,trash,trash,trash,trash,0.004722458590442898,0.010294259805376328,0.0025964112033182874,0.0033481162042081286,0.003110483055934805,0.0067187716979799335,0.005802347673898464,0.9634071230888366,True
trash275.jpg,trash,trash,trash,trash,0.0026089937656159417,0.004864116591392633,0.0024581170439873018,0.007741184866574705,0.0021798114334742333,0.002518420696128531,0.0009412937214527131,0.9766881108283995,True
trash459.jpg,trash,trash,trash,trash,0.0005783466757179016,0.07139998415950678,0.001876402661582626,0.0006477561743281474,0.000532693622860544,0.0005433003118695751,0.0033680848544463396,0.9210534632205962,True
Image_49.png,trash,trash,trash,trash,0.0034447707238837604,0.004454262834042906,0.0028912413865397114,0.0076404843479408015,0.005735981557518246,0.003036978421735723,0.011416682414732062,0.9613795816898345,True
Image_88 - Copy.png,trash,trash,trash,trash,0.0010808608740707293,0.004045572716445789,0.0008312359591993822,0.0020451958529818614,0.001489218558760074,0.005660719427265873,0.0005272258931287023,0.9843199551105498,True
Image_111.png,trash,trash,trash,trash,0.002069660571785457,0.009248777547555445,0.002062884419110092,0.00704097394003991,0.003944448116670959,0.0022183517382565144,0.009166950518459078,0.9642479777336119,True
trash11.jpg,trash,trash,trash,trash,0.0028486368335506403,0.006907837543258194,0.003755542573435317,0.004723101673835066,0.005106766178141679,0.004466515987405712,0.003950507799163419,0.9682410478591919,True
trash232.jpg,trash,trash,trash,trash,0.0027136193125726045,0.0009997142507878192,0.0007466869682004089,0.0019377174962414377,0.0019870541083054903,0.0027783615532267457,0.003854741095660312,0.9849821269512176,True
trash117.jpg,trash,trash,trash,trash,0.0007781103603351654,0.0006867167190722668,0.000950153986923375,8.911028126030982e-05,0.0006593441881766075,0.0006355777848512541,0.00023619681305718932,0.9959648191928863,True
trash38.jpg,trash,trash,trash,trash,0.0013971333511214501,0.0031767395587848873,0.004171852930824098,0.00025077000821049623,0.005382683509196747,0.00208937080419726,0.013006735212775287,0.9705247044563293,True
Image_196 - Copy.png,trash,trash,trash,trash,0.00186564491232271,0.017222109675640206,0.0008564843912608599,0.02856330308131868,0.0008720004640053099,0.00156798828393217,0.03193682280834761,0.9171156466007231,True
trash184.jpg,trash,trash,trash,trash,0.0035998648504720395,0.0020320217590791725,0.0010255569475704294,0.009880025498571171,0.002502492000364742,0.004739245027317414,0.001024587696883876,0.9751962363719942,True
trash35.jpg,trash,trash,trash,trash,0.0018560237669358293,0.0010218358373841974,0.001332754979376644,0.005659168400200867,0.0005769082125334635,0.0004749794101855834,0.001033399380408677,0.988044911623001,True
Image_22.png,trash,trash,trash,trash,0.009145067036049288,0.003921967729049882,0.002585524657496868,0.001000185158709868,0.007780414601821028,0.003998208548186774,0.020762657235475195,0.950805950164795,True
trash256.jpg,trash,trash,trash,trash,0.0009523847140378199,0.0015235207781819334,0.0008149563102078521,0.0014443199409488838,0.0024875951700085407,0.0014638139866364108,0.0008413912500015693,0.990472036600113,True
Image_131 - Copy.png,trash,trash,trash,trash,0.0019166891883137316,0.0019300535554085932,0.0008100207471022591,0.0005127103076617817,0.004612622137358143,0.004529959191904408,0.005909166121638106,0.9797787845134736,True
Image_236 - Copy.png,trash,trash,trash,trash,0.004654558245696529,0.00877186759458223,0.0024874949010677415,0.00743029748555266,0.004766974228165663,0.0009987677247299711,0.0028003260951137672,0.9680897355079651,True
trash532.jpg,trash,trash,trash,trash,0.003712825920817408,0.0008621477753349928,0.0015295805742761097,0.0007596949762728241,0.0025714814192508983,0.007397910672926844,0.0009990014223141778,0.982167410850525,True
trash447.jpg,trash,trash,trash,trash,0.0013555764893524434,0.004005333723125616,0.002093407209531441,0.0040653475211001,0.0014488906042515732,0.0033298500946499906,0.00511395735666152,0.9785876810550689,True
trash323.jpg,trash,trash,trash,trash,0.0037704676389693596,0.005880479607731495,0.008909869287162973,0.003648116160184603,0.003669526707381081,0.0048972770571708195,0.005176871083676811,0.9640473663806914,True
trash510.jpg,trash,trash,trash,trash,0.00020175915842626492,0.0004721658169728029,0.0021504682703379725,0.0005057331000443163,0.0005734308319005987,0.0009271822781840775,0.00038049812647071866,0.994788783788681,True
trash291.jpg,trash,trash,trash,trash,0.0017768470803275526,0.001350165472834942,0.003437718190252852,0.0009221106651239643,0.0010090721072638145,0.0011454313527792105,0.00045074561494396,0.9899078965187071,True
Image_65.png,trash,trash,trash,trash,0.0026453209577517,0.007521731499582655,0.004622274545078218,0.006391538586477771,0.004298878926790469,0.0037020346619394016,0.006113937498820844,0.9647042989730836,True
Image_160 - Copy.png,trash,trash,trash,trash,0.0038572763558476796,0.001073959899490422,0.0009440048312670208,0.001893713833896971,0.0012322345772189974,0.0007844459290879245,0.0027504972868996258,0.9874638736248017,True
trash29.jpg,trash,trash,trash,trash,0.00486975708045058,0.0013235000520441555,0.000210215488136692,0.00024887126913308014,0.0003655659829568497,0.0011964402952457575,0.001010317062264193,0.9907753348350525,True
trash643.jpg,trash,trash,trash,trash,0.0004169435473852316,0.0019957425665548495,0.002024994488474331,0.0005383855767111203,0.001666402213666346,0.0009026910178515883,0.0007093869502741393,0.9917454302310944,True
trash165.jpg,trash,trash,trash,trash,0.0029559421019310222,0.0031375737426956127,0.0034773285519777925,0.0017200022745667552,0.010144250852333747,0.001385330279683116,0.0018978934243440001,0.9752817273139953,True
