image,true_class,predicted_class,prob_battery,prob_biological,prob_cardboard,prob_glass,prob_metal,prob_paper,prob_plastic,prob_trash
battery297.jpg,battery,battery,0.9517614841461182,0.008291338570415974,0.005495165940374136,0.0037367823533713818,0.005573861766606569,0.008081609383225441,0.0136338472366333,0.0034258542582392693
battery911.jpg,battery,battery,0.8992934226989746,0.020940903574228287,0.012515876442193985,0.00745186023414135,0.012444185093045235,0.024209000170230865,0.008045039139688015,0.015099713578820229
battery684.jpg,battery,battery,0.9524689316749573,0.0056902398355305195,0.0037558325566351414,0.010630402714014053,0.003946275915950537,0.012188868597149849,0.00665754359215498,0.004662131424993277
battery219.jpg,battery,battery,0.9801598787307739,0.0030509037896990776,0.0013403145130723715,0.002159592928364873,0.0035617181565612555,0.0027252649888396263,0.006060330662876368,0.0009419153793714941
battery495.jpg,battery,battery,0.903527021408081,0.01859789900481701,0.010887499898672104,0.00438945135101676,0.018832407891750336,0.017801867797970772,0.009918506257236004,0.016045277938246727
battery443.jpg,battery,battery,0.9621772766113281,0.004330456256866455,0.0039781308732926846,0.005273331888020039,0.0024169047828763723,0.006738284137099981,0.0027567390352487564,0.012328952550888062
battery352.jpg,battery,battery,0.942793071269989,0.0074977148324251175,0.006425078958272934,0.006364447996020317,0.01727740839123726,0.0059228939935564995,0.011773909442126751,0.001945331459864974
battery608.jpg,battery,battery,0.9608569741249084,0.008756397292017937,0.0022258535027503967,0.009457306005060673,0.0057717072777450085,0.005960179027169943,0.0047432370483875275,0.002228438388556242
battery928.jpg,battery,battery,0.981094241142273,0.0015445718308910728,0.0010898354230448604,0.0015801902627572417,0.0017865365371108055,0.008987748064100742,0.0021890909411013126,0.0017278763698413968
battery349.jpg,battery,battery,0.9390186071395874,0.010445616208016872,0.005155473481863737,0.007486108224838972,0.0041941492818295956,0.01789998635649681,0.007740792352706194,0.008059350773692131
battery825.jpg,battery,battery,0.9672650694847107,0.0057140220887959,0.0076005891896784306,0.005635174922645092,0.002790026366710663,0.005298418924212456,0.0033362098038196564,0.0023604140151292086
battery611.jpg,battery,battery,0.9585675001144409,0.00590139627456665,0.005355913192033768,0.005030426662415266,0.005943273194134235,0.005659594666212797,0.009465319104492664,0.004076608456671238
battery382.jpg,battery,battery,0.9650617241859436,0.003837403142824769,0.006378442980349064,0.004823610652238131,0.0024597090668976307,0.003293856978416443,0.005547564942389727,0.00859776884317398
battery764.jpg,battery,battery,0.979252278804779,0.0031604981049895287,0.003735658247023821,0.0033868332393467426,0.0022477286402136087,0.003630296094343066,0.0007792572723701596,0.003807414323091507
battery387.jpg,battery,battery,0.9444866180419922,0.007356114219874144,0.008079380728304386,0.008426450192928314,0.0077116708271205425,0.00461479090154171,0.01186615601181984,0.007459012791514397
battery538.jpg,battery,battery,0.8647271394729614,0.010750059969723225,0.008808506652712822,0.009474290534853935,0.005946331657469273,0.05477536842226982,0.00521641643717885,0.040301818400621414
battery707.jpg,battery,battery,0.9724521040916443,0.003651052014902234,0.002890752162784338,0.0010523521341383457,0.0029525079298764467,0.007844880223274231,0.005514667369425297,0.003641732269898057
battery11.jpg,battery,battery,0.9692733287811279,0.0026659818831831217,0.005777036305516958,0.004548859782516956,0.0028901314362883568,0.0019429440144449472,0.0031274680513888597,0.009774233214557171
battery91.jpg,battery,battery,0.965286135673523,0.005107076372951269,0.004146248567849398,0.003881048411130905,0.002990392502397299,0.004610707517713308,0.007051859982311726,0.0069265663623809814
battery51.jpg,battery,battery,0.9692664742469788,0.00418722303584218,0.004562565591186285,0.0038178344257175922,0.0044461688958108425,0.0030826483853161335,0.005631725303828716,0.00500537408515811
battery370.jpg,battery,battery,0.929131269454956,0.011000169441103935,0.007941938936710358,0.01658918894827366,0.007889330387115479,0.011660503223538399,0.009232006035745144,0.006555618718266487
battery351.jpg,battery,battery,0.9205403327941895,0.008690645918250084,0.010841201059520245,0.010449517518281937,0.007672687526792288,0.008752715773880482,0.027516623958945274,0.005536267533898354
battery771.jpg,battery,battery,0.912909746170044,0.0035675708204507828,0.008203569799661636,0.0255983155220747,0.006044974084943533,0.0028190510347485542,0.011288831010460854,0.029567798599600792
battery926.jpg,battery,battery,0.988172709941864,0.001639727153815329,0.002997593954205513,0.0011601857841014862,0.0008523728465661407,0.0018776083597913384,0.0021269447170197964,0.0011726623633876443
battery777.jpg,battery,battery,0.9417307376861572,0.009229441173374653,0.003437628736719489,0.008192180655896664,0.00685475580394268,0.004010979551821947,0.024681322276592255,0.0018628821708261967
battery793.jpg,battery,battery,0.9894753694534302,0.0028409254737198353,0.0008845849079079926,0.0013354134280234575,0.0019183134427294135,0.0011674021370708942,0.0015658370684832335,0.0008122638682834804
battery172.jpg,battery,battery,0.9544032216072083,0.004348922520875931,0.0032205472234636545,0.002754883375018835,0.024228155612945557,0.001235611387528479,0.007493168115615845,0.002315578516572714
battery480.jpg,battery,battery,0.9592244625091553,0.004810773767530918,0.004971045069396496,0.003272180911153555,0.0028006285429000854,0.01038289163261652,0.006703289225697517,0.0078346636146307
battery85.jpg,battery,battery,0.9711604118347168,0.00469972612336278,0.004032696131616831,0.005222911015152931,0.002260684035718441,0.004562980495393276,0.003363432129845023,0.0046972124837338924
battery392.jpg,battery,battery,0.9474551677703857,0.008833758533000946,0.007953878492116928,0.005290322005748749,0.014679951593279839,0.004084174521267414,0.0070007252506911755,0.004701940342783928
battery591.jpg,battery,battery,0.9027112126350403,0.01850280538201332,0.010771697387099266,0.008198744617402554,0.007332958746701479,0.02065100148320198,0.016093747690320015,0.015737850219011307
battery148.jpg,battery,battery,0.9638380408287048,0.00595786701887846,0.008216737769544125,0.0022120533976703882,0.010662423446774483,0.002956712618470192,0.0022136562038213015,0.003942640498280525
battery342.jpg,battery,battery,0.9171298742294312,0.012287560850381851,0.014357068575918674,0.010196086950600147,0.008242825046181679,0.016263842582702637,0.00975705310702324,0.011765723116695881
battery371.jpg,battery,battery,0.950927197933197,0.0074010551907122135,0.006706683896481991,0.00483818631619215,0.0058029284700751305,0.006822903640568256,0.01458896417170763,0.002912078518420458
battery151.jpg,battery,battery,0.9606637358665466,0.005549403373152018,0.003262094222009182,0.01202448271214962,0.003627343103289604,0.004084903746843338,0.006832991726696491,0.003955022431910038
battery211.jpg,battery,battery,0.9635843634605408,0.004533867817372084,0.002728493185713887,0.007207943592220545,0.0039818063378334045,0.004534557461738586,0.007437829859554768,0.005991233047097921
battery426.jpg,battery,battery,0.9363669157028198,0.008788243867456913,0.007266773842275143,0.005060913506895304,0.007387179881334305,0.010594961233437061,0.013342775404453278,0.011192142963409424
battery340.jpg,battery,battery,0.9489794373512268,0.009024033322930336,0.005904682911932468,0.007831981405615807,0.008064632304012775,0.009124434553086758,0.008078229613602161,0.0029926360584795475
battery604.jpg,battery,battery,0.9601895809173584,0.004115889314562082,0.004420908633619547,0.006812621373683214,0.005408362485468388,0.007930309511721134,0.006226052530109882,0.004896295722573996
battery745.jpg,battery,battery,0.9766346216201782,0.004144625272601843,0.0035910564474761486,0.0026723751798272133,0.004226394928991795,0.0035641626454889774,0.0029565419536083937,0.0022100554779171944
battery92.jpg,battery,battery,0.900619626045227,0.012907813303172588,0.008160906843841076,0.029696734622120857,0.010556264780461788,0.009883205406367779,0.019065292552113533,0.00911006797105074
battery576.jpg,battery,battery,0.9475941061973572,0.010703121311962605,0.0065444218926131725,0.006140216253697872,0.0060113780200481415,0.009387710131704807,0.008202916942536831,0.00541602773591876
battery10.jpg,battery,battery,0.9388905763626099,0.013313036412000656,0.006423060782253742,0.00965314731001854,0.004049985203891993,0.00903257168829441,0.008612522855401039,0.010025180876255035
battery123.jpg,battery,battery,0.9730961918830872,0.004892413970082998,0.004925028420984745,0.0009922493482008576,0.003779045306146145,0.005762320477515459,0.0027702758088707924,0.003782560583204031
battery327.jpg,battery,battery,0.9502372741699219,0.006719283293932676,0.005928005091845989,0.009809382259845734,0.0074701146222651005,0.008479679934680462,0.006491287145763636,0.004865093622356653
battery517.jpg,battery,battery,0.9610099792480469,0.00870873685926199,0.0048325927928090096,0.0077703665010631084,0.007685168646275997,0.004586857743561268,0.0036718002520501614,0.0017346309032291174
battery466.jpg,battery,battery,0.9423274993896484,0.006598285399377346,0.007389584556221962,0.004287450108677149,0.008967426605522633,0.01060288306325674,0.012594820000231266,0.007232079282402992
battery417.jpg,battery,battery,0.9457647800445557,0.006764782592654228,0.006369398906826973,0.0054653179831802845,0.00872097723186016,0.011764323338866234,0.00787791982293129,0.007272625342011452
battery831.jpg,battery,battery,0.9661591053009033,0.004813827574253082,0.003751641372218728,0.0031567728146910667,0.007848984561860561,0.004520913120359182,0.006956882309168577,0.002791790524497628
battery437.jpg,battery,battery,0.9288570880889893,0.010429655201733112,0.010086609981954098,0.007148209027945995,0.009014823473989964,0.015491059981286526,0.009446819312870502,0.009525874629616737
battery435.jpg,battery,battery,0.9501783847808838,0.009146132506430149,0.006994905881583691,0.0036565379705280066,0.00594298867508769,0.008325270377099514,0.01131495088338852,0.00444085942581296
battery555.jpg,battery,battery,0.9396690726280212,0.01428093109279871,0.005819075740873814,0.005301717668771744,0.0054746363312006,0.011890877969563007,0.005353237502276897,0.01221060287207365
battery640.jpg,battery,battery,0.9483556747436523,0.005081254988908768,0.0015602500643581152,0.002666376531124115,0.00536747183650732,0.02068871073424816,0.009920784272253513,0.006359409540891647
battery716.jpg,battery,battery,0.9182676076889038,0.011961274780333042,0.03098548762500286,0.016450047492980957,0.00564180314540863,0.00899590365588665,0.0045171561650931835,0.0031809015199542046
battery23.jpg,battery,battery,0.9883402585983276,0.0010771604720503092,0.0017802733927965164,0.0005990691133774817,0.0016459444304928184,0.00454381387680769,0.0008326329989358783,0.0011808678973466158
battery411.jpg,battery,battery,0.933243453502655,0.008372132666409016,0.010136542841792107,0.0061209723353385925,0.008209389634430408,0.0131587078794837,0.014369554817676544,0.006389386486262083
battery476.jpg,battery,battery,0.9501309990882874,0.005328483413904905,0.0029281768947839737,0.01279611885547638,0.0021822270937263966,0.011785757727921009,0.009010559879243374,0.005837565287947655
battery897.jpg,battery,battery,0.9787407517433167,0.003326361533254385,0.0034802122972905636,0.0028078132309019566,0.006273176055401564,0.0028560226783156395,0.0007804324268363416,0.0017352961003780365
battery891.jpg,battery,battery,0.9963518381118774,0.000786429678555578,0.0006313829799182713,0.0006641990039497614,0.00032817909959703684,0.0006791642517782748,0.0003216750337742269,0.00023717767908237875
battery526.jpg,battery,battery,0.9442644119262695,0.00847238302230835,0.007044224999845028,0.011723619885742664,0.007059268653392792,0.005158493760973215,0.009549400769174099,0.0067281234078109264
battery278.jpg,battery,battery,0.961107611656189,0.005990586709231138,0.004238863009959459,0.002249146346002817,0.0031126567628234625,0.010416707955300808,0.006598093546926975,0.006286243442445993
battery71.jpg,battery,battery,0.9934642910957336,0.001364040421321988,0.0011010776506736875,0.000502214184962213,0.0008562739240005612,0.0007902162615209818,0.001120370114222169,0.0008015794446691871
battery753.jpg,battery,battery,0.9059728980064392,0.013793425634503365,0.009950251318514347,0.008083727210760117,0.010787167586386204,0.013958141207695007,0.02757638320326805,0.009877889417111874
battery857.jpg,battery,battery,0.9447540044784546,0.008471178822219372,0.004102818202227354,0.018449271097779274,0.00727047398686409,0.0029349313117563725,0.009402113035321236,0.004615010228008032
battery776.jpg,battery,battery,0.9762241244316101,0.0018584110075607896,0.0010003409115597606,0.005686081480234861,0.0003574311558622867,0.007985600270330906,0.0020884566474705935,0.004799587652087212
battery559.jpg,battery,battery,0.9452686309814453,0.007878451608121395,0.011114413850009441,0.0031352140940725803,0.007125642616301775,0.011679417453706264,0.006055121310055256,0.007743007503449917
battery896.jpg,battery,battery,0.9727640151977539,0.004142120014876127,0.0025687837041914463,0.006901683285832405,0.0025122601073235273,0.009134511463344097,0.0011595925316214561,0.00081711879465729
battery899.jpg,battery,battery,0.950125515460968,0.009289619512856007,0.0048733181320130825,0.008045075461268425,0.0026455107145011425,0.007088506128638983,0.011497796513140202,0.00643465481698513
battery229.jpg,battery,battery,0.9598271250724792,0.008410022594034672,0.006728560198098421,0.002349324757233262,0.0011254969285801053,0.007707717828452587,0.007040880154818296,0.006810881197452545
battery239.jpg,battery,battery,0.9805445671081543,0.0028100439812988043,0.0010366489877924323,0.002516933251172304,0.001647359924390912,0.005994477309286594,0.0039550443179905415,0.0014948772732168436
battery839.jpg,battery,battery,0.98626708984375,0.0014146396424621344,0.0010199693497270346,0.0017964777071028948,0.0021024185698479414,0.001939852605573833,0.003524778876453638,0.0019348041387274861
battery606.jpg,battery,battery,0.9442444443702698,0.01089724712073803,0.007522707339376211,0.00845310091972351,0.00689155887812376,0.009192929603159428,0.008193619549274445,0.004604522138834
battery130.jpg,battery,battery,0.735361635684967,0.01329647284001112,0.006073445547372103,0.07490790635347366,0.13395759463310242,0.01323518343269825,0.01351858302950859,0.009649065323174
battery4.jpg,battery,battery,0.9759082794189453,0.0029519859235733747,0.0036033769138157368,0.00650261202827096,0.0015540658496320248,0.0035659486893564463,0.001533985836431384,0.004379723221063614
battery110.jpg,battery,battery,0.9693040251731873,0.006341014057397842,0.0026134031359106302,0.007807551417499781,0.002461506286635995,0.002818463835865259,0.004316067323088646,0.004337838385254145
battery651.jpg,battery,battery,0.9474490880966187,0.009561124257743359,0.007552764378488064,0.005846989341080189,0.004864400718361139,0.012478639371693134,0.006407429464161396,0.0058396002277731895
battery423.jpg,battery,battery,0.9088382720947266,0.013115107081830502,0.013257276266813278,0.022299019619822502,0.006427653133869171,0.011051328852772713,0.01777001842856407,0.007241365499794483
battery653.jpg,battery,battery,0.9434661865234375,0.008876125328242779,0.005147180054336786,0.010351483710110188,0.01215213630348444,0.005373222287744284,0.008104143664240837,0.0065294299274683
battery272.jpg,battery,battery,0.9660676717758179,0.007872965186834335,0.00248974678106606,0.005601131822913885,0.0019811117090284824,0.009041824378073215,0.0036556338891386986,0.0032899840734899044
battery408.jpg,battery,battery,0.9646508693695068,0.004734273999929428,0.005184823647141457,0.004679863341152668,0.006691445596516132,0.005315858405083418,0.006752754095941782,0.0019901511259377003
battery421.jpg,battery,battery,0.9388309121131897,0.009422693401575089,0.008922507986426353,0.005594166927039623,0.008527503348886967,0.011334310285747051,0.011808943003416061,0.005558888893574476
battery697.jpg,battery,battery,0.9560421109199524,0.003984321374446154,0.006505098193883896,0.0020757969468832016,0.006468965671956539,0.007952638901770115,0.009484071284532547,0.007486911490559578
battery57.jpg,battery,battery,0.9765052795410156,0.0035587609745562077,0.0020464991685003042,0.004679111763834953,0.004121385980397463,0.001511531649157405,0.0024075002875179052,0.005169903859496117
battery226.jpg,battery,battery,0.971042811870575,0.0038003125227987766,0.0014226260827854276,0.011617294512689114,0.0014667335199192166,0.0022743800655007362,0.006459234282374382,0.0019164734985679388
battery867.jpg,battery,battery,0.8951709270477295,0.017859607934951782,0.011826977133750916,0.013632073067128658,0.016057850793004036,0.01431701797991991,0.010685370303690434,0.020450226962566376
battery341.jpg,battery,battery,0.9740442037582397,0.0048211487010121346,0.003186730435118079,0.0043855272233486176,0.002687375992536545,0.003710338845849037,0.00517194252461195,0.0019926782697439194
battery187.jpg,battery,battery,0.9748050570487976,0.0034306002780795097,0.004961362108588219,0.002609457354992628,0.0021926118060946465,0.001622669631615281,0.00788324698805809,0.0024949281942099333
battery142.jpg,battery,battery,0.9831559658050537,0.002941756509244442,0.0023661721497774124,0.0033091558143496513,0.004011564422398806,0.0015043653547763824,0.0007520421058870852,0.0019589606672525406
battery885.jpg,battery,metal,0.006901981774717569,0.0043793534860014915,0.001584526733495295,0.024556461721658707,0.9530454874038696,0.007208128459751606,0.0008616113918833435,0.0014625492040067911
battery854.jpg,battery,battery,0.9825544953346252,0.0022457181476056576,0.0021066623739898205,0.0021588746458292007,0.0015430157072842121,0.0011004055850207806,0.004606483969837427,0.0036843016277998686
battery22.jpg,battery,battery,0.9513460397720337,0.006230766419321299,0.0066448356956243515,0.010746827349066734,0.004052724689245224,0.013433437794446945,0.002861978951841593,0.004683300852775574
battery529.jpg,battery,battery,0.9207912683486938,0.015799514949321747,0.010576014406979084,0.014770256355404854,0.010054487735033035,0.011053563095629215,0.008035232312977314,0.008919666521251202
battery94.jpg,battery,battery,0.9526758193969727,0.008547120727598667,0.0037210651207715273,0.01650962419807911,0.0017190097132697701,0.006310159806162119,0.0030745959375053644,0.007442680653184652
battery842.jpg,battery,battery,0.9629549980163574,0.007241811603307724,0.004910158924758434,0.005647587589919567,0.003494706703349948,0.0056085726246237755,0.00555896433070302,0.00458313524723053
battery933.jpg,battery,battery,0.961069643497467,0.004485730547457933,0.006072547752410173,0.005424784496426582,0.008128849789500237,0.002431594068184495,0.005674443673342466,0.006712386850267649
biological739.jpg,biological,biological,0.013095059432089329,0.9348782896995544,0.0065479702316224575,0.007105290424078703,0.006440805736929178,0.0033831740729510784,0.02096472680568695,0.007584728300571442
biological205.jpg,biological,biological,0.004475214518606663,0.9647133350372314,0.003058885456994176,0.0022806916385889053,0.0037850842345505953,0.0056762294843792915,0.010422058403491974,0.005588565953075886
biological579.jpg,biological,biological,0.013040936551988125,0.9461361765861511,0.009134984575212002,0.004238538909703493,0.004884315188974142,0.007942147552967072,0.0035994492936879396,0.01102357730269432
biological981.jpg,biological,biological,0.005199965089559555,0.9604284763336182,0.005028670188039541,0.0019496913300827146,0.005318255163729191,0.006100376136600971,0.008743165992200375,0.007231302559375763
biological652.jpg,biological,biological,0.00236067664809525,0.9769865870475769,0.002203516196459532,0.0020106735173612833,0.0019739773124456406,0.006101028993725777,0.0027820172253996134,0.005581471603363752
biological727.jpg,biological,biological,0.0023363798391073942,0.9804856777191162,0.003493826137855649,0.0033590809907764196,0.0021814797073602676,0.0017520843539386988,0.0031122718937695026,0.0032791579142212868
biological547.jpg,biological,biological,0.0016712014330551028,0.9736772179603577,0.0020504812709987164,0.002265065675601363,0.006450523156672716,0.0055765933357179165,0.006594178732484579,0.00171467789914459
biological609.jpg,biological,biological,0.0011041286634281278,0.9840818643569946,0.007459353655576706,0.0006720435339957476,0.0014562237774953246,0.0023782437201589346,0.0018935416592285037,0.0009546228684484959
biological494.jpg,biological,biological,0.0027935707475990057,0.9775930643081665,0.001710647949948907,0.0038875637110322714,0.0018283813260495663,0.002076738281175494,0.005134917795658112,0.004975148476660252
biological588.jpg,biological,biological,0.004285965580493212,0.9538917541503906,0.006851713638752699,0.004726652521640062,0.006429990753531456,0.011284652166068554,0.0065129464492201805,0.006016317289322615
biological805.jpg,biological,biological,0.0067390077747404575,0.9521932005882263,0.007166524883359671,0.0063690259121358395,0.004289407283067703,0.012363770976662636,0.006163339130580425,0.004715644754469395
biological806.jpg,biological,biological,0.005730830132961273,0.9665830731391907,0.005246467422693968,0.007130065932869911,0.0036258844193071127,0.0038316368591040373,0.003053516149520874,0.0047985161654651165
biological138.jpg,biological,biological,0.00237357709556818,0.9848548769950867,0.0011188655626028776,0.00196260679513216,0.0010888319229707122,0.0024641689378768206,0.001371003221720457,0.004765983670949936
biological826.jpg,biological,biological,0.0038808262906968594,0.9688954949378967,0.004485791549086571,0.00513344444334507,0.006120918784290552,0.004683027043938637,0.005428181029856205,0.0013722574803978205
biological900.jpg,biological,biological,0.007254223804920912,0.9631921648979187,0.008720191195607185,0.00658112158998847,0.004508554004132748,0.004677655175328255,0.00326555292122066,0.0018005551537498832
biological771.jpg,biological,biological,0.005162376910448074,0.9684310555458069,0.003313231049105525,0.00385184190236032,0.007558857556432486,0.003015662543475628,0.005374761763960123,0.003292194101959467
biological641.jpg,biological,biological,0.0025313005317002535,0.9845213294029236,0.0015221858629956841,0.00043518582242541015,0.002266788622364402,0.0019258507527410984,0.0038623407017439604,0.002935052616521716
biological203.jpg,biological,biological,0.008459755219519138,0.9684091806411743,0.005245692562311888,0.0016704435693100095,0.005189055111259222,0.004924020264297724,0.003151228418573737,0.0029504632111638784
biological736.jpg,biological,biological,0.007862113416194916,0.966620922088623,0.006698930636048317,0.001630884245969355,0.004497554153203964,0.0031607751734554768,0.005080736242234707,0.004448171239346266
biological397.jpg,biological,biological,0.009147913195192814,0.9620416760444641,0.0031116418540477753,0.0063484543934464455,0.003153217490762472,0.005659195594489574,0.006449904292821884,0.004087881185114384
biological125.jpg,biological,biological,0.0052009159699082375,0.9797657132148743,0.005388736724853516,0.0013201538240537047,0.0008883000118657947,0.0021508848294615746,0.0037763153668493032,0.001509015797637403
biological200.jpg,biological,biological,0.00591548066586256,0.9667690992355347,0.005898892879486084,0.004047502297908068,0.0041449288837611675,0.004460455384105444,0.004194510169327259,0.004569261334836483
biological197.jpg,biological,biological,0.017294617369771004,0.9489551782608032,0.007611703593283892,0.00713006779551506,0.003496363293379545,0.004416124429553747,0.007040135096758604,0.0040556881576776505
biological765.jpg,biological,biological,0.00364617258310318,0.9600606560707092,0.003379097441211343,0.002115819603204727,0.011781415902078152,0.006890167482197285,0.007328570354729891,0.0047981636598706245
biological604.jpg,biological,biological,0.007852671667933464,0.9527066946029663,0.004154696594923735,0.005848803091794252,0.01134306751191616,0.005937204230576754,0.0008286550873890519,0.011328279040753841
biological717.jpg,biological,biological,0.0037186844274401665,0.9615799188613892,0.008153832517564297,0.0057610697112977505,0.005482829175889492,0.007367575541138649,0.005537709686905146,0.002398380544036627
biological351.jpg,biological,biological,0.044030457735061646,0.5623781085014343,0.0950247123837471,0.008899323642253876,0.16511856019496918,0.08082223683595657,0.008807905949652195,0.03491876646876335
biological914.jpg,biological,biological,0.0029449202120304108,0.9683120250701904,0.008629420772194862,0.0017286919755861163,0.007439011707901955,0.003930797800421715,0.004484783858060837,0.0025303976144641638
biological38.jpg,biological,biological,0.005977599415928125,0.959896981716156,0.0040342542342841625,0.0049383207224309444,0.007986156269907951,0.005662114825099707,0.007081647403538227,0.0044227722100913525
biological50.jpg,biological,biological,0.005990134086459875,0.9717812538146973,0.003879349445924163,0.003234496572986245,0.0025022514164447784,0.0056697712279856205,0.0020594827365130186,0.004883198998868465
biological852.jpg,biological,biological,0.004852311685681343,0.9748150110244751,0.0052335914224386215,0.0019456178415566683,0.001508703688159585,0.005015548784285784,0.0015645127277821302,0.005064657889306545
biological416.jpg,biological,biological,0.008987506851553917,0.9509594440460205,0.005560843273997307,0.008885134011507034,0.0038985428400337696,0.006906932219862938,0.008508864790201187,0.006292774807661772
biological960.jpg,biological,biological,0.005453586578369141,0.9740849137306213,0.0026638887356966734,0.0012386207235977054,0.0037001578602939844,0.007540540769696236,0.001984057715162635,0.0033341541420668364
biological417.jpg,biological,biological,0.0030367509461939335,0.9683669805526733,0.005961584392935038,0.002762640593573451,0.006104379892349243,0.004867977928370237,0.0025064810179173946,0.006393084302544594
biological689.jpg,biological,biological,0.0040216948837041855,0.9715860486030579,0.0039021275006234646,0.002435362199321389,0.003449792042374611,0.004507930483669043,0.002903200453147292,0.007193814031779766
biological482.jpg,biological,biological,0.006101598031818867,0.9565920233726501,0.0036943904124200344,0.004005237016826868,0.005930337589234114,0.0037569960113614798,0.012198850512504578,0.00772054260596633
biological782.jpg,biological,biological,0.00547742797061801,0.9669932126998901,0.004635749850422144,0.0013266169698908925,0.0058463518507778645,0.008638930507004261,0.002319387160241604,0.004762299824506044
biological801.jpg,biological,biological,0.011716804467141628,0.9507171511650085,0.010218160226941109,0.015230060555040836,0.004022582899779081,0.0018445877358317375,0.003721105633303523,0.002529515651986003
biological486.jpg,biological,biological,0.007279034238308668,0.9519407749176025,0.003979629836976528,0.00894133374094963,0.004954845644533634,0.006347394548356533,0.007164252456277609,0.009392665699124336
biological121.jpg,biological,biological,0.002286020666360855,0.9758028388023376,0.002099105389788747,0.00023330865951720625,0.014031406491994858,0.001915667555294931,0.0024774745106697083,0.0011542007559910417
biological328.jpg,biological,biological,0.0026679057627916336,0.9664690494537354,0.005275946110486984,0.004077705554664135,0.0064559075981378555,0.0040754820220172405,0.004783506039530039,0.006194551009684801
biological57.jpg,biological,biological,0.0042924112640321255,0.9736492037773132,0.002736867405474186,0.0019988759886473417,0.002211363287642598,0.0030152492690831423,0.009914116933941841,0.0021819565445184708
biological622.jpg,biological,biological,0.004181938245892525,0.9650967121124268,0.005398271139711142,0.005887562409043312,0.006803841330111027,0.002878280123695731,0.007064273115247488,0.0026889857836067677
biological895.jpg,biological,biological,0.006428543943911791,0.9674922823905945,0.007853450253605843,0.005319804418832064,0.003389111952856183,0.0022835819981992245,0.005240044090896845,0.0019932552240788937
biological251.jpg,biological,biological,0.0054439338855445385,0.9584376811981201,0.009139720350503922,0.00225832499563694,0.007837332785129547,0.010225274600088596,0.004902733024209738,0.0017550638876855373
biological466.jpg,biological,biological,0.008421339094638824,0.9464994668960571,0.007861976511776447,0.003233295865356922,0.0063684256747365,0.009988515637814999,0.0135800801217556,0.004046880640089512
biological3.jpg,biological,biological,0.011684456840157509,0.9480494856834412,0.009556878358125687,0.001776214106939733,0.00865792203694582,0.006553764455020428,0.010155050083994865,0.0035662027075886726
biological375.jpg,biological,biological,0.009285950101912022,0.9228605628013611,0.01098714955151081,0.015326830558478832,0.008020983077585697,0.005143614951521158,0.021922314539551735,0.00645257206633687
biological807.jpg,biological,biological,0.004458533599972725,0.9608204364776611,0.006113484967499971,0.0031288983300328255,0.014036650769412518,0.005276077426970005,0.0032677503768354654,0.0028981808573007584
biological244.jpg,biological,biological,0.009851432405412197,0.9465436935424805,0.005977580789476633,0.007369615603238344,0.006643235217779875,0.013780760578811169,0.003770266193896532,0.006063549313694239
biological425.jpg,biological,biological,0.011446860618889332,0.9321905970573425,0.00905876699835062,0.005940317641943693,0.006611248478293419,0.0051429420709609985,0.024722915142774582,0.004886434879153967
biological543.jpg,biological,biological,0.004072603303939104,0.9738835096359253,0.006521312519907951,0.0034857168793678284,0.0030882726423442364,0.0031602384988218546,0.0032793297432363033,0.0025089564733207226
biological783.jpg,biological,biological,0.005369166843593121,0.9695574045181274,0.004260212182998657,0.004190821200609207,0.0028061331249773502,0.0053506395779550076,0.0036664395593106747,0.004799148999154568
biological952.jpg,biological,biological,0.00541826244443655,0.9632301926612854,0.0043492913246154785,0.0029361483175307512,0.006146113853901625,0.0040965029038488865,0.007986562326550484,0.005836914759129286
biological134.jpg,biological,biological,0.0012722858227789402,0.9844045042991638,0.0036908108741045,0.0009177544270642102,0.003626398276537657,0.002290279371663928,0.0019278841791674495,0.0018700695363804698
biological365.jpg,biological,biological,0.010693594813346863,0.955371618270874,0.007741067558526993,0.007159112021327019,0.003811426227912307,0.00516923563554883,0.006942049600183964,0.0031119955237954855
biological498.jpg,biological,biological,0.005642702337354422,0.969891369342804,0.005128936842083931,0.005724684335291386,0.0019229404861107469,0.005592373665422201,0.0028397245332598686,0.003257146803662181
biological517.jpg,biological,biological,0.003032364882528782,0.9687511324882507,0.0075943926349282265,0.007321525365114212,0.004562205635011196,0.0022952225990593433,0.002878280356526375,0.0035647605545818806
biological853.jpg,biological,biological,0.001359452842734754,0.9648348689079285,0.0028510752599686384,0.009576885029673576,0.0048957038670778275,0.0068978494964540005,0.004986079875379801,0.004598024766892195
biological910.jpg,biological,biological,0.00515896687284112,0.9545661211013794,0.005948128178715706,0.01131814531981945,0.003915800247341394,0.003913274500519037,0.010119134560227394,0.005060488823801279
biological872.jpg,biological,biological,0.003276612376794219,0.9777956008911133,0.004893724340945482,0.0030789701268076897,0.0024432139471173286,0.0021844676230102777,0.005280901212245226,0.0010464700171723962
biological662.jpg,biological,biological,0.002345913788303733,0.9789198637008667,0.004298518877476454,0.0019920840859413147,0.0020351060666143894,0.002594153629615903,0.0055928416550159454,0.002221538685262203
biological746.jpg,biological,biological,0.004267587326467037,0.966502845287323,0.005673706065863371,0.004621404223144054,0.005093174986541271,0.005270649213343859,0.003725196234881878,0.004845398478209972
biological537.jpg,biological,biological,0.002988481195643544,0.9702572226524353,0.0023389062844216824,0.01114814542233944,0.0028454416897147894,0.0041864472441375256,0.002495050895959139,0.003740189364179969
biological147.jpg,biological,biological,0.010028012096881866,0.9313163757324219,0.010144584812223911,0.015719501301646233,0.007592129986733198,0.0062021976336836815,0.01382356695830822,0.005173555575311184
biological253.jpg,biological,biological,0.0178163331001997,0.9302912950515747,0.00788027886301279,0.0034174383617937565,0.016582975164055824,0.007696026004850864,0.010753612034022808,0.005562049336731434
biological469.jpg,biological,biological,0.009308259934186935,0.9342597723007202,0.006004731170833111,0.0077909124083817005,0.02404599077999592,0.006504890508949757,0.0027347186114639044,0.009350552223622799
biological639.jpg,biological,biological,0.0013649745378643274,0.9816496968269348,0.0027488083578646183,0.002450191881507635,0.003128380049020052,0.0025931040290743113,0.002443623961880803,0.003621272975578904
biological912.jpg,biological,biological,0.003965555690228939,0.9641517400741577,0.0033674512524157763,0.0014641133602708578,0.00628508348017931,0.009877451695501804,0.004861161112785339,0.006027298513799906
biological791.jpg,biological,biological,0.006852101534605026,0.9481590986251831,0.006000026594847441,0.004129330161958933,0.004252429120242596,0.007725018076598644,0.020834052935242653,0.0020480663515627384
biological837.jpg,biological,biological,0.03198329731822014,0.9280884265899658,0.006058915518224239,0.007121413014829159,0.005038146395236254,0.0111547214910388,0.0073881433345377445,0.0031668234150856733
biological315.jpg,biological,biological,0.009963189251720905,0.9550930261611938,0.0026713144034147263,0.004825985990464687,0.00807262770831585,0.007203124929219484,0.00902645755559206,0.00314426701515913
biological166.jpg,biological,biological,0.0029662740416824818,0.9542642831802368,0.012241104617714882,0.004439588636159897,0.006784952711313963,0.003109236480668187,0.013112327083945274,0.0030823289416730404
biological62.jpg,biological,biological,0.006715258117765188,0.9413435459136963,0.02004106156527996,0.004033110570162535,0.00946104060858488,0.007512226700782776,0.006166044156998396,0.004727665334939957
biological827.jpg,biological,biological,0.002080645179376006,0.9760185480117798,0.005951869301497936,0.001220614300109446,0.001669895020313561,0.0038097137585282326,0.00799295399338007,0.0012558124726638198
biological738.jpg,biological,biological,0.011650876142084599,0.963780403137207,0.004220985807478428,0.00146385096013546,0.0016057338798418641,0.0044357809238135815,0.0073219183832407,0.005520434584468603
biological13.jpg,biological,biological,0.006880684290081263,0.9739375710487366,0.003836758667603135,0.0017598699778318405,0.004061788320541382,0.0039032953791320324,0.003124122740700841,0.0024959479924291372
biological411.jpg,biological,biological,0.0054788230918347836,0.9708529114723206,0.004289649426937103,0.001079171895980835,0.0021320146042853594,0.0028933770954608917,0.003913277760148048,0.009360574185848236
biological442.jpg,biological,biological,0.006103673949837685,0.9634403586387634,0.009292272850871086,0.004655139986425638,0.0037164820823818445,0.002791370265185833,0.006405513733625412,0.0035952567122876644
biological975.jpg,biological,biological,0.004603682551532984,0.9687483310699463,0.004759506788104773,0.0032505046110600233,0.004645765293389559,0.005777523387223482,0.0034940852783620358,0.0047205728478729725
biological220.jpg,biological,biological,0.0030069886706769466,0.9637453556060791,0.006288083735853434,0.002053911564871669,0.0034290654584765434,0.0052988831885159016,0.005073747131973505,0.011103976517915726
biological586.jpg,biological,biological,0.004171133507043123,0.9656553268432617,0.007294218055903912,0.0021092866081744432,0.0027136425487697124,0.008192073553800583,0.006484401412308216,0.0033800038509070873
biological514.jpg,biological,biological,0.004631851799786091,0.9621275067329407,0.007872650399804115,0.0026019650977104902,0.004435853101313114,0.007924225181341171,0.006156326271593571,0.0042496235109865665
biological896.jpg,biological,biological,0.002778878202661872,0.9707678556442261,0.0056078433990478516,0.0052694231271743774,0.003135622711852193,0.0040631103329360485,0.004236980341374874,0.004140127450227737
biological528.jpg,biological,biological,0.008289194665849209,0.972690224647522,0.005032301414757967,0.0026042170356959105,0.0014038144145160913,0.004348752088844776,0.0024741971865296364,0.003157311584800482
biological690.jpg,biological,biological,0.005625145044177771,0.9709740281105042,0.002842567628249526,0.0024442963767796755,0.004249426536262035,0.003378903493285179,0.006490814965218306,0.003994727972894907
biological776.jpg,biological,biological,0.002775360131636262,0.9771941900253296,0.004484471864998341,0.0006375564262270927,0.003052832093089819,0.0060046217404305935,0.0018046277109533548,0.00404632231220603
biological841.jpg,biological,biological,0.0051698507741093636,0.9628177285194397,0.0060633644461631775,0.003964009694755077,0.00836217775940895,0.0038406287785619497,0.00749001931399107,0.0022921916097402573
biological289.jpg,biological,biological,0.0037229713052511215,0.9716588854789734,0.0019227307057008147,0.003519027726724744,0.003796749748289585,0.0035239309072494507,0.002140629105269909,0.009715203195810318
biological632.jpg,biological,biological,0.0031654387712478638,0.975756824016571,0.004009624011814594,0.003710602642968297,0.0033175109419971704,0.004668997600674629,0.0023065763525664806,0.003064485266804695
biological473.jpg,biological,biological,0.007591450586915016,0.9528716802597046,0.006446299143135548,0.005120467860251665,0.009555898606777191,0.006229267455637455,0.007560012396425009,0.0046249558217823505
biological388.jpg,biological,biological,0.0031418069265782833,0.977106511592865,0.004239160567522049,0.0002823861432261765,0.0011988799087703228,0.0035547020379453897,0.007890216074883938,0.0025862313341349363
biological479.jpg,biological,biological,0.00696223322302103,0.9475502967834473,0.0034907793160527945,0.007963884621858597,0.010828507132828236,0.01012446079403162,0.008401181548833847,0.00467867823317647
biological507.jpg,biological,biological,0.003612087108194828,0.9594268798828125,0.00967157818377018,0.0008848280413076282,0.004918255843222141,0.014444738626480103,0.003975088708102703,0.0030665884260088205
biological246.jpg,biological,biological,0.008012762293219566,0.9576349258422852,0.0063431099988520145,0.001461948617361486,0.008591820485889912,0.010839949361979961,0.004843694157898426,0.0022718149702996016
biological666.jpg,biological,biological,0.005078114103525877,0.844402551651001,0.007200401742011309,0.12025569379329681,0.004858074709773064,0.003895963542163372,0.009253058582544327,0.00505615072324872
biological833.jpg,biological,biological,0.005907849408686161,0.9502872824668884,0.005882785655558109,0.019928717985749245,0.005149479024112225,0.004188123624771833,0.006285371258854866,0.0023703149054199457
biological151.jpg,biological,biological,0.0067595625296235085,0.9430574178695679,0.004829622805118561,0.007949226535856724,0.013323265127837658,0.007817575708031654,0.011181005276739597,0.005082456860691309
biological391.jpg,biological,biological,0.00199435418471694,0.980537474155426,0.003295233240351081,0.00026402270304970443,0.0021382456179708242,0.002965622115880251,0.003107640193775296,0.005697400309145451
cardboard407.jpg,cardboard,cardboard,0.0060850149020552635,0.0057959603145718575,0.9506055116653442,0.008191218599677086,0.0024492249358445406,0.01275317557156086,0.007748902775347233,0.006370977032929659
cardboard596.jpg,cardboard,cardboard,0.005066037643700838,0.010838356800377369,0.9186121225357056,0.01756332442164421,0.009405981749296188,0.014485009014606476,0.0038159035611897707,0.020213281735777855
cardboard883.jpg,cardboard,cardboard,0.023144079372286797,0.00423967931419611,0.9402934312820435,0.003678570268675685,0.02094918116927147,0.0015102848410606384,0.0022137213964015245,0.00397096574306488
cardboard491.jpg,cardboard,cardboard,0.023653274402022362,0.0062828678637743,0.9265715479850769,0.010640659369528294,0.012067328207194805,0.00443734135478735,0.0039039014372974634,0.012443109415471554
cardboard357.jpg,cardboard,cardboard,0.0021938299760222435,0.0071195997297763824,0.9726598858833313,0.003236124524846673,0.0018538972362875938,0.00851791724562645,0.0027514612302184105,0.0016670934855937958
cardboard180.jpg,cardboard,cardboard,0.005487942602485418,0.0012419350678101182,0.9847361445426941,0.0008656744030304253,0.0011975913075730205,0.0026035376358777285,0.0020473478361964226,0.001819727709516883
cardboard730.jpg,cardboard,cardboard,0.006245702039450407,0.0019200065871700644,0.9635658860206604,0.011976426467299461,0.0025253226049244404,0.002471695654094219,0.007954214699566364,0.0033407106529921293
cardboard433.jpg,cardboard,cardboard,0.0017488193698227406,0.0048711602576076984,0.9649953246116638,0.0050176214426755905,0.0034431633539497852,0.008806032128632069,0.008570102974772453,0.0025477332528680563
cardboard545.jpg,cardboard,cardboard,0.0031224386766552925,0.006849570665508509,0.9607274532318115,0.011537550017237663,0.0025437981821596622,0.006490397732704878,0.004972802475094795,0.003756094491109252
cardboard502.jpg,cardboard,cardboard,0.005850720219314098,0.002944937441498041,0.9750457406044006,0.0033877636305987835,0.0018330597085878253,0.0036123066674917936,0.004990353249013424,0.002335112541913986
cardboard4.jpg,cardboard,cardboard,0.006066639441996813,0.0032627186737954617,0.9739773869514465,0.002476291498169303,0.0029300395399332047,0.0034439789596945047,0.0021577514708042145,0.005685151554644108
cardboard869.jpg,cardboard,cardboard,0.019246846437454224,0.004911106079816818,0.8238182663917542,0.06453057378530502,0.005674593150615692,0.026553485542535782,0.023040924221277237,0.03222423046827316
cardboard167.jpg,cardboard,cardboard,0.0012641269713640213,0.0019239353714510798,0.9888471364974976,0.0011274192947894335,0.002301319967955351,0.0021274781320244074,0.0012648431584239006,0.001143631525337696
cardboard133.jpg,cardboard,cardboard,0.027699941769242287,0.0065421489998698235,0.9159684777259827,0.0031364932656288147,0.004781422670930624,0.02381879836320877,0.013105971738696098,0.004946752917021513
cardboard648.jpg,cardboard,cardboard,0.0011365144746378064,0.004704010207206011,0.9674603939056396,0.0036266895476728678,0.003944216296076775,0.013411632739007473,0.0037360917776823044,0.001980488421395421
cardboard64.jpg,cardboard,cardboard,0.001711017917841673,0.006107781548053026,0.9781243801116943,0.0012151084374636412,0.0021307398565113544,0.0032561603002250195,0.004848835989832878,0.0026058610528707504
cardboard210.jpg,cardboard,cardboard,0.004881279543042183,0.005266689229756594,0.9515838027000427,0.0038807124365121126,0.006633433047682047,0.010019194334745407,0.012448769994080067,0.005286172963678837
cardboard201.jpg,cardboard,cardboard,0.06894109398126602,0.01972927711904049,0.6213201880455017,0.018893111497163773,0.023628240451216698,0.07539426535367966,0.07692935317754745,0.09516444802284241
cardboard265.jpg,cardboard,cardboard,0.003784139873459935,0.008125249296426773,0.9719504714012146,0.0045143370516598225,0.002704436192288995,0.0013867797097191215,0.003623260883614421,0.003911343868821859
cardboard182.jpg,cardboard,cardboard,0.0032141953706741333,0.002126885112375021,0.981261134147644,0.001048634178005159,0.003215828211978078,0.0011117634130641818,0.0062945508398115635,0.001727018621750176
cardboard756.jpg,cardboard,cardboard,0.019697606563568115,0.023407716304063797,0.7090359330177307,0.20913055539131165,0.006942299660295248,0.00825603399425745,0.013382228091359138,0.010147684253752232
cardboard289.jpg,cardboard,cardboard,0.0009051402448676527,0.0009101121104322374,0.9801700711250305,0.0007980646332725883,0.0046467711217701435,0.009082978591322899,0.0013824925990775228,0.002104255137965083
cardboard824.jpg,cardboard,cardboard,0.003258832497522235,0.006011610850691795,0.9764156937599182,0.0015594924334436655,0.00343730254098773,0.003499132115393877,0.0036556655541062355,0.0021621922496706247
cardboard838.jpg,cardboard,cardboard,0.0023283197078853846,0.00225809495896101,0.986466109752655,0.0002946346940007061,0.003340707626193762,0.002842928748577833,0.0015773719642311335,0.000892130599822849
cardboard58.jpg,cardboard,cardboard,0.019633060321211815,0.003803650150075555,0.9526335597038269,0.004495713859796524,0.003769900184124708,0.0015535017009824514,0.011412523686885834,0.002698047086596489
cardboard18.jpg,cardboard,cardboard,0.0017914698692038655,0.004727331455796957,0.9840896129608154,0.0012909603537991643,0.0014353335136547685,0.0010158746736124158,0.0033112578094005585,0.0023380997590720654
cardboard396.jpg,cardboard,cardboard,0.0067607322707772255,0.007845769636332989,0.963149905204773,0.005614848341792822,0.0026829829439520836,0.005380265414714813,0.004204835742712021,0.004360609222203493
cardboard270.jpg,cardboard,cardboard,0.0009965478675439954,0.0018661783542484045,0.9729046821594238,0.003981996793299913,0.0020705447532236576,0.003944813273847103,0.011706352233886719,0.0025288190227001905
cardboard319.jpg,cardboard,cardboard,0.006619061343371868,0.00338002503849566,0.9691506028175354,0.0037636326160281897,0.0032390670385211706,0.0045752148143947124,0.0051202899776399136,0.004152189940214157
cardboard406.jpg,cardboard,cardboard,0.004772613290697336,0.0028409664519131184,0.9637299180030823,0.0010863312054425478,0.0028694095090031624,0.014275845140218735,0.004106353037059307,0.0063186404295265675
cardboard638.jpg,cardboard,cardboard,0.010435368865728378,0.008106053806841373,0.9477918148040771,0.007929464802145958,0.00582524249330163,0.01217336393892765,0.0023319844622164965,0.005406682845205069
cardboard516.jpg,cardboard,cardboard,0.005454277619719505,0.0045271096751093864,0.9585025310516357,0.005007885862141848,0.0041852290742099285,0.01444344874471426,0.0046699559316039085,0.0032096595969051123
cardboard512.jpg,cardboard,cardboard,0.003423208836466074,0.007957286201417446,0.9525864720344543,0.007596245501190424,0.003831918817013502,0.011464739218354225,0.006703132763504982,0.00643698638305068
cardboard563.jpg,cardboard,cardboard,0.0019987975247204304,0.005153654143214226,0.9638491868972778,0.0006229621358215809,0.012914909049868584,0.00871405191719532,0.0033880393020808697,0.0033584244083613157
cardboard15.jpg,cardboard,cardboard,0.0037688554730266333,0.0059877363964915276,0.9725310206413269,0.0021087187342345715,0.0022605801932513714,0.0020421715453267097,0.005164328962564468,0.006136598531156778
cardboard435.jpg,cardboard,cardboard,0.0038326603826135397,0.007081927731633186,0.9574700593948364,0.00779370591044426,0.002904200693592429,0.007175682112574577,0.007552640046924353,0.006189258769154549
cardboard641.jpg,cardboard,cardboard,0.0008174906251952052,0.0030187617521733046,0.9865476489067078,0.0010303161107003689,0.002607685513794422,0.0027749959845095873,0.0015139473835006356,0.0016890534898266196
cardboard135.jpg,cardboard,cardboard,0.003726398339495063,0.0006803223513998091,0.9858109951019287,0.0009322536643594503,0.003394526429474354,0.0034433358814567327,0.000795949250459671,0.001216223230585456
cardboard688.jpg,cardboard,cardboard,0.0008591771475039423,0.00464208610355854,0.9736315608024597,0.0023713901173323393,0.002831457182765007,0.0051388549618422985,0.007032266817986965,0.003493283409625292
cardboard56.jpg,cardboard,cardboard,0.00666046654805541,0.004695750307291746,0.9702615737915039,0.0023324459325522184,0.0036159667652100325,0.005091800354421139,0.004346094559878111,0.0029957653023302555
cardboard586.jpg,cardboard,cardboard,0.0006261914386413991,0.004727277904748917,0.9875310063362122,0.001275713904760778,0.0025109422858804464,0.00045921801938675344,0.0010732649825513363,0.0017963541904464364
cardboard813.jpg,cardboard,cardboard,0.010051468387246132,0.005413013976067305,0.9181230068206787,0.006254531443119049,0.00759164709597826,0.02974051609635353,0.006348432041704655,0.01647731103003025
cardboard195.jpg,cardboard,cardboard,0.023615596815943718,0.01026210468262434,0.928964376449585,0.002551070647314191,0.008871885016560555,0.005900857038795948,0.009611132554709911,0.01022298913449049
cardboard355.jpg,cardboard,cardboard,0.0031093929428607225,0.0063382661901414394,0.9702219367027283,0.003449087031185627,0.001787646091543138,0.006310949567705393,0.004074363503605127,0.004708338063210249
cardboard553.jpg,cardboard,cardboard,0.007499543018639088,0.005374707281589508,0.9461032152175903,0.004020481836050749,0.00828796811401844,0.007661072071641684,0.003113341052085161,0.01793970726430416
cardboard805.jpg,cardboard,cardboard,0.0059118205681443214,0.00853701401501894,0.9253197312355042,0.007590341381728649,0.028284499421715736,0.006348227616399527,0.008428426459431648,0.009579972364008427
cardboard59.jpg,cardboard,cardboard,0.008677192032337189,0.0051733641885221004,0.9601635336875916,0.007437824737280607,0.002515107626095414,0.0016631459584459662,0.011369859799742699,0.0030000589322298765
cardboard478.jpg,cardboard,cardboard,0.0024930157233029604,0.007032074965536594,0.9670676589012146,0.0046294331550598145,0.0030606985092163086,0.0057387747801840305,0.0044189803302288055,0.005559405777603388
cardboard888.jpg,cardboard,cardboard,0.003697898704558611,0.0023032710887491703,0.9699704647064209,0.0005847209831699729,0.008288240991532803,0.005621979478746653,0.004974778275936842,0.004558652639389038
cardboard9.jpg,cardboard,cardboard,0.005151997786015272,0.006656818091869354,0.9582623839378357,0.005368765909224749,0.005088271107524633,0.007063808850944042,0.007517743855714798,0.004890214651823044
cardboard685.jpg,cardboard,cardboard,0.001249645370990038,0.01344083622097969,0.9731812477111816,0.0009586431551724672,0.003701132955029607,0.004054407123476267,0.0018876794492825866,0.0015265288529917598
cardboard859.jpg,cardboard,cardboard,0.010899648070335388,0.006580124609172344,0.9613999724388123,0.0015239841304719448,0.0024715729523450136,0.004604830406606197,0.00866264384239912,0.0038573606871068478
cardboard34.jpg,cardboard,cardboard,0.001408262294717133,0.0011934544891119003,0.9812667369842529,0.0068926457315683365,0.001726985676214099,0.0011517207603901625,0.003937596455216408,0.002422461286187172
cardboard814.jpg,cardboard,cardboard,0.001453589415177703,0.00877411663532257,0.9588592648506165,0.001631504506804049,0.0011621571611613035,0.015286162495613098,0.007210177835077047,0.005623204633593559
cardboard863.jpg,cardboard,cardboard,0.017038030549883842,0.007246109191328287,0.9389292597770691,0.015290339477360249,0.006294688209891319,0.007842653430998325,0.0037087323144078255,0.0036502345465123653
cardboard774.jpg,cardboard,cardboard,0.004461959935724735,0.005807744804769754,0.9392821788787842,0.01690037176012993,0.005020078271627426,0.013666871935129166,0.010814185254275799,0.0040466925129294395
cardboard209.jpg,cardboard,cardboard,0.003931396175175905,0.0067857918329536915,0.9704341888427734,0.003377123037353158,0.003146067727357149,0.0015634918818250299,0.0076334234327077866,0.0031285721343010664
cardboard864.jpg,cardboard,cardboard,0.007763158995658159,0.02769373171031475,0.9273903369903564,0.022775186225771904,0.005504859611392021,0.000730152940377593,0.003160603577271104,0.004982005804777145
cardboard117.jpg,cardboard,cardboard,0.007919339463114738,0.00544297369197011,0.9642617106437683,0.0027394057251513004,0.00246909586712718,0.006354153621941805,0.006253795698285103,0.004559586755931377
cardboard80.jpg,cardboard,cardboard,0.013308221474289894,0.004238932393491268,0.9573252201080322,0.004046812187880278,0.0028893626295030117,0.0030407907906919718,0.008380676619708538,0.006770113483071327
cardboard579.jpg,cardboard,cardboard,0.001192468567751348,0.001828898093663156,0.9838058948516846,0.000725562043953687,0.003271679161116481,0.0017808519769459963,0.0017351580318063498,0.005659403279423714
cardboard650.jpg,cardboard,cardboard,0.013107393868267536,0.018029792234301567,0.925652801990509,0.009256545454263687,0.004089210648089647,0.008782432414591312,0.015315818600356579,0.005765930283814669
cardboard223.jpg,cardboard,cardboard,0.002435685833916068,0.003117585787549615,0.9674797654151917,0.0026299450546503067,0.0005545242456719279,0.020267954096198082,0.0017266049981117249,0.001787830493412912
cardboard410.jpg,cardboard,cardboard,0.002537389053031802,0.0034337679389864206,0.9650812745094299,0.0011508172610774636,0.0034925718791782856,0.01324076671153307,0.005964829586446285,0.005098605994135141
cardboard782.jpg,cardboard,cardboard,0.002973411697894335,0.0021066595800220966,0.9562247395515442,0.006244839169085026,0.01913999393582344,0.005993807688355446,0.0036607678048312664,0.0036556883715093136
cardboard282.jpg,cardboard,cardboard,0.02060048095881939,0.008969838730990887,0.9340148568153381,0.00476413406431675,0.004277444910258055,0.011427648365497589,0.00799877941608429,0.007946818135678768
cardboard654.jpg,cardboard,cardboard,0.0020067167934030294,0.006838969886302948,0.9699870347976685,0.003329229075461626,0.0037858495488762856,0.007844279520213604,0.0033665315713733435,0.002841298235580325
cardboard233.jpg,cardboard,cardboard,0.004667873494327068,0.009203912690281868,0.9589503407478333,0.0025313689839094877,0.009292134083807468,0.002003628760576248,0.011471694335341454,0.0018790496978908777
cardboard735.jpg,cardboard,cardboard,0.0033966689370572567,0.0044079916551709175,0.9599087238311768,0.007611639332026243,0.006780192255973816,0.006043332628905773,0.00676443986594677,0.005087006837129593
cardboard150.jpg,cardboard,cardboard,0.00261198659427464,0.003334975568577647,0.9778411984443665,0.0020950217731297016,0.005256483796983957,0.0025139660574495792,0.0026112543419003487,0.003735013073310256
cardboard230.jpg,cardboard,cardboard,0.006758399773389101,0.005667644552886486,0.9636273384094238,0.004045560956001282,0.004139753058552742,0.006436544936150312,0.005533529911190271,0.003790999297052622
cardboard409.jpg,cardboard,cardboard,0.005450685974210501,0.0014531988417729735,0.9587679505348206,0.00264481152407825,0.012216365896165371,0.006989727728068829,0.002442669589072466,0.01003461517393589
cardboard845.jpg,cardboard,cardboard,0.017209211364388466,0.006125656422227621,0.9394026398658752,0.004722979851067066,0.0033134762197732925,0.009852190501987934,0.016208412125706673,0.0031654834747314453
cardboard98.jpg,cardboard,cardboard,0.002476385096088052,0.001030836720019579,0.9895188212394714,0.00041684237658046186,0.0012349042808637023,0.0020010045263916254,0.000815770064946264,0.002505464944988489
cardboard639.jpg,cardboard,cardboard,0.0019802392926067114,0.007202136795967817,0.9683613181114197,0.00612389761954546,0.001383779221214354,0.0055601997300982475,0.006509692408144474,0.0028789183124899864
cardboard337.jpg,cardboard,cardboard,0.0037142520304769278,0.0034719230607151985,0.9764137864112854,0.002039297018200159,0.0031687088776379824,0.003764304332435131,0.004589274059981108,0.00283848587423563
cardboard137.jpg,cardboard,cardboard,0.006442020181566477,0.003085662377998233,0.9601668119430542,0.004796650726348162,0.0014855456538498402,0.005008493084460497,0.008410559967160225,0.010604274459183216
cardboard662.jpg,cardboard,cardboard,0.0028641398530453444,0.005243354476988316,0.9538869857788086,0.009307097643613815,0.004455616697669029,0.005871354602277279,0.011509337462484837,0.006862135604023933
cardboard498.jpg,cardboard,cardboard,0.016537755727767944,0.00788099505007267,0.920486330986023,0.009669155813753605,0.005226547829806805,0.0188762079924345,0.015096008777618408,0.006227089092135429
cardboard508.jpg,cardboard,cardboard,0.008166182786226273,0.009734585881233215,0.946962833404541,0.011398007161915302,0.0030727155972272158,0.005849062465131283,0.010297988541424274,0.004518499132245779
cardboard625.jpg,cardboard,cardboard,0.003036162117496133,0.006661429535597563,0.9634981751441956,0.004051616881042719,0.0038985779974609613,0.010264554992318153,0.004664042964577675,0.00392551627010107
cardboard535.jpg,cardboard,cardboard,0.0019538418855518103,0.0029008148703724146,0.9833622574806213,0.001529403612948954,0.0018693923484534025,0.0056820036843419075,0.001212818082422018,0.0014892990002408624
cardboard603.jpg,cardboard,cardboard,0.0034830451477319,0.006138261407613754,0.9780961275100708,0.0010882668429985642,0.0016320789000019431,0.0024745676200836897,0.003962836693972349,0.003124976996332407
cardboard561.jpg,cardboard,cardboard,0.0020921349059790373,0.006314011290669441,0.9471852779388428,0.004046309739351273,0.006556856911629438,0.013278946280479431,0.00758355762809515,0.012942764908075333
cardboard239.jpg,cardboard,cardboard,0.0019023938803002238,0.002847604686394334,0.9808411002159119,0.005275947507470846,0.0012573318090289831,0.0019114586757496,0.004081491846591234,0.0018827513558790088
cardboard248.jpg,cardboard,cardboard,0.00768398167565465,0.0034680506214499474,0.9603420495986938,0.0013965679099783301,0.00227537308819592,0.007945563644170761,0.008234255947172642,0.008654299192130566
cardboard701.jpg,cardboard,cardboard,0.005336339585483074,0.006915196776390076,0.9442858695983887,0.007753709796816111,0.014055956155061722,0.011792962439358234,0.006864572875201702,0.0029954127967357635
cardboard123.jpg,cardboard,cardboard,0.010256880894303322,0.017662646248936653,0.9358236193656921,0.004348096903413534,0.005074924323707819,0.00627222890034318,0.01215279009193182,0.008408832363784313
cardboard49.jpg,cardboard,cardboard,0.006138720083981752,0.002754626329988241,0.9811205267906189,0.004242563154548407,0.0013801032910123467,0.0014175551477819681,0.0018312297761440277,0.0011147006880491972
cardboard386.jpg,cardboard,cardboard,0.0022449775133281946,0.006533926818519831,0.9633789658546448,0.003529441310092807,0.0032802880741655827,0.009779239073395729,0.009132894687354565,0.0021201593335717916
green-glass615.jpg,glass,glass,0.006161562167108059,0.006801786832511425,0.0050384304486215115,0.9627386927604675,0.003733751131221652,0.008167536929249763,0.00381531473249197,0.0035429641138762236
white-glass740.jpg,glass,glass,0.012006345205008984,0.004021521657705307,0.0028190771117806435,0.9498280882835388,0.003654325380921364,0.012490041553974152,0.012230072170495987,0.0029506171122193336
brown-glass300.jpg,glass,glass,0.009953586384654045,0.0034413719549775124,0.0046651940792799,0.9448474645614624,0.021995168179273605,0.0036280336789786816,0.003445614827796817,0.008023535832762718
green-glass99.jpg,glass,glass,0.0044739022850990295,0.004910537973046303,0.005864960607141256,0.9520471096038818,0.005718790460377932,0.009160948917269707,0.01169593632221222,0.006127951666712761
glass65.jpg,glass,glass,0.0016011324478313327,0.0021048597991466522,0.0026898954529315233,0.9752042889595032,0.006440326571464539,0.0047672465443611145,0.0053929854184389114,0.0017992403591051698
glass431.jpg,glass,glass,0.00584355229511857,0.006738224066793919,0.003256223862990737,0.9554082751274109,0.002503214869648218,0.0022826518397778273,0.011302587576210499,0.012665150687098503
white-glass493.jpg,glass,glass,0.002574556041508913,0.004988601431250572,0.006952591240406036,0.9607495665550232,0.0037350484635680914,0.006323184352368116,0.013063824735581875,0.0016126208938658237
glass480.jpg,glass,glass,0.009925934486091137,0.003769087605178356,0.0022532022558152676,0.963371217250824,0.006559403613209724,0.004906931892037392,0.0066665345802903175,0.0025477884337306023
white-glass560.jpg,glass,glass,0.005483383312821388,0.005611613858491182,0.009762084111571312,0.9649176597595215,0.003748590126633644,0.0011304987128823996,0.0018172658747062087,0.007528877817094326
white-glass391.jpg,glass,glass,0.008021710440516472,0.0033393206540495157,0.0015717537607997656,0.9576730728149414,0.00314449705183506,0.006828002166002989,0.011070366017520428,0.008351339027285576
brown-glass605.jpg,glass,glass,0.002933911746367812,0.004970036447048187,0.003092510625720024,0.9693846702575684,0.005452622193843126,0.006768185645341873,0.0032918613869696856,0.004106308799237013
green-glass56.jpg,glass,glass,0.004469309933483601,0.0035696029663085938,0.002640555379912257,0.977114737033844,0.0032252517994493246,0.0030544474720954895,0.004131881054490805,0.001794131239876151
white-glass401.jpg,glass,glass,0.014468376524746418,0.010126779787242413,0.015642238780856133,0.9174742102622986,0.018459586426615715,0.012602554634213448,0.007669505197554827,0.00355676026083529
glass218.jpg,glass,glass,0.0015272923046723008,0.001442619482986629,0.0008127668406814337,0.985301673412323,0.006436898838728666,0.001882244716398418,0.0005964694428257644,0.002000099513679743
brown-glass544.jpg,glass,glass,0.008130837231874466,0.001034037908539176,0.006072569638490677,0.9758154153823853,0.005608624313026667,0.0015930370427668095,0.0006387093453668058,0.0011066176230087876
white-glass390.jpg,glass,glass,0.0024812223855406046,0.0025303191505372524,0.0028142568189650774,0.9823771715164185,0.0015545448986813426,0.002858198946341872,0.0032133939675986767,0.002171106170862913
brown-glass157.jpg,glass,glass,0.00435821944847703,0.00919914897531271,0.0060863434337079525,0.9614160656929016,0.0023477510549128056,0.011073245666921139,0.0027454078663140535,0.0027737475465983152
brown-glass465.jpg,glass,glass,0.005311340093612671,0.005940357223153114,0.007651645224541426,0.9598508477210999,0.008890924043953419,0.00667077861726284,0.0018120340537279844,0.0038721219170838594
green-glass405.jpg,glass,glass,0.007917851209640503,0.003582251025363803,0.004213129170238972,0.9697302579879761,0.003571870503947139,0.004436044953763485,0.0026091833133250475,0.003939385060220957
green-glass4.jpg,glass,glass,0.0051002539694309235,0.0029670337680727243,0.004406919702887535,0.9715795516967773,0.0021892280783504248,0.0038962746039032936,0.0054860590025782585,0.0043747019954025745
white-glass242.jpg,glass,glass,0.0008100269478745759,0.0010384039487689734,0.0009308733860962093,0.9870488047599792,0.00041525281267240644,0.0004397335578687489,0.007114735897630453,0.0022022027987986803
green-glass419.jpg,glass,glass,0.0037667877040803432,0.003583312965929508,0.00379398581571877,0.9681212306022644,0.0045629870146512985,0.00759398378431797,0.005747854709625244,0.0028297395911067724
green-glass68.jpg,glass,glass,0.0035324168857187033,0.0024221816565841436,0.001404333976097405,0.9790798425674438,0.004076865967363119,0.004897227045148611,0.0024095962289720774,0.0021775688510388136
white-glass636.jpg,glass,glass,0.0027754211332648993,0.0075391847640275955,0.007716171443462372,0.9490646719932556,0.02381601557135582,0.005314844194799662,0.0014585480093955994,0.002315157325938344
white-glass456.jpg,glass,glass,0.0043471078388392925,0.003552393987774849,0.0051681529730558395,0.9652454257011414,0.003471941687166691,0.0035619724076241255,0.012743755243718624,0.0019093931186944246
brown-glass217.jpg,glass,glass,0.001994849182665348,0.00253938022069633,0.005176907405257225,0.9723004698753357,0.0064767408184707165,0.003023716853931546,0.003843929385766387,0.004643937107175589
glass19.jpg,glass,glass,0.003021922428160906,0.0021334392949938774,0.0038767466321587563,0.9726455807685852,0.002211041748523712,0.006732902955263853,0.0056078447960317135,0.0037705630529671907
brown-glass386.jpg,glass,glass,0.02867116779088974,0.008157038129866123,0.009832090698182583,0.8696663975715637,0.026276737451553345,0.03292376175522804,0.005622696131467819,0.01885007880628109
glass269.jpg,glass,glass,0.0022297848481684923,0.001423788140527904,0.0011557633988559246,0.9774361252784729,0.0006112192641012371,0.0037940300535410643,0.005626910366117954,0.00772231025621295
white-glass612.jpg,glass,glass,0.0013967270497232676,0.0026964310090988874,0.002346653025597334,0.9859246611595154,0.0008825116092339158,0.00151022057980299,0.004427053965628147,0.0008156276308000088
brown-glass583.jpg,glass,glass,0.002109125256538391,0.0036282744258642197,0.003106889082118869,0.9752585887908936,0.0033527519553899765,0.0061067030765116215,0.0031409352086484432,0.003296822542324662
glass385.jpg,glass,glass,0.007600164040923119,0.0035354732535779476,0.0009729248704388738,0.9770551919937134,0.002565650036558509,0.0017444903496652842,0.004491906147450209,0.0020340741612017155
green-glass427.jpg,glass,glass,0.002684128936380148,0.0031106940004974604,0.0051877168007195,0.9658226370811462,0.007381123024970293,0.007004286162555218,0.0068927365355193615,0.0019167463760823011
brown-glass241.jpg,glass,glass,0.0032303074840456247,0.0022689709439873695,0.0009307003929279745,0.9853419065475464,0.0018312574829906225,0.0030662526842206717,0.0008928070892579854,0.0024378513917326927
glass50.jpg,glass,glass,0.0029201896395534277,0.0025374845135957003,0.003763106418773532,0.9795156121253967,0.0015132249100133777,0.002340113976970315,0.005845324136316776,0.0015649067936465144
brown-glass68.jpg,glass,glass,0.00425570085644722,0.00903409719467163,0.0054998984560370445,0.9671014547348022,0.00296040833927691,0.004227373283356428,0.003739358391612768,0.0031818754505366087
glass93.jpg,glass,glass,0.006252353545278311,0.006073408760130405,0.0042383624240756035,0.9613777995109558,0.0032229525968432426,0.006795074325054884,0.0066084228456020355,0.005431639030575752
green-glass242.jpg,glass,glass,0.006032704375684261,0.008441267535090446,0.0060406578704714775,0.949922502040863,0.008391426876187325,0.006098657846450806,0.007537802681326866,0.007535104639828205
glass36.jpg,glass,glass,0.0021120768506079912,0.0024090318474918604,0.002136986469849944,0.9762201309204102,0.002358810044825077,0.009684300050139427,0.0007839889149181545,0.0042945570312440395
green-glass303.jpg,glass,glass,0.0035508533474057913,0.0017636819975450635,0.005473047960549593,0.9780080914497375,0.0024679971393197775,0.004299082327634096,0.0017209575744345784,0.0027162174228578806
white-glass286.jpg,glass,glass,0.03136371076107025,0.023869171738624573,0.014298385009169579,0.7433346509933472,0.1282963752746582,0.0244352538138628,0.019462235271930695,0.014940227381885052
green-glass428.jpg,glass,glass,0.00320905982516706,0.005400989670306444,0.004033258650451899,0.9721118807792664,0.0022311145439743996,0.0046375952661037445,0.003022595541551709,0.005353576969355345
white-glass65.jpg,glass,glass,0.0038013255689293146,0.001694898004643619,0.0019092203583568335,0.9821009039878845,0.002950410358607769,0.0027338708750903606,0.0022624116390943527,0.002546994248405099
white-glass410.jpg,glass,glass,0.004583538975566626,0.012557381764054298,0.00558225903660059,0.9302545189857483,0.008683105930685997,0.011688608676195145,0.02026568353176117,0.006384865380823612
white-glass100.jpg,glass,glass,0.003571027424186468,0.00554638123139739,0.006269736215472221,0.9618718028068542,0.005389473866671324,0.005348804872483015,0.006059868726879358,0.005942971911281347
green-glass489.jpg,glass,glass,0.002620318904519081,0.0031612233724445105,0.0024894489906728268,0.9795176982879639,0.0022008756641298532,0.0043373266234993935,0.0019489743281155825,0.003724151523783803
brown-glass234.jpg,glass,glass,0.00604946119710803,0.004452625755220652,0.0070579154416918755,0.9630113840103149,0.005637986585497856,0.007677363697439432,0.003100746311247349,0.0030126036144793034
glass197.jpg,glass,glass,0.0029859524220228195,0.0020359910558909178,0.0027349404990673065,0.9764904975891113,0.005930623970925808,0.001737564685754478,0.0026264945045113564,0.005457968916743994
brown-glass270.jpg,glass,glass,0.002926778281107545,0.004690367262810469,0.0018817654345184565,0.9725579619407654,0.008377819322049618,0.0038652271032333374,0.0013185564894229174,0.004381509497761726
white-glass148.jpg,glass,glass,0.002801871160045266,0.0035689787473529577,0.004215328488498926,0.9764432311058044,0.004967157728970051,0.002925874199718237,0.0002478309615980834,0.004829737823456526
glass56.jpg,glass,glass,0.003282724879682064,0.002938448451459408,0.0017670810921117663,0.9758475422859192,0.0014171231305226684,0.0053114634938538074,0.0035527704749256372,0.005882784724235535
white-glass761.jpg,glass,glass,0.011476959101855755,0.00931583996862173,0.011256525292992592,0.7410866618156433,0.0057521117851138115,0.007704049814492464,0.2102712094783783,0.0031366462353616953
glass96.jpg,glass,glass,0.0015135278226807714,0.005803336389362812,0.0027230302803218365,0.9481659531593323,0.035642050206661224,0.0018123505869880319,0.0032614937517791986,0.0010782640893012285
green-glass450.jpg,glass,glass,0.0023584754671901464,0.005408356431871653,0.004895165096968412,0.9685941934585571,0.005947149358689785,0.006253588479012251,0.0033697637263685465,0.0031733501236885786
white-glass160.jpg,glass,glass,0.0030818248633295298,0.002504791598767042,0.0030147526413202286,0.980602502822876,0.0013523792149499059,0.0029173025395721197,0.0032945279963314533,0.0032320080790668726
green-glass66.jpg,glass,glass,0.0023149920161813498,0.004353243857622147,0.0024802982807159424,0.982191264629364,0.0010092188604176044,0.0022320058196783066,0.0037887829821556807,0.0016302006551995873
green-glass526.jpg,glass,glass,0.004688640590757132,0.0086517333984375,0.009594161063432693,0.9465572237968445,0.011500198394060135,0.006999458651989698,0.007301484700292349,0.004707173444330692
glass71.jpg,glass,glass,0.0036247726529836655,0.003226595465093851,0.0019074714509770274,0.980457603931427,0.005752486642450094,0.0013869177782908082,0.0015836545499041677,0.0020605858881026506
green-glass86.jpg,glass,glass,0.004864003509283066,0.0037619315553456545,0.004666945897042751,0.9659546613693237,0.004195875488221645,0.00698150135576725,0.005936483386904001,0.0036386980209499598
glass207.jpg,glass,glass,0.005056120455265045,0.002529510762542486,0.0018944781040772796,0.9717671871185303,0.008618839085102081,0.005546990782022476,0.0006585235823877156,0.003928346559405327
green-glass587.jpg,glass,glass,0.0020460993982851505,0.0018369273748248816,0.001827623345889151,0.98150235414505,0.003735316451638937,0.004873393103480339,0.0018933219835162163,0.0022849522065371275
brown-glass271.jpg,glass,glass,0.009833572432398796,0.005929699167609215,0.004382584244012833,0.9502219557762146,0.005962219554930925,0.01102046575397253,0.004207327030599117,0.008442103862762451
green-glass198.jpg,glass,glass,0.0019215978682041168,0.0015386400045827031,0.0014121178537607193,0.9851298332214355,0.003860574448481202,0.001564780599437654,0.003531174035742879,0.001041282550431788
white-glass635.jpg,glass,glass,0.008467849344015121,0.0037049942184239626,0.010765036568045616,0.9629079103469849,0.007353316061198711,0.0026913576293736696,0.002548026852309704,0.0015616260934621096
brown-glass314.jpg,glass,glass,0.00728661147877574,0.00991102959960699,0.003687366610392928,0.958003044128418,0.005500975996255875,0.008680356666445732,0.0015457411063835025,0.005385030061006546
green-glass52.jpg,glass,glass,0.009752434678375721,0.004316065926104784,0.0036516529507935047,0.9647975564002991,0.00242504826746881,0.01000062096863985,0.003199739148840308,0.001856870949268341
green-glass404.jpg,glass,glass,0.010470154695212841,0.006198647897690535,0.003747248789295554,0.9640771746635437,0.0030711162835359573,0.003447756404057145,0.004290794022381306,0.004697035998106003
white-glass413.jpg,glass,glass,0.001275216811336577,0.0038456490729004145,0.005477664060890675,0.9632624983787537,0.0017198731657117605,0.007180706597864628,0.012930524535477161,0.0043077850714325905
brown-glass35.jpg,glass,glass,0.00305590545758605,0.0056807235814630985,0.003815587144345045,0.9759090542793274,0.0027274196036159992,0.0034575804602354765,0.001704779569990933,0.0036489509511739016
white-glass726.jpg,glass,glass,0.0054114265367388725,0.006337821949273348,0.016800716519355774,0.9563225507736206,0.003306981408968568,0.0011646004859358072,0.0028976399917155504,0.007758233696222305
green-glass572.jpg,glass,glass,0.0027424904983490705,0.0053506582044065,0.003435049671679735,0.9716749787330627,0.0038052950985729694,0.003960953094065189,0.0017778025940060616,0.007252694107592106
white-glass519.jpg,glass,glass,0.0036688975524157286,0.0052694096229970455,0.0025199507363140583,0.9714155197143555,0.006225489545613527,0.005276666022837162,0.004369869362562895,0.0012542752083390951
white-glass698.jpg,glass,glass,0.005022892262786627,0.0017125896411016583,0.0013927000109106302,0.9829156398773193,0.0012208678526803851,0.005420545116066933,0.0019122982630506158,0.0004026108072139323
white-glass188.jpg,glass,glass,0.0050182337872684,0.008709902875125408,0.009917719289660454,0.9353915452957153,0.006907722447067499,0.012033870443701744,0.018244994804263115,0.0037761384155601263
white-glass20.jpg,glass,glass,0.0037866360507905483,0.00455293757840991,0.002238118089735508,0.9766631722450256,0.004055070225149393,0.0028930397238582373,0.0026620407588779926,0.0031491508707404137
brown-glass5.jpg,glass,glass,0.006085255648940802,0.004262622445821762,0.0034516279119998217,0.9744639992713928,0.0015929867513477802,0.003012718865647912,0.002533928956836462,0.004596843384206295
green-glass591.jpg,glass,glass,0.0032223465386778116,0.0034767920151352882,0.003852629568427801,0.9697312712669373,0.007575191091746092,0.004385096020996571,0.0033921883441507816,0.00436439597979188
green-glass210.jpg,glass,glass,0.0012611005222424865,0.0030090794898569584,0.0009110681130550802,0.9824482798576355,0.0029558299575001,0.003910960629582405,0.00297319027595222,0.0025304588489234447
brown-glass197.jpg,glass,glass,0.001962086884304881,0.003580915043130517,0.002249037614092231,0.9730897545814514,0.0060708848759531975,0.005742017645388842,0.0038871485739946365,0.0034180053044110537
brown-glass282.jpg,glass,glass,0.010508691892027855,0.00634892750531435,0.004565777722746134,0.9386128187179565,0.02378583513200283,0.005433608312159777,0.0026710068341344595,0.008073457516729832
brown-glass571.jpg,glass,glass,0.005259430035948753,0.008221765048801899,0.008753637783229351,0.9603906273841858,0.0039499481208622456,0.003942316398024559,0.005087847821414471,0.004394492134451866
brown-glass132.jpg,glass,glass,0.006097013130784035,0.0055576045997440815,0.00318902381695807,0.965179979801178,0.0033260700292885303,0.005191476549953222,0.0060795447789132595,0.005379214882850647
brown-glass516.jpg,glass,glass,0.002583061810582876,0.005930639803409576,0.005240926053375006,0.9722377061843872,0.002664779545739293,0.007076151669025421,0.0008041034452617168,0.003462631953880191
white-glass317.jpg,glass,glass,0.0020083654671907425,0.002902010455727577,0.004471533466130495,0.9781824350357056,0.0023250204976648092,0.004578649066388607,0.003094658488407731,0.002437216229736805
glass70.jpg,glass,glass,0.00472700921818614,0.0024123117327690125,0.0016645173309370875,0.980690062046051,0.0028711254708468914,0.0017767894314602017,0.001966802403330803,0.003891321597620845
green-glass172.jpg,glass,glass,0.0050364029593765736,0.009228111244738102,0.007688680663704872,0.9573898911476135,0.007184249348938465,0.002593838842585683,0.004484953824430704,0.006393948569893837
brown-glass400.jpg,glass,glass,0.003862969111651182,0.0037197545170783997,0.008740569464862347,0.9649602770805359,0.005659461487084627,0.004217579495161772,0.004053796641528606,0.00478557450696826
brown-glass535.jpg,glass,glass,0.02417697012424469,0.016599424183368683,0.03527463227510452,0.8973324298858643,0.009012285619974136,0.011680767871439457,0.0027834828943014145,0.0031401654705405235
white-glass408.jpg,glass,glass,0.0019691521301865578,0.003598532173782587,0.004168164450675249,0.9762663841247559,0.003558711614459753,0.004420321900397539,0.00256144511513412,0.0034572931472212076
brown-glass486.jpg,glass,glass,0.005188734736293554,0.004685066174715757,0.0029475728515535593,0.975135862827301,0.003828139742836356,0.003146427683532238,0.0033030807971954346,0.0017650676891207695
white-glass661.jpg,glass,glass,0.0022930216509848833,0.0020794630981981754,0.0028756202664226294,0.9839349389076233,0.0013849919196218252,0.0027026052121073008,0.0026054219342768192,0.0021239761263132095
glass420.jpg,glass,glass,0.0023261818569153547,0.004372705239802599,0.0013991594314575195,0.9834277033805847,0.00045239910832606256,0.0010295775718986988,0.0034838912542909384,0.0035084160044789314
white-glass585.jpg,glass,glass,0.003368793521076441,0.008913892321288586,0.002050899202004075,0.9536826610565186,0.005060463212430477,0.017773233354091644,0.006429443135857582,0.0027207026723772287
green-glass576.jpg,glass,glass,0.005635246634483337,0.014592036604881287,0.006439567543566227,0.927493691444397,0.010125086642801762,0.012488744221627712,0.01333275344222784,0.00989285483956337
brown-glass184.jpg,glass,glass,0.002520863665267825,0.002667634515091777,0.005015671718865633,0.9685602188110352,0.0050938804633915424,0.006365155801177025,0.005974081344902515,0.0038024939130991697
glass415.jpg,glass,glass,0.00319994380697608,0.0022403327748179436,0.000917197612579912,0.9852428436279297,0.0019403633195906878,0.0030799335800111294,0.0008959485567174852,0.002483509946614504
brown-glass399.jpg,glass,glass,0.006831757724285126,0.005584206432104111,0.00542858149856329,0.9636698365211487,0.005797669291496277,0.0065091862343251705,0.0026704794727265835,0.003508317982777953
glass377.jpg,glass,glass,0.0026728282682597637,0.0014887700090184808,0.005080325994640589,0.9792267680168152,0.0031234752386808395,0.002057670382782817,0.0013537512859329581,0.00499645946547389
glass118.jpg,glass,glass,0.002914889482781291,0.0026811149436980486,0.002134956419467926,0.9766157865524292,0.006764809601008892,0.0027731775771826506,0.003307323670014739,0.0028079161420464516
green-glass463.jpg,glass,glass,0.0033380682580173016,0.005654573906213045,0.00399463064968586,0.9740471243858337,0.004519620910286903,0.003824212122708559,0.0016458973987028003,0.002975697396323085
brown-glass89.jpg,glass,glass,0.0028071855194866657,0.0009407037869095802,0.0012176664313301444,0.9831737875938416,0.0017438409850001335,0.0042892140336334705,0.0013001820771023631,0.00452749477699399
brown-glass257.jpg,glass,glass,0.004934214986860752,0.004639741498976946,0.004483190830796957,0.9710391163825989,0.0031812055967748165,0.003948977682739496,0.004073753021657467,0.0036998549476265907
green-glass151.jpg,glass,glass,0.004482845310121775,0.00499609624966979,0.006559827830642462,0.9368615746498108,0.008382197469472885,0.020899850875139236,0.008300667628645897,0.009516925550997257
white-glass119.jpg,glass,glass,0.003829341381788254,0.002722737845033407,0.0020699871238321066,0.9675279855728149,0.016954269260168076,0.00104017264675349,0.0023382322397083044,0.0035172749776393175
green-glass60.jpg,glass,glass,0.002770434832200408,0.0026526323053985834,0.0026468115393072367,0.9807284474372864,0.005173640325665474,0.0017109541222453117,0.001573421759530902,0.002743653953075409
glass441.jpg,glass,glass,0.0037699195090681314,0.004264124669134617,0.00523600447922945,0.9734747409820557,0.0031164796091616154,0.0023757624439895153,0.0008379828068427742,0.006925157271325588
white-glass770.jpg,glass,glass,0.007235510740429163,0.003343543503433466,0.002944336272776127,0.9763022661209106,0.005283046513795853,0.0016014011343941092,0.002027556300163269,0.0012623213697224855
white-glass688.jpg,glass,glass,0.003982923459261656,0.005717287305742502,0.00535566033795476,0.9674195647239685,0.005384307820349932,0.0040099225006997585,0.0029364805668592453,0.005193792749196291
green-glass341.jpg,glass,glass,0.00380642875097692,0.005829910282045603,0.007675837725400925,0.9573519825935364,0.0066163670271635056,0.007797733414918184,0.0038681456353515387,0.0070535591803491116
green-glass173.jpg,glass,glass,0.005882099736481905,0.007751586847007275,0.004912335425615311,0.9549567103385925,0.008496091701090336,0.006549012381583452,0.007036810740828514,0.004415526986122131
glass316.jpg,glass,glass,0.0019440928008407354,0.003414066042751074,0.0022231582552194595,0.9734083414077759,0.0057858736254274845,0.0059336768463253975,0.0038472360465675592,0.003443532856181264
white-glass675.jpg,glass,glass,0.0049697658978402615,0.005928086116909981,0.009509182535111904,0.9602817893028259,0.005249787122011185,0.004890988115221262,0.004231730010360479,0.004938590340316296
glass189.jpg,glass,glass,0.001697820727713406,0.0010543445823714137,0.0015698359347879887,0.9881070852279663,0.0018217564793303609,0.0034383414313197136,0.0011868478031829,0.001124006463214755
white-glass284.jpg,glass,glass,0.004768529906868935,0.012378904037177563,0.005208759102970362,0.9431394934654236,0.010340431705117226,0.010383334010839462,0.0036162296310067177,0.010164373554289341
green-glass344.jpg,glass,glass,0.005945377983152866,0.004424149636179209,0.005481695290654898,0.9645590782165527,0.0017522256821393967,0.006023318972438574,0.009603327140212059,0.0022108242847025394
white-glass614.jpg,glass,glass,0.001809365232475102,0.00238818465732038,0.005190509837120771,0.9785063862800598,0.006384341977536678,0.0009809911716729403,0.0010292049264535308,0.0037110578268766403
white-glass429.jpg,glass,glass,0.02867797762155533,0.014765223488211632,0.010635164566338062,0.880387544631958,0.04074215516448021,0.01169382780790329,0.004291259218007326,0.008806915022432804
white-glass531.jpg,glass,glass,0.005190159194171429,0.004986700136214495,0.0036144780460745096,0.9642350673675537,0.0063682617619633675,0.006033590994775295,0.004266913048923016,0.005304865539073944
white-glass264.jpg,glass,glass,0.0029191002249717712,0.0032616914249956608,0.0024399685207754374,0.9694433808326721,0.010797659866511822,0.0034741591662168503,0.0018923140596598387,0.005771688651293516
white-glass774.jpg,glass,glass,0.002620417857542634,0.003677632659673691,0.0032273323740810156,0.9741770029067993,0.0050644767470657825,0.00617038132622838,0.0017105239676311612,0.0033521889708936214
glass213.jpg,glass,glass,0.012548618018627167,0.014868811704218388,0.007864493876695633,0.933695912361145,0.013784687966108322,0.00695905601605773,0.0032424586825072765,0.007035972084850073
glass364.jpg,glass,glass,0.0024987172801047564,0.0018711128504946828,0.002416094532236457,0.9814249277114868,0.0017280038446187973,0.003879101714119315,0.00182568677701056,0.004356296733021736
white-glass576.jpg,glass,glass,0.0036741700023412704,0.004425939172506332,0.0021483926102519035,0.9706509113311768,0.002693269867449999,0.0038214323576539755,0.00262573454529047,0.009960121475160122
green-glass579.jpg,glass,glass,0.004663728643208742,0.004404319450259209,0.0031069235410541296,0.9665623307228088,0.003773391479626298,0.00366220367141068,0.008455092087388039,0.005371895618736744
glass62.jpg,glass,glass,0.009238499216735363,0.0013923966325819492,0.0036157602444291115,0.9785991907119751,0.0007661326671950519,0.004669202957302332,0.001229768735356629,0.000489001686219126
glass256.jpg,glass,glass,0.0028354499954730272,0.0030210434924811125,0.0020796204917132854,0.9808118343353271,0.002540062414482236,0.0016998046776279807,0.002703044330701232,0.004309230018407106
green-glass436.jpg,glass,glass,0.008727098815143108,0.022755995392799377,0.00319412793032825,0.9450788497924805,0.005816045682877302,0.006170976907014847,0.004889089614152908,0.003367848228663206
white-glass462.jpg,glass,glass,0.00263781426474452,0.010499758645892143,0.005645346827805042,0.9548298716545105,0.00877359602600336,0.005189116578549147,0.007743147201836109,0.00468134880065918
glass102.jpg,glass,glass,0.0019433697452768683,0.004463954828679562,0.0018660655478015542,0.9789567589759827,0.0064268046990036964,0.004195375833660364,0.0011497734813019633,0.0009979098103940487
brown-glass362.jpg,glass,glass,0.007029167842119932,0.0037401439622044563,0.010106129571795464,0.958544909954071,0.006729210261255503,0.008501130156219006,0.0028329978231340647,0.002516278065741062
white-glass99.jpg,glass,glass,0.00045989445061422884,0.0004164100391790271,0.0003160942578688264,0.9975816011428833,0.00025052830460481346,0.0007075959583744407,5.7824800023809075e-05,0.00021002227731514722
white-glass14.jpg,glass,glass,0.005182938184589148,0.0097065893933177,0.006788098718971014,0.9488937854766846,0.013484583236277103,0.006643243134021759,0.0009549825917929411,0.008345826528966427
white-glass552.jpg,glass,glass,0.0014893605839461088,0.0021899847779423,0.0017647255444899201,0.9881000518798828,0.001947256620042026,0.0015436374815180898,0.0015955597627907991,0.0013694807421416044
white-glass602.jpg,glass,glass,0.005063108634203672,0.006361402105540037,0.002435200149193406,0.9653128385543823,0.00662367744371295,0.00311379530467093,0.007002158556133509,0.004087942652404308
green-glass557.jpg,glass,glass,0.006383619736880064,0.002111258450895548,0.0032616902608424425,0.9741389751434326,0.001128017669543624,0.00836277287453413,0.001380199915729463,0.0032335789874196053
white-glass746.jpg,glass,glass,0.005945425480604172,0.005894675385206938,0.008575037121772766,0.9458038806915283,0.008961447514593601,0.01613098382949829,0.004937940277159214,0.003750583855435252
white-glass683.jpg,glass,glass,0.0017744982615113258,0.0011968979379162192,0.0015549293020740151,0.980326771736145,0.0004119142540730536,0.0004663586732931435,0.00504567613825202,0.009222803637385368
green-glass473.jpg,glass,glass,0.003096200991421938,0.005867802072316408,0.005364594515413046,0.970243513584137,0.003778776852414012,0.0060247923247516155,0.0022693469654768705,0.0033550660591572523
brown-glass570.jpg,glass,glass,0.004226117394864559,0.006226002238690853,0.0033842665143311024,0.9702187180519104,0.00332996086217463,0.005870945751667023,0.0030816830694675446,0.003662233706563711
white-glass249.jpg,glass,glass,0.004261382389813662,0.00920944195240736,0.0028449855744838715,0.896060585975647,0.006756547372788191,0.016495274379849434,0.056860171258449554,0.007511715404689312
brown-glass421.jpg,glass,glass,0.10118092596530914,0.011831358075141907,0.022512812167406082,0.8064954876899719,0.005004564765840769,0.0025292120408266783,0.011462157592177391,0.03898357227444649
brown-glass290.jpg,glass,glass,0.0034963118378072977,0.003849557600915432,0.006325115449726582,0.9710797071456909,0.0026911315508186817,0.006689416244626045,0.0025714526418596506,0.0032974130008369684
green-glass345.jpg,glass,glass,0.002298625186085701,0.003039893927052617,0.005027313716709614,0.9749290943145752,0.003295367583632469,0.0065538398921489716,0.002242743968963623,0.0026132301427423954
brown-glass190.jpg,glass,glass,0.005536696873605251,0.009017130360007286,0.007206859067082405,0.9358301162719727,0.009980378672480583,0.015996107831597328,0.004402512218803167,0.012030268087983131
brown-glass563.jpg,glass,glass,0.0035511094611138105,0.007764262612909079,0.002932161558419466,0.9770140051841736,0.000854885031003505,0.0022515938617289066,0.003678556066006422,0.0019533783197402954
green-glass1.jpg,glass,glass,0.005112566985189915,0.03383195772767067,0.009333310648798943,0.9434287548065186,0.0026058305520564318,0.0027480199933052063,0.0010954244062304497,0.0018441786523908377
brown-glass47.jpg,glass,biological,0.024379650130867958,0.5335292220115662,0.01949954405426979,0.16967372596263885,0.06389984488487244,0.03216787427663803,0.06325726211071014,0.09359284490346909
green-glass444.jpg,glass,glass,0.0038643544539809227,0.004494518972933292,0.008053699508309364,0.9634591937065125,0.006298319902271032,0.006681844126433134,0.002974811941385269,0.004173350054770708
white-glass503.jpg,glass,glass,0.004023262299597263,0.0036263528745621443,0.0012497489806264639,0.9780836701393127,0.0036085310857743025,0.004888135474175215,0.0008689334499649704,0.0036514399107545614
green-glass328.jpg,glass,glass,0.005636013112962246,0.011190025135874748,0.005018169060349464,0.9524551630020142,0.004975462332367897,0.009493242017924786,0.004214059095829725,0.007017808500677347
green-glass217.jpg,glass,glass,0.008520546369254589,0.0058036549016833305,0.006058128084987402,0.9628494381904602,0.002317892387509346,0.006514511536806822,0.0048377625644207,0.003098114626482129
white-glass327.jpg,glass,glass,0.009703953750431538,0.00677978340536356,0.0037104703951627016,0.9401336908340454,0.013318286277353764,0.01689259149134159,0.002211999148130417,0.007249148562550545
white-glass202.jpg,glass,glass,0.0029891515150666237,0.004005737137049437,0.0033122061286121607,0.9739805459976196,0.010721057653427124,0.0008124298183247447,0.0004676624375861138,0.0037112676072865725
green-glass414.jpg,glass,glass,0.00469472911208868,0.003818129189312458,0.01152129378169775,0.9623446464538574,0.004734265152364969,0.004712950438261032,0.0034041148610413074,0.004769868217408657
green-glass202.jpg,glass,glass,0.005122312810271978,0.004667024593800306,0.005929312668740749,0.963645339012146,0.0068812198005616665,0.004651361610740423,0.002052160445600748,0.0070512620732188225
green-glass480.jpg,glass,glass,0.003950065467506647,0.008284937590360641,0.008112888783216476,0.9406117796897888,0.010554286651313305,0.016277993097901344,0.002820407971739769,0.009387660771608353
brown-glass520.jpg,glass,glass,0.0016015343135222793,0.003781191073358059,0.0011205078335478902,0.9674229025840759,0.0017999152187258005,0.004264567978680134,0.0013027703389525414,0.01870681904256344
glass319.jpg,glass,glass,0.009596779011189938,0.002625448163598776,0.0030268519185483456,0.9706816077232361,0.002601274289190769,0.005643740762025118,0.003272055182605982,0.002552332356572151
glass59.jpg,glass,glass,0.004895468708127737,0.004048748407512903,0.004861489869654179,0.9711192846298218,0.002557014347985387,0.003058345289900899,0.006948614027351141,0.0025109718553721905
brown-glass454.jpg,glass,glass,0.007381039205938578,0.0046629877761006355,0.005488788243383169,0.9556563496589661,0.015265490859746933,0.004826482385396957,0.004792339634150267,0.0019266329472884536
white-glass291.jpg,glass,glass,0.01042464654892683,0.01687663048505783,0.00980114471167326,0.8050727844238281,0.005770176649093628,0.017077341675758362,0.11600851267576218,0.01896865852177143
glass68.jpg,glass,glass,0.002359301084652543,0.002305935136973858,0.0026867289561778307,0.9806483387947083,0.0020615567918866873,0.007280417717993259,0.0016829868545755744,0.0009746582945808768
brown-glass13.jpg,glass,glass,0.003385344985872507,0.003911443520337343,0.005981683265417814,0.9525911211967468,0.011851416900753975,0.007471883669495583,0.005266174208372831,0.009540957398712635
glass82.jpg,glass,glass,0.003411737736314535,0.001963820308446884,0.001501005725003779,0.9875115156173706,0.000634514435660094,0.001038680667988956,0.002596717793494463,0.001342083909548819
white-glass762.jpg,glass,glass,0.003371246624737978,0.005366753786802292,0.003194522811099887,0.9710788130760193,0.005598087795078754,0.004130533430725336,0.0022895473521202803,0.004970514681190252
brown-glass595.jpg,glass,glass,0.004514672793447971,0.0046972306445240974,0.00643621850758791,0.962695837020874,0.005075629334896803,0.006910691037774086,0.004589699674397707,0.005080217961221933
white-glass282.jpg,glass,glass,0.0038124837446957827,0.0036276301834732294,0.00490640988573432,0.9705853462219238,0.007367318496108055,0.003649642691016197,0.003209323389455676,0.0028417238499969244
glass255.jpg,glass,glass,0.0020403913222253323,0.002894891891628504,0.0027172856498509645,0.9815295338630676,0.005455415230244398,0.0011970369378104806,0.0020090308971703053,0.002156500006094575
green-glass358.jpg,glass,glass,0.002237836131826043,0.005184028763324022,0.004775655455887318,0.9675408005714417,0.005750429816544056,0.006434033624827862,0.002068479312583804,0.00600875448435545
brown-glass318.jpg,glass,glass,0.004452462308108807,0.008528252132236958,0.004229092504829168,0.9581460356712341,0.007301191333681345,0.0035695445258170366,0.00892709195613861,0.004846269730478525
green-glass476.jpg,glass,glass,0.0033116841223090887,0.004569587763398886,0.006001645233482122,0.9674989581108093,0.005408767145127058,0.00569412624463439,0.003909326624125242,0.0036059219855815172
white-glass706.jpg,glass,glass,0.0016489600529894233,0.003993337042629719,0.0015722531825304031,0.9792017340660095,0.005813311319798231,0.002989204367622733,0.0008903556736186147,0.00389096699655056
white-glass571.jpg,glass,glass,0.003309335559606552,0.002951031783595681,0.0032781895715743303,0.9796339869499207,0.003912473097443581,0.0030725891701877117,0.002412858884781599,0.0014293575659394264
brown-glass390.jpg,glass,glass,0.00599059509113431,0.005455068312585354,0.006392758805304766,0.9293434619903564,0.004893565084785223,0.01651400327682495,0.023062758147716522,0.008347914554178715
green-glass112.jpg,glass,glass,0.0032293605618178844,0.002045908011496067,0.010428421199321747,0.9739120006561279,0.0028008834924548864,0.00415906822308898,0.0016271410277113318,0.001797222183085978
green-glass433.jpg,glass,glass,0.004901769105345011,0.0045717996545135975,0.004307688679546118,0.9579600691795349,0.007114559877663851,0.013892021030187607,0.0033633941784501076,0.003888815874233842
white-glass540.jpg,glass,glass,0.004664321430027485,0.006111137568950653,0.006994750816375017,0.9549373388290405,0.0073276604525744915,0.005048723425716162,0.010203240439295769,0.004712720401585102
brown-glass193.jpg,glass,glass,0.001405373215675354,0.002374126808717847,0.001859219279140234,0.984693169593811,0.0028855365235358477,0.0026653874665498734,0.003449981566518545,0.0006672756280750036
brown-glass295.jpg,glass,glass,0.0012732718605548143,0.0010701215360313654,0.004193152766674757,0.9807372093200684,0.0014133796794340014,0.006297012325376272,0.0006431738729588687,0.004372808616608381
green-glass97.jpg,glass,glass,0.005089145619422197,0.004128164611756802,0.005360616836696863,0.956274688243866,0.006110426504164934,0.0017834792379289865,0.009676645509898663,0.011576884426176548
brown-glass279.jpg,glass,glass,0.004188043996691704,0.0048984442837536335,0.004162141587585211,0.9699832201004028,0.005554851144552231,0.00814095139503479,0.001111239311285317,0.00196105451323092
green-glass169.jpg,glass,glass,0.004843611735850573,0.003012207103893161,0.007936271838843822,0.9706240892410278,0.0024725666735321283,0.004650531802326441,0.0019148981664329767,0.004545890726149082
white-glass323.jpg,glass,glass,0.003539548721164465,0.003037713933736086,0.003087524324655533,0.9735342860221863,0.001731656026095152,0.004487427417188883,0.00698107061907649,0.0036007596645504236
glass339.jpg,glass,glass,0.00450855540111661,0.00496395630761981,0.005425803828984499,0.9497994780540466,0.023842327296733856,0.002516387728974223,0.0030568328220397234,0.005886596627533436
green-glass620.jpg,glass,glass,0.006523386109620333,0.005124142859131098,0.006323834415525198,0.9607833623886108,0.004909164272248745,0.0072062392719089985,0.00436016172170639,0.004769612569361925
brown-glass406.jpg,glass,glass,0.002667522057890892,0.005732830613851547,0.014202260412275791,0.9500759243965149,0.009551506489515305,0.010893172584474087,0.0028554333839565516,0.004021301865577698
white-glass186.jpg,glass,glass,0.0021577063016593456,0.004263812676072121,0.00780375674366951,0.9586143493652344,0.013347065076231956,0.003115300787612796,0.006844931747764349,0.003853142959997058
white-glass265.jpg,glass,glass,0.0009191128774546087,0.00278984266333282,0.001935450709424913,0.9764378666877747,0.0027367109432816505,0.007567388936877251,0.0069848946295678616,0.0006287684664130211
white-glass336.jpg,glass,glass,0.0030740713700652122,0.0007874449365772307,0.00319392466917634,0.9821838140487671,0.00415395013988018,0.004059227649122477,0.0010908584808930755,0.0014566683676093817
brown-glass585.jpg,glass,glass,0.008098668418824673,0.006663431879132986,0.008984535001218319,0.9510819911956787,0.004817417822778225,0.009887970983982086,0.0039045987650752068,0.006561285350471735
brown-glass345.jpg,glass,glass,0.004443771205842495,0.0035992267075926065,0.022113436833024025,0.9505693316459656,0.003518476849421859,0.003707121592015028,0.0031912766862660646,0.008857394568622112
brown-glass287.jpg,glass,glass,0.007402010262012482,0.006149827968329191,0.003164940048009157,0.9567898511886597,0.0065397340804338455,0.008045499213039875,0.006410003639757633,0.005498053506016731
glass387.jpg,glass,glass,0.008744190447032452,0.004951133858412504,0.003788410685956478,0.966339111328125,0.005566996522247791,0.004015734419226646,0.0037279909010976553,0.0028664779383689165
glass279.jpg,glass,glass,0.010653804056346416,0.010665961541235447,0.006943959277123213,0.9350640177726746,0.0107512716203928,0.006208215840160847,0.01426240149885416,0.005450430791825056
white-glass717.jpg,glass,glass,0.0033248979598283768,0.004865753464400768,0.004561509005725384,0.9666445255279541,0.004924663342535496,0.007035007234662771,0.0057280887849628925,0.0029154676012694836
brown-glass176.jpg,glass,glass,0.0030159682501107454,0.004893021192401648,0.0024057470727711916,0.9728323817253113,0.004650841932743788,0.005529351998120546,0.0026744904462248087,0.003998034168034792
brown-glass294.jpg,glass,glass,0.0033141975291073322,0.0018248819978907704,0.0015886580804362893,0.9774166345596313,0.009029380977153778,0.0026545876171439886,0.0008412657189182937,0.003330427687615156
brown-glass568.jpg,glass,glass,0.0025550532154738903,0.007744763977825642,0.004248007666319609,0.9479577541351318,0.02264990098774433,0.009099825285375118,0.002030989620834589,0.003713526763021946
green-glass269.jpg,glass,glass,0.0032573770731687546,0.004173320718109608,0.0033126799389719963,0.9697661399841309,0.0029608167242258787,0.004512885585427284,0.00830788817256689,0.0037089483812451363
white-glass562.jpg,glass,glass,0.005380092654377222,0.0038463373202830553,0.0036716905888170004,0.9733662009239197,0.0014568481128662825,0.001843581791035831,0.00266380631364882,0.0077714938670396805
green-glass392.jpg,glass,glass,0.0032083543483167887,0.006991715636104345,0.0036550217773765326,0.9631532430648804,0.0068843429908156395,0.007964749820530415,0.003327867016196251,0.004814868327230215
glass406.jpg,glass,glass,0.023144396021962166,0.011106557212769985,0.008061892352998257,0.6608828902244568,0.2607022225856781,0.01021355576813221,0.019055528566241264,0.006833008024841547
green-glass77.jpg,glass,glass,0.0031733957584947348,0.008040433749556541,0.0037384075112640858,0.9635436534881592,0.003605338977649808,0.008465278893709183,0.005336413159966469,0.00409708172082901
glass317.jpg,glass,glass,0.007846364751458168,0.005244013387709856,0.0021711012814193964,0.9684168696403503,0.006189647596329451,0.0024359009694308043,0.0035383456852287054,0.004157701041549444
glass24.jpg,glass,glass,0.009894702583551407,0.007075577042996883,0.008968244306743145,0.9405535459518433,0.01901688426733017,0.003999132663011551,0.0037378144916146994,0.006754186935722828
green-glass260.jpg,glass,glass,0.0055506727658212185,0.014187202788889408,0.010062186047434807,0.9293797612190247,0.010849329642951488,0.01028916984796524,0.013767996802926064,0.005913829896599054
white-glass592.jpg,glass,glass,0.0018344959244132042,0.0054576219990849495,0.0035848321858793497,0.9763659238815308,0.0032367687672376633,0.0068258862011134624,0.001482870546169579,0.0012116609141230583
brown-glass303.jpg,glass,glass,0.0016263447469100356,0.006449317559599876,0.0029359422624111176,0.9449496269226074,0.03738005831837654,0.0019872181583195925,0.003547846805304289,0.0011238185688853264
brown-glass17.jpg,glass,glass,0.005481478292495012,0.005329635459929705,0.006499714683741331,0.9612095952033997,0.007986190728843212,0.004991868510842323,0.004273845348507166,0.004227604251354933
green-glass617.jpg,glass,glass,0.004156184382736683,0.006684754975140095,0.0025073543656617403,0.9710440635681152,0.001281323959119618,0.0020646906923502684,0.008514742366969585,0.0037468671798706055
white-glass341.jpg,glass,glass,0.002902700798586011,0.004692112561315298,0.0034822409506887197,0.9763002395629883,0.002569507574662566,0.003284814767539501,0.0034874738194048405,0.00328083080239594
glass258.jpg,glass,glass,0.010980567894876003,0.009906290099024773,0.004890019539743662,0.950985312461853,0.007704570889472961,0.006043642293661833,0.005611787084490061,0.003877755720168352
brown-glass487.jpg,glass,glass,0.006437397096306086,0.004198112525045872,0.004925139248371124,0.9665079116821289,0.007128556724637747,0.00431715976446867,0.0025031513068825006,0.003982636611908674
glass182.jpg,glass,glass,0.005540311336517334,0.005948820151388645,0.002331011462956667,0.9624685049057007,0.005224958993494511,0.003117058426141739,0.007480375934392214,0.007889008149504662
white-glass659.jpg,glass,glass,0.0033373800106346607,0.00313319219276309,0.0018708182033151388,0.9766322374343872,0.0018635778687894344,0.006247739773243666,0.0037187940906733274,0.003196224570274353
brown-glass322.jpg,glass,glass,0.005210369359701872,0.005747356917709112,0.007071570958942175,0.9647812247276306,0.00414304481819272,0.009038844145834446,0.0019132184097543359,0.0020942913834005594
brown-glass138.jpg,glass,glass,0.007404790725558996,0.00392097607254982,0.0036507751792669296,0.9637491106987,0.004648153204470873,0.0050983247347176075,0.0018385546281933784,0.00968928262591362
brown-glass383.jpg,glass,glass,0.009324580430984497,0.0039968229830265045,0.004049649927765131,0.9628087282180786,0.0077718691900372505,0.005374339874833822,0.0020850414875894785,0.004588861018419266
white-glass304.jpg,glass,glass,0.0074784355238080025,0.013335179537534714,0.016116291284561157,0.7542191743850708,0.15414279699325562,0.03880232200026512,0.008207589387893677,0.007698270957916975
white-glass159.jpg,glass,glass,0.007890290580689907,0.006210267078131437,0.002385093830525875,0.9390688538551331,0.018817340955138206,0.011247759684920311,0.006740198004990816,0.007640238385647535
brown-glass37.jpg,glass,glass,0.004674537573009729,0.004768026061356068,0.0067407963797450066,0.9661313891410828,0.004394664894789457,0.005287126172333956,0.003722662106156349,0.004280857276171446
brown-glass187.jpg,glass,glass,0.0025915030855685472,0.0006033135578036308,0.000822482630610466,0.990993320941925,0.0018175471341237426,0.0015649262350052595,0.0005839212681166828,0.0010229462059214711
brown-glass261.jpg,glass,glass,0.02001846767961979,0.005061480216681957,0.004300356842577457,0.886864960193634,0.04630056768655777,0.006746133789420128,0.025756848976016045,0.0049512432888150215
glass92.jpg,glass,glass,0.0062515572644770145,0.005384792108088732,0.005110066384077072,0.9614652991294861,0.01007764507085085,0.00481440732255578,0.0027135140262544155,0.004182618577033281
green-glass324.jpg,glass,glass,0.007103585172444582,0.007103317882865667,0.00520812114700675,0.9653668999671936,0.004794305190443993,0.0043197269551455975,0.0028602329548448324,0.003243928775191307
glass429.jpg,glass,glass,0.0030546667985618114,0.0023634207900613546,0.0033033278305083513,0.9659292697906494,0.007222335785627365,0.009294181130826473,0.002058881800621748,0.006774040404707193
glass90.jpg,glass,glass,0.0018621975323185325,0.002620764309540391,0.00113078358117491,0.9851147532463074,0.0012599898036569357,0.0038834060542285442,0.001423139008693397,0.002704832935705781
white-glass187.jpg,glass,glass,0.003670245176181197,0.006909408140927553,0.0027920857537537813,0.9480032920837402,0.024668728932738304,0.007611080538481474,0.0018181978957727551,0.004526942502707243
brown-glass108.jpg,glass,glass,0.003121375571936369,0.005965848453342915,0.0019187480211257935,0.9779886603355408,0.0032494133338332176,0.0022750748321413994,0.0025322171859443188,0.0029485123232007027
green-glass567.jpg,glass,glass,0.003946094773709774,0.004405649844557047,0.0025065604131668806,0.9720737934112549,0.005439493805170059,0.00513061136007309,0.003202492604032159,0.0032952609471976757
white-glass257.jpg,glass,glass,0.006538970861583948,0.009680192917585373,0.011627309955656528,0.9579092860221863,0.0024306774139404297,0.0032286408822983503,0.005545507650822401,0.003039449919015169
white-glass17.jpg,glass,glass,0.003363763215020299,0.003608674043789506,0.002769483719021082,0.9718776941299438,0.005990268662571907,0.0037953255232423544,0.005146267358213663,0.003448452102020383
white-glass278.jpg,glass,glass,0.00047007965622469783,0.002822154201567173,0.0031191485468298197,0.977117121219635,0.004183096811175346,0.007594425696879625,0.0009589144610799849,0.003735064063221216
brown-glass75.jpg,glass,glass,0.0032723306212574244,0.0049193729646503925,0.005288634914904833,0.9590442180633545,0.006257831119000912,0.011070596054196358,0.004006598610430956,0.006140496116131544
white-glass110.jpg,glass,glass,0.0018651045393198729,0.0004724235041067004,0.0005481556872837245,0.9934843182563782,0.0002320932107977569,0.0009442713344469666,0.0018532746471464634,0.0006003919988870621
green-glass538.jpg,glass,glass,0.0027010373305529356,0.0036890313494950533,0.001963539281859994,0.9707997441291809,0.003368076868355274,0.009334072470664978,0.004468255676329136,0.003676273860037327
white-glass638.jpg,glass,glass,0.001746792928315699,0.002387013752013445,0.004844626411795616,0.9829127788543701,0.001280729891732335,0.002107641426846385,0.004051417112350464,0.0006689046858809888
white-glass767.jpg,glass,glass,0.004103669431060553,0.004745096899569035,0.004995884373784065,0.9679466485977173,0.004381902050226927,0.004448818974196911,0.0012176791206002235,0.008160323835909367
glass143.jpg,glass,glass,0.0033661839552223682,0.006226555909961462,0.0033460711129009724,0.9757711291313171,0.0028575132600963116,0.00199269806034863,0.0020271551329642534,0.004412637557834387
glass264.jpg,glass,glass,0.002475141314789653,0.0014541380805894732,0.0008213440305553377,0.9902511835098267,0.0008906087023206055,0.0011008557630702853,0.0008145890315063298,0.002192071871832013
brown-glass14.jpg,glass,glass,0.004598142113536596,0.005884462967514992,0.008575129322707653,0.9431977868080139,0.00828544981777668,0.011280683800578117,0.007391117513179779,0.010787132196128368
brown-glass360.jpg,glass,glass,0.014261536300182343,0.0038384587969630957,0.005636540707200766,0.9509418606758118,0.00569494953379035,0.009509917348623276,0.0033606181386858225,0.006756157614290714
green-glass182.jpg,glass,glass,0.002386661944910884,0.0032110856845974922,0.006813406012952328,0.9688311219215393,0.005377382040023804,0.003413858124986291,0.006603701040148735,0.0033626866061240435
white-glass769.jpg,glass,glass,0.0031519688200205564,0.0022427053190767765,0.001987132243812084,0.9814249277114868,0.003388664685189724,0.0036590301897376776,0.0020644981414079666,0.002081078477203846
green-glass245.jpg,glass,glass,0.0031881965696811676,0.004166911821812391,0.006870809942483902,0.9639652967453003,0.0055740890093147755,0.009148870594799519,0.0028043959755450487,0.004281496163457632
green-glass186.jpg,glass,glass,0.019370630383491516,0.18952518701553345,0.01842489093542099,0.6850869655609131,0.018133072182536125,0.007632903754711151,0.049709491431713104,0.012116889469325542
white-glass216.jpg,glass,glass,0.004539873916655779,0.011486752890050411,0.008165043778717518,0.9456300139427185,0.014246119186282158,0.011785604059696198,0.0011131844948977232,0.0030334992334246635
brown-glass372.jpg,glass,glass,0.009074391797184944,0.009286600165069103,0.007562469225376844,0.9420432448387146,0.005195401143282652,0.00866294652223587,0.003970679827034473,0.014204182662069798
green-glass283.jpg,glass,glass,0.0011622975580394268,0.002440442331135273,0.007041177712380886,0.9667997360229492,0.015456311404705048,0.0021552969701588154,0.0005593352834694088,0.004385395906865597
white-glass77.jpg,glass,glass,0.004008777905255556,0.009279662743210793,0.0023285015486180782,0.9402095675468445,0.015153712593019009,0.02246369980275631,0.0015425493475049734,0.005013560876250267
green-glass326.jpg,glass,glass,0.001801285776309669,0.002999322721734643,0.001432118471711874,0.9853857755661011,0.0018045156029984355,0.001731684897094965,0.001485078944824636,0.0033601762261241674
white-glass766.jpg,glass,glass,0.004080340266227722,0.00817303266376257,0.003636398119851947,0.9673628807067871,0.006534788757562637,0.004870051518082619,0.0010818684240803123,0.004260668996721506
metal250.jpg,metal,metal,0.0022586719132959843,0.000988723011687398,0.0024216938763856888,0.0004964547697454691,0.9836336970329285,0.0029546956066042185,0.004390929359942675,0.002855132333934307
metal87.jpg,metal,metal,0.0022088380064815283,0.002539735985919833,0.0012071456294506788,0.0009584502549842,0.9868380427360535,0.0027313928585499525,0.0011565975146368146,0.002359697362408042
metal176.jpg,metal,metal,0.0018439973937347531,0.0015215699095278978,0.0011763075599446893,0.003659013658761978,0.9876219630241394,0.00032637291587889194,0.0035033891908824444,0.00034740028786472976
metal605.jpg,metal,metal,0.0009300120873376727,0.0015737193170934916,0.002462156116962433,0.0008457404910586774,0.990484356880188,0.0008035178179852664,0.001674709958024323,0.0012258489150553942
metal153.jpg,metal,metal,0.0006646375986747444,0.00042906621820293367,0.00035375505103729665,0.00025348656345158815,0.9974495768547058,0.00019986971165053546,0.00018309162987861782,0.00046641548397019506
metal170.jpg,metal,metal,0.0045279464684426785,0.007081359624862671,0.00816141813993454,0.002467297948896885,0.9588232040405273,0.009027278050780296,0.006202064920216799,0.0037094736471772194
metal116.jpg,metal,metal,0.05179839953780174,0.005404183175414801,0.00989657361060381,0.014015959575772285,0.8945781588554382,0.007893751375377178,0.012107854709029198,0.004305113106966019
metal14.jpg,metal,metal,0.0009021793957799673,0.0029137625824660063,0.000601603533141315,0.003609689883887768,0.9885883331298828,0.001071172533556819,0.001828527427278459,0.000484695250634104
metal407.jpg,metal,metal,0.0009341404074802995,0.001623676624149084,0.00028588634449988604,0.0006353224162012339,0.993974506855011,0.0008825680706650019,0.0010662771528586745,0.0005976671236567199
metal508.jpg,metal,metal,0.0011684615164995193,0.003946609329432249,0.005842616781592369,0.000996298622339964,0.929553210735321,0.04114513844251633,0.013268743641674519,0.004078815691173077
metal179.jpg,metal,metal,0.0007647229940630496,0.0019508926197886467,0.0011243642074987292,0.001014163950458169,0.9889487028121948,0.0020622913725674152,0.0010497939074411988,0.003084959462285042
metal312.jpg,metal,metal,0.009313801303505898,0.00595078757032752,0.0059503791853785515,0.0030349651351571083,0.9652212858200073,0.004093699622899294,0.002850200980901718,0.0035848417319357395
metal560.jpg,metal,metal,0.0010751866502687335,0.004268404096364975,0.0018580732867121696,0.0009617615141905844,0.9836259484291077,0.0048522911965847015,0.001963263377547264,0.0013949756976217031
metal61.jpg,metal,metal,0.013214941136538982,0.008133801631629467,0.010297992266714573,0.005344196688383818,0.9531155228614807,0.0053046690300107,0.001594644971191883,0.002994260983541608
metal673.jpg,metal,metal,0.008950273506343365,0.007852817885577679,0.000854223093483597,0.0035269889049232006,0.9521826505661011,0.010929713025689125,0.004086728673428297,0.011616609059274197
metal504.jpg,metal,metal,0.020590906962752342,0.016145968809723854,0.011508254334330559,0.046513430774211884,0.8831068277359009,0.007873181253671646,0.010508897714316845,0.0037524718791246414
metal35.jpg,metal,metal,0.0005987972836010158,0.0002910544571932405,0.0004095489566680044,0.001374041778035462,0.9952487349510193,0.0010187224252149463,0.00044874369632452726,0.0006103803752921522
metal578.jpg,metal,metal,0.0016483278013765812,0.0005041043041273952,0.00041716694249771535,0.0001924046518979594,0.9956856966018677,0.00035649898927658796,0.0010046587558463216,0.0001912658044602722
metal120.jpg,metal,metal,0.001465586363337934,0.0027858770918101072,0.0029602469876408577,0.005228954833000898,0.9807840585708618,0.0012365926522761583,0.004063918720930815,0.001474543591029942
metal248.jpg,metal,metal,0.0056359898298978806,0.004965540021657944,0.006548530422151089,0.0037443668115884066,0.9675664901733398,0.005791317205876112,0.0021727962885051966,0.003574921051040292
metal266.jpg,metal,metal,0.007988989353179932,0.016138024628162384,0.011350659653544426,0.013064778409898281,0.9206555485725403,0.005759787745773792,0.01354117039591074,0.01150109525769949
metal259.jpg,metal,metal,0.01723177544772625,0.010323849506676197,0.02657287009060383,0.16092728078365326,0.6379292607307434,0.0805034413933754,0.0557124987244606,0.01079900935292244
metal140.jpg,metal,metal,0.00040160692878998816,0.0003411891229916364,0.000853235658723861,9.924687765305862e-05,0.9953181147575378,0.0016425293870270252,0.0007218129467219114,0.0006223247619345784
metal523.jpg,metal,metal,0.002135208109393716,0.0026648009661585093,0.0007241099956445396,0.00606872420758009,0.9785849452018738,0.0009892710950225592,0.0016768433852121234,0.0071561760269105434
metal402.jpg,metal,metal,0.0025607096031308174,0.001371003338135779,0.003338755341246724,0.008442786522209644,0.9802424311637878,0.0020611919462680817,0.0015989401144906878,0.00038424786180257797
metal588.jpg,metal,metal,0.00038535817293450236,0.0008371621370315552,0.0008445983403362334,0.0015728160506114364,0.9947251677513123,0.000421344768255949,0.0008821326773613691,0.0003314419009257108
metal225.jpg,metal,metal,0.0015789720928296447,0.0015945121413096786,0.002099554752930999,0.001225029118359089,0.9826892614364624,0.007043689489364624,0.0022251273039728403,0.0015437453985214233
metal200.jpg,metal,metal,0.00022434424317907542,0.000554767728317529,0.0007690564380027354,0.0005537837860174477,0.9969639182090759,9.299239900428802e-05,0.0004423181526362896,0.0003989110409747809
metal731.jpg,metal,metal,0.0014588981866836548,0.0006664077518507838,0.0011036521755158901,0.0001412381825502962,0.9837191700935364,0.003510685870423913,0.007814625278115273,0.001585308345966041
metal13.jpg,metal,metal,0.03904100880026817,0.0472787544131279,0.07265301048755646,0.06762442737817764,0.3929062783718109,0.015404276549816132,0.3590411841869354,0.006051011849194765
metal182.jpg,metal,metal,0.002042941050603986,0.00444554490968585,0.004731010179966688,0.002376401564106345,0.9756411910057068,0.0015408460749313235,0.006493533495813608,0.002728522988036275
metal483.jpg,metal,metal,0.005865238141268492,0.00805743783712387,0.006053045392036438,0.003078280482441187,0.9660114645957947,0.004082898143678904,0.002313215285539627,0.004538487643003464
metal66.jpg,metal,metal,3.24918219121173e-05,0.0004726056067738682,0.0002553197555243969,0.0010880528716370463,0.9975008368492126,0.0004984785919077694,7.232327334349975e-05,7.989280129550025e-05
metal334.jpg,metal,metal,0.0033781842794269323,0.0024113513063639402,0.003220334881916642,0.004149578511714935,0.9788954257965088,0.0027527837082743645,0.003401943715289235,0.0017904234118759632
metal592.jpg,metal,metal,0.0012174287112429738,0.0011080311378464103,0.0006527824443764985,0.0007173208286985755,0.9945840239524841,0.0009485364425927401,0.00024409116304013878,0.0005278773605823517
metal206.jpg,metal,glass,0.006442994810640812,0.013753598555922508,0.008139746263623238,0.8965150713920593,0.0440647266805172,0.011080163531005383,0.007139568217098713,0.012864189222455025
metal184.jpg,metal,metal,0.0014121164567768574,0.0023116660304367542,0.0025736535899341106,0.002230050042271614,0.9838396906852722,0.0014195414260029793,0.0035801702179014683,0.002632992807775736
metal141.jpg,metal,metal,0.0012256846530362964,0.0022376151755452156,0.002211041050031781,0.0016310799401253462,0.9827735424041748,0.0060343085788190365,0.001494957017712295,0.0023918445222079754
metal741.jpg,metal,metal,0.0011509826872497797,0.0011493845377117395,0.005669775884598494,7.413479033857584e-05,0.9877718687057495,0.0006536052096635103,0.0008971987408585846,0.002633099677041173
metal417.jpg,metal,metal,0.0047236657701432705,0.0010897304164245725,0.0023994918446987867,0.0004477918555494398,0.9881254434585571,0.0003911814128514379,0.0010019330075010657,0.0018207186367362738
metal693.jpg,metal,metal,0.00021952524548396468,0.00023721651814412326,0.00044410390546545386,0.00014015288616064936,0.9968505501747131,0.001499916659668088,5.392971070250496e-05,0.000554621045012027
metal421.jpg,metal,metal,0.001241878024302423,0.0034550887066870928,0.0021608180832117796,0.00030379477539099753,0.9904775619506836,0.0007261108257807791,0.0007132304599508643,0.0009214940946549177
metal124.jpg,metal,metal,0.0005741270724684,0.0011627492494881153,0.0012788791209459305,0.0014731126138940454,0.9935535192489624,0.00024971357197500765,0.0006398595287464559,0.001068041194230318
metal589.jpg,metal,metal,0.004197786096483469,0.002945913001894951,0.002116899471729994,0.0019715470261871815,0.980188250541687,0.003995313309133053,0.0024243711959570646,0.002159922383725643
metal286.jpg,metal,metal,0.00021219509653747082,0.0011712894774973392,0.0006891919765621424,0.0004839400062337518,0.9964990615844727,0.0003330932231619954,0.00039178848965093493,0.00021936770644970238
metal137.jpg,metal,metal,0.0013724593445658684,0.003143312642350793,0.003166950773447752,0.0006387638277374208,0.970583975315094,0.004196116700768471,0.003740649903193116,0.01315783616155386
metal617.jpg,metal,metal,0.0038387104868888855,0.01082561444491148,0.005280014593154192,0.005211013834923506,0.9643553495407104,0.0047861989587545395,0.0024025600869208574,0.0033005080185830593
metal711.jpg,metal,metal,0.0004960623919032514,0.0008416778291575611,0.0009083278710022569,0.00013487145770341158,0.9955103397369385,0.0005707049276679754,0.0007377240690402687,0.0008003521943464875
metal727.jpg,metal,metal,0.0007513217278756201,0.0017676767893135548,0.00269990018568933,0.0006613964214920998,0.9912497997283936,0.0014904685085639358,0.0007735679973848164,0.0006059347069822252
metal410.jpg,metal,metal,0.0007987126591615379,0.002744319848716259,0.00198553828522563,0.001039598835632205,0.984645664691925,0.002202338306233287,0.0015808426542207599,0.005002922844141722
metal512.jpg,metal,metal,0.0007762517197988927,0.0014225129270926118,0.0005775067256763577,0.0009826202876865864,0.9926385879516602,0.0007159197703003883,0.0023175335954874754,0.0005690900725312531
metal496.jpg,metal,metal,0.01638190820813179,0.0009814818622544408,0.0007763493922539055,0.0008477406809106469,0.9780657887458801,0.0015262913657352328,0.0003462550521362573,0.0010740204015746713
metal708.jpg,metal,metal,0.001545675448141992,0.0004840736510232091,0.0001519549696240574,0.000566527247428894,0.9920846223831177,0.004531668499112129,0.00018567148072179407,0.0004497766785789281
metal136.jpg,metal,metal,0.0003660308721009642,0.0011201826855540276,0.0012565129436552525,0.0017810380086302757,0.9907805323600769,0.00169090845156461,0.0009660207433626056,0.0020388392731547356
metal441.jpg,metal,metal,0.0012208897387608886,0.0004434491565916687,0.0014998350525274873,0.00022440023894887418,0.9954501986503601,0.00037173242890276015,0.0004164166748523712,0.0003730480675585568
metal100.jpg,metal,metal,0.006407223641872406,0.005132386926561594,0.008681995794177055,0.005009930115193129,0.9615411162376404,0.00463368883356452,0.0010312239173799753,0.007562403101474047
metal769.jpg,metal,metal,0.0025707189925014973,0.0015959758311510086,0.0009019929566420615,0.0009313448681496084,0.9910093545913696,0.0012070512166246772,0.0012257081689313054,0.0005578062264248729
metal239.jpg,metal,metal,0.00323653407394886,0.00711059058085084,0.0022933597210794687,0.0013357109855860472,0.9758018255233765,0.004162940196692944,0.0033483358565717936,0.0027107917703688145
metal122.jpg,metal,metal,0.00036199003807269037,0.001321776187978685,0.0009869829518720508,0.0030798567458987236,0.989953339099884,0.002493910724297166,0.0012192673748359084,0.0005828988505527377
metal127.jpg,metal,metal,0.0010781236924231052,0.0012914104154333472,0.0025121509097516537,0.0005067790043540299,0.9902514219284058,0.0011931031476706266,0.0007201909902505577,0.0024468086194247007
metal735.jpg,metal,metal,0.00017982861027121544,0.00040226514101959765,0.00015037099365144968,0.00010091657168231905,0.9986907839775085,0.00031509509426541626,4.942689338349737e-05,0.00011135538079543039
metal305.jpg,metal,metal,0.0033187069930136204,0.001933998428285122,0.0011781641514971852,0.0008894505444914103,0.9882450103759766,0.0006237854831852019,0.0018449636409059167,0.0019658771343529224
metal746.jpg,metal,metal,0.0016144892433658242,0.0027682995423674583,0.0014465708518400788,0.0007440821500495076,0.9903886914253235,0.001593513647094369,0.0007226514862850308,0.0007217310485430062
metal730.jpg,metal,metal,0.001129403244704008,0.0016114689642563462,0.0020884538535028696,0.0006929595838300884,0.9898354411125183,0.0016338430577889085,0.0011302274651825428,0.001878302195109427
metal198.jpg,metal,metal,0.0008641060558147728,0.0021359852980822325,0.0014274001587182283,0.0008569405181333423,0.9921127557754517,0.00038159886025823653,0.0008074245997704566,0.001413838705047965
metal758.jpg,metal,metal,0.02012503333389759,0.008138244040310383,0.008020328357815742,0.00582927605137229,0.9342113733291626,0.0056640575639903545,0.016048666089773178,0.0019629697781056166
metal102.jpg,metal,metal,0.00048302457435056567,0.0014854074688628316,0.0007782618631608784,0.0005388708668760955,0.9917181730270386,0.0030222597997635603,0.0009257278288714588,0.0010483595542609692
metal256.jpg,metal,metal,0.0007581133977510035,0.0026290405075997114,0.0013731267536059022,0.02180655300617218,0.9686340093612671,0.0019626542925834656,0.0014921933179721236,0.0013442841591313481
metal167.jpg,metal,metal,0.0006286344141699374,0.0013704356970265508,0.0017118924297392368,0.000380376644898206,0.9904547333717346,0.0004170212196186185,0.0038442863151431084,0.0011926052393391728
metal486.jpg,metal,metal,0.026046667248010635,0.07129854708909988,0.04025159776210785,0.10720603913068771,0.683935284614563,0.016084715723991394,0.04491079971194267,0.010266369208693504
metal637.jpg,metal,metal,0.0017982912249863148,0.0017670015804469585,0.0036468086764216423,0.0005922988057136536,0.9859863519668579,0.0025542837101966143,0.0016132219461724162,0.0020417713094502687
metal581.jpg,metal,metal,0.005163033027201891,0.001509401248767972,0.0027341123204678297,0.0030074045062065125,0.9831650257110596,0.0008489592000842094,0.00263947993516922,0.0009324068669229746
metal763.jpg,metal,metal,0.0018362560076639056,0.005363760516047478,0.0022377099376171827,0.0020502759143710136,0.9820755124092102,0.0039058339316397905,0.0014883577823638916,0.001042312360368669
metal143.jpg,metal,metal,0.0008531774510629475,0.008140882477164268,0.0027172660920768976,0.0006139103206805885,0.9832913279533386,0.0009025507024489343,0.0015784770948812366,0.0019024722278118134
metal510.jpg,metal,metal,0.009305121377110481,0.005171138793230057,0.0016880600014701486,0.0011377629125490785,0.9737887978553772,0.0028429413214325905,0.003486729459837079,0.002579503459855914
metal56.jpg,metal,metal,0.0019128189887851477,0.004155035596340895,0.0006749995518475771,0.0004738120478577912,0.9838361144065857,0.004106749780476093,0.002017729450017214,0.0028227954171597958
metal391.jpg,metal,metal,0.000619535509031266,0.0005873226327821612,0.0031267644371837378,0.001639542868360877,0.9929552674293518,0.0005007848958484828,0.0001565603888593614,0.00041414584848098457
metal60.jpg,metal,metal,0.001188612193800509,0.001335970708169043,0.0018624194199219346,0.0009898084681481123,0.9926133155822754,0.00012501367018558085,0.0005082424031570554,0.0013766003539785743
paper830.jpg,paper,paper,0.002309890231117606,0.00389488716609776,0.0013640704564750195,0.0011145531898364425,0.0018618478206917644,0.9834955334663391,0.002327822847291827,0.0036314590834081173
paper625.jpg,paper,paper,0.0022376696579158306,0.00323552661575377,0.0019353036768734455,0.0010050551500171423,0.0022906363010406494,0.9833014011383057,0.0033760860096663237,0.002618276048451662
paper424.jpg,paper,paper,0.006556444801390171,0.005626554135233164,0.011779791675508022,0.0028104428201913834,0.005089994054287672,0.9600588083267212,0.003606074023991823,0.004471927415579557
paper722.jpg,paper,paper,0.0031562119256705046,0.00952942669391632,0.001774981734342873,0.0067829107865691185,0.005516021512448788,0.9646116495132446,0.004375946708023548,0.0042527648620307446
00000017.jpg,paper,paper,0.0005825727712363005,0.0002757358888629824,0.0004383546765893698,5.897118171560578e-05,0.001564980368129909,0.9947749376296997,0.00032661703880876303,0.0019777922425419092
00000013.jpg,paper,paper,0.0012854887172579765,0.0017494536004960537,0.0006392105715349317,0.004675712902098894,0.0008082736749202013,0.9892868995666504,0.001058143563568592,0.000496859080158174
paper198.jpg,paper,paper,0.02219974249601364,0.004536882508546114,0.007279378827661276,0.0016342265298590064,0.0013818281004205346,0.9584327340126038,0.0006922552129253745,0.003842880018055439
paper614.jpg,paper,paper,0.0037322838325053453,0.007213452830910683,0.017250344157218933,0.014431783929467201,0.0037077427841722965,0.9454848170280457,0.0029086493887007236,0.005270910914987326
paper689.jpg,paper,paper,0.0008510926854796708,0.0009786711307242513,0.001528265536762774,0.0006036690319888294,0.0005576611729338765,0.9880699515342712,0.0030662561766803265,0.004344507120549679
paper57.jpg,paper,paper,0.000995853217318654,0.0026403935626149178,0.0017179712885990739,0.002105102175846696,0.0015237403567880392,0.9852199554443359,0.004249411169439554,0.0015476117841899395
paper163.jpg,paper,paper,0.002529332647100091,0.0022329373750835657,0.001540360157378018,0.0034802863374352455,0.006193781737238169,0.9744377136230469,0.0010694573866203427,0.008516035974025726
paper275.jpg,paper,paper,0.0019731824286282063,0.002483470132574439,0.004133663140237331,0.0015225885435938835,0.0007747998461127281,0.9859287142753601,0.0020655831322073936,0.0011180114233866334
paper519.jpg,paper,paper,0.004547899588942528,0.00811976008117199,0.0021625948138535023,0.004916917532682419,0.00352675374597311,0.960800051689148,0.009395146742463112,0.006530838552862406
paper1011.jpg,paper,paper,0.000841747794765979,0.004050665535032749,0.0033204874489456415,0.0026682824827730656,0.002526145428419113,0.973543107509613,0.006835159379988909,0.006214409600943327
paper892.jpg,paper,paper,0.0008470012689940631,0.004802721086889505,0.0044064028188586235,0.002388973021879792,0.003681866219267249,0.9735310077667236,0.006099590100347996,0.004242486786097288
paper55.jpg,paper,paper,0.0028396148700267076,0.0028217073995620012,0.0033485046587884426,0.0016560641815885901,0.0013565137051045895,0.977510929107666,0.0036912693176418543,0.006775376852601767
paper965.jpg,paper,paper,0.0035271868109703064,0.004806152544915676,0.0005385985714383423,0.0026860611978918314,0.008718335069715977,0.9587083458900452,0.011196481063961983,0.009818801656365395
paper603.jpg,paper,paper,0.00431538512930274,0.005320781376212835,0.001490413211286068,0.00455206073820591,0.004201843403279781,0.9732521176338196,0.003829820780083537,0.0030375677160918713
paper712.jpg,paper,paper,0.0007605110295116901,0.003024844452738762,0.03270585462450981,0.0009512972319498658,0.004217794630676508,0.9513717293739319,0.004794726613909006,0.0021731937304139137
paper1039.jpg,paper,paper,0.005372851621359587,0.0025197830982506275,0.01218376588076353,0.0018802034901455045,0.016089942306280136,0.9551904797554016,0.003651041304692626,0.003111942671239376
paper898.jpg,paper,paper,0.0012774572242051363,0.0023668811190873384,0.0061638918705284595,0.0007447967072948813,0.002600121544674039,0.9818804264068604,0.0021829938050359488,0.0027834498323500156
paper544.jpg,paper,paper,0.011030043475329876,0.012376959435641766,0.008274848572909832,0.01154922042042017,0.005518441554158926,0.931851863861084,0.008895146660506725,0.010503457859158516
paper_cups 144.jpg,paper,glass,0.013774767518043518,0.01824643649160862,0.004032212775200605,0.4002510905265808,0.22338514029979706,0.18144607543945312,0.1521749049425125,0.006689415313303471
paper126.jpg,paper,paper,0.0015349095920100808,0.002793515333905816,0.0025377192068845034,0.002242621034383774,0.00203257380053401,0.979925811290741,0.0027766521088778973,0.006156172603368759
paper529.jpg,paper,paper,0.001272741355933249,0.0013018082827329636,0.0014487364096567035,0.0012653268640860915,0.001272569759748876,0.9843889474868774,0.004802206065505743,0.004247602540999651
paper204.jpg,paper,paper,0.0059911576099693775,0.007294792216271162,0.00309912022203207,0.006648600101470947,0.002279440173879266,0.9558151960372925,0.009697113186120987,0.009174525737762451
paper196.jpg,paper,paper,0.003994625993072987,0.008971179835498333,0.008798773400485516,0.011286159045994282,0.005616336595267057,0.9422698020935059,0.00730900326743722,0.011754000559449196
paper661.jpg,paper,paper,0.001270580803975463,0.005090986844152212,0.004798211622983217,0.001616925117559731,0.009244637563824654,0.9747439026832581,0.0020841159857809544,0.0011505811708047986
paper1007.jpg,paper,paper,0.008221027441322803,0.006312403362244368,0.0035938273649662733,0.005909055471420288,0.0072703734040260315,0.9585912227630615,0.005847856402397156,0.004254231695085764
paper232.jpg,paper,paper,0.012908910401165485,0.006327789276838303,0.004461323842406273,0.002322634682059288,0.006567233707755804,0.9579727053642273,0.006107756402343512,0.0033316370099782944
paper663.jpg,paper,paper,0.0419313982129097,0.007459527347236872,0.004092938732355833,0.002424752339720726,0.05385677516460419,0.8680077195167542,0.007441230583935976,0.014785598032176495
paper390.jpg,paper,paper,0.01103910431265831,0.005708349868655205,0.0057146898470819,0.0050666150636971,0.0026155223604291677,0.9601936340332031,0.0020918173249810934,0.0075701563619077206
paper326.jpg,paper,paper,0.006575738079845905,0.004399588331580162,0.006474856287240982,0.004224742297083139,0.0048382640816271305,0.9646229147911072,0.005903736688196659,0.002960221143439412
paper_cups 340.jpg,paper,paper,0.0012801917036995292,0.004615989979356527,0.0025534338783472776,0.0009323969134129584,0.017448963597416878,0.9674119353294373,0.002660553902387619,0.003096523694694042
paper995.jpg,paper,paper,0.0019051691051572561,0.0021227719262242317,0.001686412375420332,0.0012870455393567681,0.0004708979686256498,0.985340416431427,0.0013894988223910332,0.005797781050205231
paper500.jpg,paper,paper,0.002460476476699114,0.002513166982680559,0.00023175950627774,0.00043040962191298604,0.0011840397492051125,0.9834452271461487,0.002476275432854891,0.0072586070746183395
paper262.jpg,paper,paper,0.012645917944610119,0.00755689200013876,0.006556006148457527,0.010072896257042885,0.009510011412203312,0.9337872862815857,0.010576448403298855,0.00929456390440464
paper876.jpg,paper,paper,0.021413324400782585,0.005162698682397604,0.018244924023747444,0.05098197981715202,0.0026022016536444426,0.8730273246765137,0.0039232331328094006,0.024644305929541588
paper1008.jpg,paper,paper,0.005913055967539549,0.0014276070287451148,0.0015537075232714415,0.002300549065694213,0.002838136861100793,0.9806333184242249,0.0014033438637852669,0.003930222243070602
paper120.jpg,paper,paper,0.0009074337431229651,0.004968902096152306,0.003670210251584649,0.006919382605701685,0.0049133687280118465,0.9669440388679504,0.007197239901870489,0.004479376599192619
paper340.jpg,paper,paper,0.015247317031025887,0.013490092940628529,0.0047147818841040134,0.009966375306248665,0.0038156118243932724,0.9227249622344971,0.008210337720811367,0.02183050662279129
paper891.jpg,paper,paper,0.003412798745557666,0.0024066991172730923,0.0012024759780615568,0.002122330479323864,0.001246606931090355,0.9836475253105164,0.0006465079495683312,0.005315134301781654
paper794.jpg,paper,paper,0.0021314171608537436,0.002634490141645074,0.000526700634509325,0.00028441668837331235,0.0004729163774754852,0.9911921620368958,0.0012242910452187061,0.0015335932839661837
paper864.jpg,paper,paper,0.0009472538949921727,0.0015687182312831283,0.008745520375669003,0.0012668159324675798,0.0004241950227878988,0.9844619035720825,0.002040259772911668,0.0005454056663438678
paper708.jpg,paper,paper,0.0025858432054519653,0.005441179499030113,0.0013487644027918577,0.0033366105053573847,0.0036114384420216084,0.9783294796943665,0.0029091057367622852,0.0024376141373068094
paper523.jpg,paper,paper,0.003656775690615177,0.0045720967464149,0.001109833363443613,0.0005751900607720017,0.002896062796935439,0.9723886251449585,0.0035184596199542284,0.011282932944595814
paper980.jpg,paper,paper,0.002478377427905798,0.011557253077626228,0.0006571108824573457,0.0017125243321061134,0.0062323096208274364,0.9679492115974426,0.005382695235311985,0.004030514508485794
paper151.jpg,paper,paper,0.015291486866772175,0.005962730385363102,0.0060153198428452015,0.0026084191631525755,0.0048061213456094265,0.9589943289756775,0.00280333892442286,0.0035182831343263388
paper611.jpg,paper,paper,0.000505284930113703,0.001430728705599904,0.0012281662784516811,0.004459744784981012,0.005615495145320892,0.9855619072914124,0.0001459959166822955,0.00105274620000273
paper997.jpg,paper,paper,0.006704085040837526,0.004945951048284769,0.009812897071242332,0.008905845694243908,0.003293805755674839,0.9578161835670471,0.00566550437361002,0.002855657134205103
paper106.jpg,paper,paper,0.03333115950226784,0.015696048736572266,0.004259296227246523,0.009145332500338554,0.009360872209072113,0.8974114060401917,0.013189093209803104,0.017606746405363083
paper513.jpg,paper,paper,0.005595143418759108,0.003502964274957776,0.0018690975848585367,0.008203514851629734,0.008238500915467739,0.9502386450767517,0.00798099022358656,0.014371187426149845
paper601.jpg,paper,paper,0.006711420603096485,0.008487150073051453,0.006969504524022341,0.014808868989348412,0.012887358665466309,0.9397246241569519,0.004776989109814167,0.005633985623717308
paper265.jpg,paper,paper,0.0025856418069452047,0.003418205538764596,0.005640461575239897,0.0014165709726512432,0.0019808709621429443,0.9792146682739258,0.0011004735715687275,0.0046430546790361404
paper16.jpg,paper,paper,0.0008428439032286406,0.006507095415145159,0.0007401132024824619,0.0004332911630626768,0.002641161670908332,0.9851208925247192,0.0031559255439788103,0.0005586009356193244
paper420.jpg,paper,paper,0.004504930227994919,0.008643611334264278,0.0023415444884449244,0.011293953284621239,0.005458763800561428,0.9605244994163513,0.0026875974144786596,0.004545113071799278
paper677.jpg,paper,paper,0.005616281647235155,0.0035211832728236914,0.0030289534479379654,0.0010616981890052557,0.001221691258251667,0.9562682509422302,0.028463179245591164,0.0008187000057660043
paper100.jpg,paper,paper,0.02225719951093197,0.013507893308997154,0.0047823162749409676,0.006661721505224705,0.0015705851837992668,0.9451665282249451,0.0022597843781113625,0.0037940549664199352
paper407.jpg,paper,paper,0.03400314226746559,0.014180010184645653,0.014209257438778877,0.01806359365582466,0.007992195896804333,0.8818678259849548,0.006383893080055714,0.023300088942050934
paper1005.jpg,paper,paper,0.003354613436385989,0.0038221171125769615,0.004032636992633343,0.0003935659187845886,0.0007084612152539194,0.9823393225669861,0.0010786998318508267,0.004270616918802261
paper211.jpg,paper,paper,0.009628661908209324,0.021494511514902115,0.00958593375980854,0.01601516455411911,0.013693246990442276,0.8870140314102173,0.02794598415493965,0.014622386544942856
paper878.jpg,paper,paper,0.0032503590919077396,0.0019333685049787164,0.004353667143732309,0.00633071968331933,0.0027190418913960457,0.9761038422584534,0.0017935438081622124,0.0035154400393366814
paper_cups 301.jpg,paper,paper,6.371798372128978e-05,0.000333464122377336,0.0002631719398777932,0.00037320645060390234,0.0008284429204650223,0.9972243309020996,0.0004777085850946605,0.00043609458953142166
paper743.jpg,paper,paper,0.0018017166294157505,0.00911928154528141,0.009164342656731606,0.006796045228838921,0.004040065221488476,0.9573752284049988,0.0031414704862982035,0.008561725728213787
paper88.jpg,paper,paper,0.003412393154576421,0.007953452877700329,0.0066652982495725155,0.004316012840718031,0.0035200444981455803,0.9572343230247498,0.010118009522557259,0.006780480034649372
paper931.jpg,paper,paper,0.0023660026490688324,0.001888953847810626,0.0071150935254991055,0.002328993286937475,0.0004305826441850513,0.9826688766479492,0.001955124782398343,0.0012463629245758057
paper488.jpg,paper,paper,0.00039201544132083654,0.0022994063328951597,0.0016533469315618277,0.0012021239381283522,0.000959591066930443,0.9896553754806519,0.0023032811004668474,0.0015349197201430798
paper801.jpg,paper,paper,0.0058529553934931755,0.00988417025655508,0.007337922230362892,0.0052482811734080315,0.0007762210443615913,0.9528421759605408,0.006866687908768654,0.01119157299399376
paper258.jpg,paper,paper,0.007901117205619812,0.007233927026391029,0.006259997375309467,0.004024469293653965,0.0022996170446276665,0.9671344757080078,0.0014724609209224582,0.003673880361020565
paper354.jpg,paper,paper,0.015724753960967064,0.01121432613581419,0.005820124410092831,0.0034841459710150957,0.004805936943739653,0.9390724301338196,0.004964396357536316,0.014913918450474739
paper935.jpg,paper,paper,0.0029996344819664955,0.007046906743198633,0.0047132158651947975,0.004529040772467852,0.009388593025505543,0.9618885517120361,0.004459974821656942,0.004974116571247578
paper197.jpg,paper,paper,0.008109988644719124,0.008538260124623775,0.003356565022841096,0.0037461495958268642,0.006608110386878252,0.9511011838912964,0.005749327130615711,0.012790362350642681
paper968.jpg,paper,paper,0.002908705035224557,0.0022054470609873533,0.001065796590410173,0.0014074119972065091,0.002725001657381654,0.9856553077697754,0.0017481481190770864,0.0022842176258563995
paper229.jpg,paper,paper,0.006024726200848818,0.0091231819242239,0.0027586680371314287,0.005390459671616554,0.006619628984481096,0.9597728848457336,0.005286720581352711,0.005023689940571785
paper545.jpg,paper,paper,0.0037627946585416794,0.0075438483618199825,0.001030311337672174,0.01598343811929226,0.018016571179032326,0.9507037997245789,0.0008984735468402505,0.0020607789047062397
paper345.jpg,paper,paper,0.008670966140925884,0.0095645971596241,0.0026758478488773108,0.011490456759929657,0.012191600166261196,0.9330728650093079,0.010437877848744392,0.011895707808434963
paper719.jpg,paper,paper,0.02224857732653618,0.004259123466908932,0.001044505275785923,0.0027362830005586147,0.00268723932094872,0.9474747776985168,0.001999707194045186,0.017549756914377213
paper7.jpg,paper,paper,0.0013537139166146517,0.0009713427862152457,0.0008656938443891704,0.0017119566909968853,0.0014101872220635414,0.990965723991394,0.0007515061879530549,0.0019697980023920536
paper562.jpg,paper,paper,0.003780647646635771,0.006489962339401245,0.002402961952611804,0.014836869202554226,0.004255997948348522,0.9582491517066956,0.003998658619821072,0.005985639523714781
paper890.jpg,paper,paper,0.0011966244783252478,0.0025977082550525665,0.003050609491765499,0.005409191362559795,0.0013663319405168295,0.979975163936615,0.0028266459703445435,0.0035777695011347532
paper409.jpg,paper,paper,0.00919694360345602,0.008725300431251526,0.0041206893511116505,0.0026720534078776836,0.0034918799065053463,0.9437508583068848,0.001448945258744061,0.02659333311021328
paper946.jpg,paper,paper,0.007867403328418732,0.00913110189139843,0.05432206392288208,0.006141718942672014,0.01254664734005928,0.8972519040107727,0.005580229219049215,0.007158832158893347
paper522.jpg,paper,paper,0.0014432001626119018,0.0023212318774312735,0.0002648780355229974,0.0008609337965026498,0.012714995071291924,0.9764254689216614,0.0009504509507678449,0.005018869414925575
paper903.jpg,paper,paper,0.0050371140241622925,0.003380394307896495,0.002158363116905093,0.002225720789283514,0.009246976114809513,0.9704186320304871,0.0020762060303241014,0.005456590559333563
paper966.jpg,paper,paper,0.0017856857739388943,0.0034651036839932203,0.0006701361853629351,0.000575655372813344,0.0012559483293443918,0.9870973825454712,0.003212135285139084,0.0019379174336791039
paper956.jpg,paper,paper,0.001997692044824362,0.004886116832494736,0.005696422886103392,0.002529483288526535,0.003868039231747389,0.9708682894706726,0.006795849651098251,0.0033580397721379995
paper177.jpg,paper,paper,0.005734942853450775,0.005829723551869392,0.0049848174676299095,0.003206774592399597,0.0025101921055465937,0.956136167049408,0.004184788558632135,0.01741260662674904
paper649.jpg,paper,paper,0.004844076000154018,0.01049876306205988,0.008780578151345253,0.010710177943110466,0.01196510810405016,0.934578537940979,0.013718489557504654,0.0049042110331356525
paper441.jpg,paper,paper,0.002269186545163393,0.01254653837531805,0.012415963225066662,0.006654360797256231,0.0012913562823086977,0.957791268825531,0.0035118761006742716,0.003519366029649973
paper493.jpg,paper,paper,0.00196055113337934,0.000769849109929055,0.006833066698163748,0.008010419085621834,0.0008702286868356168,0.9768092036247253,0.0007523946696892381,0.003994341939687729
paper136.jpg,paper,paper,0.011582782492041588,0.010539688169956207,0.010157585144042969,0.006579981185495853,0.012797682546079159,0.942365825176239,0.002620903542265296,0.0033556013368070126
paper482.jpg,paper,paper,0.005001953803002834,0.007470487616956234,0.006745663937181234,0.00514089735224843,0.0045328689739108086,0.9526220560073853,0.014498251490294933,0.00398777611553669
paper820.jpg,paper,paper,0.0017968770116567612,0.0020253914408385754,0.0009783818386495113,0.002508100587874651,0.005457113962620497,0.9759548306465149,0.009760869666934013,0.0015184931689873338
00000004.jpg,paper,paper,0.15812772512435913,0.026130452752113342,0.04015414044260979,0.12170428037643433,0.22677834331989288,0.2900269031524658,0.07979658246040344,0.05728164315223694
paper957.jpg,paper,paper,0.001072659739293158,0.0007345379563048482,0.002434017136693001,0.0004921797080896795,0.0010203794809058309,0.9918547868728638,0.0013485916424542665,0.0010427575325593352
paper162.jpg,paper,paper,0.003870542161166668,0.009340655989944935,0.005748840980231762,0.011265622451901436,0.003737612860277295,0.95379239320755,0.009649046696722507,0.002595318481326103
paper207.jpg,paper,paper,0.018311455845832825,0.009785662405192852,0.0016850800020620227,0.006058503407984972,0.007094137370586395,0.9068557620048523,0.0027341442182660103,0.04747534915804863
paper400.jpg,paper,paper,0.001315074972808361,0.005780406761914492,0.012703671120107174,0.0033025469165295362,0.006328529212623835,0.9502463936805725,0.015109754167497158,0.005213590804487467
00000010.jpg,paper,paper,0.00026203415472991765,0.0003716450300998986,0.0027347244322299957,0.0014344701776281,0.00014383831876330078,0.9944519400596619,0.00035078724613413215,0.00025044495123438537
paper1030.jpg,paper,paper,0.0011280425824224949,0.0007930774008855224,0.0013913885923102498,0.0015848386101424694,0.0008782787481322885,0.9922686219215393,0.0010989095317199826,0.0008568307966925204
paper457.jpg,paper,paper,0.0024885032325983047,0.004677670542150736,0.002237793290987611,0.0021842264104634523,0.0024722041562199593,0.9795514345169067,0.003493654076009989,0.0028945240192115307
paper3.jpg,paper,paper,0.003168403171002865,0.002531882608309388,0.0030809203162789345,0.001812418457120657,0.004008578602224588,0.9826420545578003,0.0006941865431144834,0.00206159264780581
paper920.jpg,paper,paper,0.0034061495680361986,0.008289601653814316,0.0028096057940274477,0.0028618948999792337,0.007318559568375349,0.9606927633285522,0.0043061585165560246,0.01031520962715149
paper683.jpg,paper,paper,0.0016779719153419137,0.0011764193186536431,0.0019004740752279758,0.001571331056766212,0.004375304561108351,0.987335741519928,0.0009028955828398466,0.0010599067900329828
paper456.jpg,paper,paper,0.011299054138362408,0.0035144526045769453,0.005739000625908375,0.011713948100805283,0.00943621713668108,0.9535219073295593,0.0015058998251333833,0.0032695739064365625
paper143.jpg,paper,paper,0.0031973046716302633,0.0057431356981396675,0.007937232963740826,0.004340671002864838,0.007432839367538691,0.9606823325157166,0.005479179788380861,0.005187273491173983
paper344.jpg,paper,paper,0.002190160099416971,0.002836110768839717,0.00030559516744688153,0.0008987481705844402,0.004089541733264923,0.9863187074661255,0.0012405054876580834,0.0021206694655120373
paper39.jpg,paper,paper,0.006610061042010784,0.008184230886399746,0.03849634900689125,0.0009956380818039179,0.0019003316992893815,0.9316517114639282,0.008059540763497353,0.004102176986634731
paper542.jpg,paper,paper,0.010299046523869038,0.005562277976423502,0.018869830295443535,0.0072413720190525055,0.003548834240064025,0.9455868005752563,0.005672200117260218,0.003219598438590765
paper87.jpg,paper,paper,0.006202665623277426,0.012014294043183327,0.0011979227419942617,0.0070407637394964695,0.0027220193296670914,0.9620757699012756,0.0015911057125777006,0.00715554878115654
plastic265.jpg,plastic,plastic,0.0033086109906435013,0.0026769861578941345,0.0018408636096864939,0.0018297936767339706,0.008130338042974472,0.0027235313318669796,0.9785577654838562,0.0009321767138317227
plastic_bottle 476.jpg,plastic,plastic,0.041408639401197433,0.01277845911681652,0.011922852136194706,0.024237867444753647,0.015403170138597488,0.0043839518912136555,0.8873194456100464,0.0025455811992287636
plastic462.jpg,plastic,plastic,0.00617914879694581,0.18436653912067413,0.004965577740222216,0.0169054064899683,0.00487517798319459,0.025811024010181427,0.7251452803611755,0.03175187483429909
plastic577.jpg,plastic,plastic,0.0014062573900446296,0.0062127066776156425,0.0024773473851382732,0.005235941149294376,0.007565161678940058,0.002357248915359378,0.9725248217582703,0.002220435068011284
plastic441.jpg,plastic,plastic,0.006524680647999048,0.0066542187705636024,0.004156268201768398,0.001028026221320033,0.017501171678304672,0.005773891229182482,0.9543840289115906,0.003977650310844183
plastic692.jpg,plastic,plastic,0.012609345838427544,0.006192853208631277,0.009136184118688107,0.00981035828590393,0.004114359617233276,0.0060139792039990425,0.9411327838897705,0.01099020428955555
plastic340.jpg,plastic,plastic,0.0008252335246652365,0.00052975385915488,0.0033537575509399176,0.001523215207271278,0.0005109159974381328,0.002414632821455598,0.9901797771453857,0.0006626746035180986
plastic391.jpg,plastic,plastic,0.0011208156356588006,0.00047477358020842075,0.000419710879214108,0.001221021288074553,0.00033652750425972044,0.0003705392882693559,0.9959619641304016,9.462078742217273e-05
plastic663.jpg,plastic,plastic,0.004091505892574787,0.0038224782329052687,0.008231096900999546,0.007692262530326843,0.0032244520261883736,0.010561073198914528,0.9551290273666382,0.007248074281960726
IMG20230302080020.jpg,plastic,plastic,0.017426252365112305,0.010153247974812984,0.007806391920894384,0.011622208170592785,0.011990341357886791,0.012806864455342293,0.880283534526825,0.04791119322180748
plastic472.jpg,plastic,plastic,0.008139054290950298,0.005647939629852772,0.004559606313705444,0.0025390824303030968,0.03451919183135033,0.0006178272305987775,0.9398657083511353,0.004111568443477154
plastic500.jpg,plastic,plastic,0.005777369718998671,0.005172924138605595,0.0005071896594017744,0.0066301291808485985,0.0055824024602770805,0.004605097230523825,0.9640812873840332,0.007643573917448521
plastic1.jpg,plastic,plastic,0.003162933746352792,0.002550526987761259,0.0018105627968907356,0.004504885524511337,0.010583858005702496,0.004092531278729439,0.9703512787818909,0.0029434615280479193
plastic129.jpg,plastic,plastic,0.008598105050623417,0.004786018282175064,0.005268748849630356,0.012879801914095879,0.03361313045024872,0.0033124014735221863,0.9225529432296753,0.008988880552351475
plastic612.jpg,plastic,metal,0.008314356207847595,0.013617260381579399,0.007852709852159023,0.1525525003671646,0.6184418201446533,0.0063321273773908615,0.1885492503643036,0.0043400046415627
IMG_E1488.JPG,plastic,plastic,0.0043069482780992985,0.005354959052056074,0.008402761071920395,0.0113737927749753,0.004940083250403404,0.007705660071223974,0.9524999260902405,0.005415826570242643
plastic810.jpg,plastic,plastic,0.0006398095865733922,0.0027752546593546867,0.001075633685104549,0.009325088933110237,0.0004288088530302048,0.0025927219539880753,0.9825044274330139,0.0006582130445167422
plastic170.jpg,plastic,plastic,0.0010344013571739197,0.0006842121947556734,0.00037325735320337117,0.0029733311384916306,0.0010755727998912334,0.0022975399624556303,0.9911808967590332,0.00038074012263678014
plastic836.jpg,plastic,plastic,0.0074204932898283005,0.010045678354799747,0.005878451745957136,0.03923865407705307,0.016797829419374466,0.005254508927464485,0.9001947641372681,0.015169650316238403
plastic493.jpg,plastic,plastic,0.001516736694611609,0.0032820021733641624,0.001451612333767116,0.009861324913799763,0.0021616690792143345,0.011586581356823444,0.9614774584770203,0.008662622421979904
plastic355.jpg,plastic,plastic,0.0058581032790243626,0.0020963235292583704,0.002369108609855175,0.007329469081014395,0.003978766035288572,0.008788177743554115,0.9662866592407227,0.0032934127375483513
plastic382.jpg,plastic,plastic,0.0005425288691185415,0.001401120563969016,0.0008063660934567451,0.0001793559786165133,0.0008735508308745921,0.0013292947551235557,0.9943348169326782,0.0005330644198693335
plastic110.jpg,plastic,plastic,0.004495625849813223,0.006249739322811365,0.003577160183340311,0.005867918487638235,0.00262702745385468,0.0024218326434493065,0.971591591835022,0.0031691323965787888
plastic646.jpg,plastic,plastic,0.0014073640340939164,0.0024073589593172073,0.0019914947915822268,0.0005920298281125724,0.0013124895049259067,0.002332540461793542,0.9885413646697998,0.0014153462834656239
plastic134.jpg,plastic,plastic,0.005005841609090567,0.003745596157386899,0.0020229092333465815,0.002375389216467738,0.0006206570542417467,0.0022195319179445505,0.9808185696601868,0.0031915693543851376
IMG_E1453.JPG,plastic,plastic,0.00473671592772007,0.007095701992511749,0.001922449329867959,0.006539688445627689,0.0028146558906883,0.002484723459929228,0.9704272747039795,0.003978783264756203
plastic299.jpg,plastic,plastic,0.0021193926222622395,0.0023719912860542536,0.000983361853286624,0.007464203983545303,0.0011425069533288479,0.001456105150282383,0.9832972288131714,0.0011652108514681458
plastic484.jpg,plastic,plastic,0.0015940924640744925,0.005180679727345705,0.006415394600480795,0.0031654611229896545,0.0013537940103560686,0.002514973981305957,0.9787866473197937,0.0009889816865324974
IMG20230302075949.jpg,plastic,plastic,0.0030867443419992924,0.0038438206538558006,0.0022597387433052063,0.008435064926743507,0.0019704143051058054,0.005315572489053011,0.9688190817832947,0.006269639357924461
plastic613.jpg,plastic,plastic,0.01105737965553999,0.015709256753325462,0.01678989641368389,0.2887336015701294,0.011272713541984558,0.01814592443406582,0.608727753162384,0.029563430696725845
plastic37.jpg,plastic,plastic,0.0022059259936213493,0.001152343349531293,0.001474742079153657,0.00136965187266469,0.0009196574683301151,0.0017852371092885733,0.9901658892631531,0.0009265999542549253
plastic858.jpg,plastic,plastic,0.004661021288484335,0.006150849629193544,0.0019265819573774934,0.008202916942536831,0.011196889914572239,0.006750592030584812,0.9591507911682129,0.001960403984412551
plastic453.jpg,plastic,plastic,0.0015777740627527237,0.0016981048975139856,0.0021028772462159395,0.00022014784917701036,0.0025518217589706182,0.001699012820608914,0.9892662763595581,0.0008840003865770996
IMG_E1431.JPG,plastic,plastic,0.008070035837590694,0.009618857875466347,0.005445810034871101,0.0035313961561769247,0.006582866422832012,0.004839539993554354,0.9540091156959534,0.007902456447482109
IMG_E1426.JPG,plastic,plastic,0.004094448871910572,0.0018747890135273337,0.001763780601322651,0.002309162635356188,0.009676898829638958,0.0026725998613983393,0.9758918285369873,0.0017165722092613578
plastic658.jpg,plastic,plastic,0.003816942684352398,0.006676632910966873,0.009105028584599495,0.001910770544782281,0.005825453903526068,0.00527782691642642,0.9651829600334167,0.002204463817179203
plastic378.jpg,plastic,plastic,0.007351160515099764,0.0048835924826562405,0.007963431999087334,0.015843277797102928,0.006229963153600693,0.0026136385276913643,0.9518431425094604,0.0032717189751565456
plastic70.jpg,plastic,plastic,0.020466450601816177,0.003494701348245144,0.0010535601759329438,0.002934538060799241,0.0037923119962215424,0.004566055256873369,0.9607511162757874,0.0029413015581667423
IMG20221121122133.jpg,plastic,plastic,0.0007543637766502798,0.0012739939847961068,0.0003989764372818172,0.0002684710780158639,0.0007733950624242425,0.00016414547280874103,0.9957133531570435,0.0006533096311613917
plastic184.jpg,plastic,plastic,0.0030731712467968464,0.0029646398033946753,0.002016246085986495,0.0010872891871258616,0.002367473440244794,0.0013793969992548227,0.9862418174743652,0.0008700361358933151
IMG_E1452.JPG,plastic,plastic,0.0041482397355139256,0.004727317485958338,0.0023716723080724478,0.014838885515928268,0.0038853674195706844,0.0030525990296155214,0.9654636979103088,0.0015122120967134833
plastic238.jpg,plastic,plastic,0.006769568659365177,0.0006434301030822098,0.0004950465518049896,0.001335968030616641,0.0009392342763021588,0.002505119191482663,0.9860835671424866,0.00122801901306957
plastic58.jpg,plastic,plastic,0.004864505026489496,0.006883089430630207,0.0026879380457103252,0.012501473538577557,0.007827864028513432,0.006754865869879723,0.9561620950698853,0.002318172948434949
plastic185.jpg,plastic,plastic,0.0013965273974463344,0.0014852415770292282,0.0028232699260115623,0.0009104118216782808,0.0018984404159709811,0.0022375015541911125,0.9868663549423218,0.002382206730544567
4924.JPG,plastic,plastic,0.010780498385429382,0.0055758277885615826,0.005270176567137241,0.015683691948652267,0.0016802845057100058,0.001528812455944717,0.9581180214881897,0.0013626727741211653
plastic385.jpg,plastic,glass,0.011947846040129662,0.019284680485725403,0.20656023919582367,0.6122844815254211,0.0012108240043744445,0.008392317220568657,0.12563017010688782,0.014689376577734947
plastic_bottle 34.jpg,plastic,plastic,0.002821834059432149,0.0012901261216029525,0.0037075760774314404,0.004425739869475365,0.004416163079440594,0.018901480361819267,0.961675763130188,0.0027613129932433367
IMG20230302075640.jpg,plastic,plastic,0.009662395343184471,0.006694710813462734,0.0029330221004784107,0.0039756628684699535,0.026516037061810493,0.0038424383383244276,0.9449203610420227,0.0014553297078236938
plastic94.jpg,plastic,plastic,0.004766153637319803,0.006345826201140881,0.0022446932271122932,0.008017352782189846,0.001442641718313098,0.0038822179194539785,0.9650306701660156,0.008270497433841228
plastic751.jpg,plastic,plastic,0.00964760035276413,0.0028960774652659893,0.001489501679316163,0.001215603668242693,0.011687236838042736,0.0028733646031469107,0.9690418839454651,0.001148731680586934
plastic208.jpg,plastic,plastic,0.012361490167677402,0.0049166432581841946,0.0016200232785195112,0.0031090492848306894,0.008066212758421898,0.008022591471672058,0.9601868391036987,0.0017171960789710283
plastic_bottle 117.jpg,plastic,plastic,0.0027424136642366648,0.003269689390435815,0.0027504966128617525,0.00032848177943378687,0.0028905021026730537,0.0012307553552091122,0.9844902157783508,0.0022974377498030663
plastic585.jpg,plastic,plastic,0.0006621834472753108,0.0012531446991488338,0.0005677716108039021,0.0005883451085537672,0.00025828383513726294,0.0006391123170033097,0.9951549768447876,0.0008761945064179599
plastic333.jpg,plastic,plastic,0.0012409165501594543,0.0015287476126104593,0.0023471710737794638,0.001430734759196639,0.009061937220394611,0.0015847727190703154,0.9826120138168335,0.00019377998251002282
plastic525.jpg,plastic,plastic,0.002096070908010006,0.002257154555991292,0.0016075263265520334,0.0012982642510905862,0.0004161507822573185,0.0013919107150286436,0.9902687072753906,0.0006640953943133354
plastic819.jpg,plastic,plastic,0.0020808831322938204,0.0010864493669942021,0.001177417580038309,0.0034664953127503395,0.0018508967477828264,0.002942432416602969,0.9850441217422485,0.0023513375781476498
plastic754.jpg,plastic,plastic,0.0017020798986777663,0.0004726469051092863,0.0016073955921456218,0.001204889384098351,0.0032947096042335033,0.0005975335370749235,0.9903449416160583,0.0007757117273285985
plastic131.jpg,plastic,plastic,0.0017579072155058384,0.001774284988641739,0.0008126054308377206,0.0005107377655804157,0.0012817045208066702,0.0018699998036026955,0.9910382032394409,0.0009545369539409876
plastic553.jpg,plastic,plastic,0.008213604800403118,0.01178724505007267,0.004396581556648016,0.009236728772521019,0.004057944752275944,0.01127601508051157,0.9494506120681763,0.0015812943456694484
plastic150.jpg,plastic,plastic,0.0032820487394928932,0.0019091111607849598,0.0011579686542972922,0.0027630876284092665,0.0024116262793540955,0.0013484255177900195,0.983996570110321,0.0031311854254454374
plastic538.jpg,plastic,plastic,0.0004953047027811408,0.001302365679293871,0.0004088871937710792,0.0004319249128457159,0.001836213981732726,0.00011119031842099503,0.9948272109031677,0.0005869055166840553
plastic_bottle 516.jpg,plastic,plastic,0.001770376111380756,0.002439482370391488,0.001819296507164836,0.0018704052781686187,0.0036772205494344234,0.0019506843527778983,0.9850156307220459,0.0014569065533578396
IMG_E1491.JPG,plastic,plastic,0.007313831243664026,0.01000355463474989,0.006870213896036148,0.006097533740103245,0.008153335191309452,0.00818527303636074,0.9469812512397766,0.006395068019628525
plastic_bottle 279.jpg,plastic,plastic,0.004765442572534084,0.019792931154370308,0.003422384848818183,0.005057469476014376,0.0020828458946198225,0.0021245917305350304,0.9345753192901611,0.02817891351878643
IMG_E1490.JPG,plastic,plastic,0.004162815399467945,0.0065737757831811905,0.006148781627416611,0.003043366828933358,0.0020872766617685556,0.0035777967423200607,0.970398485660553,0.004007649142295122
plastic243.jpg,plastic,plastic,0.005158070009201765,0.005539088975638151,0.0033699951600283384,0.0025893189013004303,0.0021283116657286882,0.001311457366682589,0.9783719182014465,0.00153187511023134
IMG_E1455.JPG,plastic,plastic,0.002863531466573477,0.002945651998743415,0.001704137190245092,0.0008372316369786859,0.005052074324339628,0.0022953846491873264,0.9825125932693481,0.0017894631018862128
plastic381.jpg,plastic,plastic,0.0023735451977699995,0.0013346043415367603,0.001199244405142963,0.0016274600056931376,0.0006132122362032533,0.000610469258390367,0.9904029369354248,0.0018385318107903004
plastic827.jpg,plastic,plastic,0.0014641666784882545,0.0022693544160574675,0.0025538199115544558,0.00030914676608517766,0.0011707486119121313,0.0013504920061677694,0.9895467162132263,0.0013356178533285856
plastic339.jpg,plastic,paper,0.016897616907954216,0.010668895207345486,0.03318236395716667,0.013039089739322662,0.07481391727924347,0.735960066318512,0.10554510354995728,0.009893007576465607
plastic2.jpg,plastic,plastic,0.0021122749894857407,0.007040759082883596,0.003937362693250179,0.005201560445129871,0.0058312383480370045,0.004935103468596935,0.9661081433296204,0.004833484999835491
plastic231.jpg,plastic,plastic,0.003650498576462269,0.005753264296799898,0.0031513171270489693,0.002087463391944766,0.0012577571906149387,0.01120802853256464,0.9688734412193298,0.0040182569064199924
plastic575.jpg,plastic,plastic,0.0008212481043301523,0.0006176764145493507,0.00044354991405270994,0.005819796118885279,0.0009691814193502069,0.0007870076806284487,0.9903466105461121,0.00019491661805659533
plastic783.jpg,plastic,plastic,0.019162487238645554,0.045083895325660706,0.015560288913547993,0.05675213038921356,0.03607729822397232,0.11037275940179825,0.6703000664710999,0.046691130846738815
plastic707.jpg,plastic,plastic,0.00924050621688366,0.006381265819072723,0.006312255747616291,0.007498220074921846,0.005554317031055689,0.002757970243692398,0.959501326084137,0.00275422097183764
plastic22.jpg,plastic,plastic,0.00410617608577013,0.00485837971791625,0.00400119973346591,0.009011142887175083,0.006574080791324377,0.001376494881696999,0.9678126573562622,0.002259937347844243
plastic368.jpg,plastic,plastic,0.00680313166230917,0.004064891487360001,0.002146619837731123,0.00044885705574415624,0.0045012314803898335,0.004635628778487444,0.975434422492981,0.0019653099589049816
plastic343.jpg,plastic,plastic,0.0011330187553539872,0.0026353024877607822,0.007263283245265484,0.0009966330835595727,0.002087516011670232,0.009119386784732342,0.9714098572731018,0.005355027504265308
plastic97.jpg,plastic,plastic,0.0015014451928436756,0.005259680096060038,0.0019892528653144836,0.013941483572125435,0.003991617355495691,0.001533801550976932,0.9697975516319275,0.0019852255936712027
plastic_bottle 41.jpg,plastic,plastic,0.002029309282079339,0.0021528045181185007,0.0005361071671359241,0.0008659525192342699,0.0008019704837352037,0.001167331007309258,0.991382896900177,0.0010635994840413332
plastic509.jpg,plastic,plastic,0.0063228243961930275,0.03355119749903679,0.013721159659326077,0.0071066138334572315,0.032000236213207245,0.006615850608795881,0.8887887001037598,0.011893442831933498
plastic559.jpg,plastic,plastic,0.0023316643200814724,0.004510190803557634,0.0006933289696462452,0.001774455071426928,0.0019028156530112028,0.015347931534051895,0.9689975380897522,0.004442068748176098
plastic285.jpg,plastic,plastic,0.00037352790241129696,0.001165151596069336,0.001986621180549264,8.430567686446011e-05,0.0011327547254040837,0.0010290388017892838,0.9935020804405212,0.000726486963685602
IMG_E1423.JPG,plastic,plastic,0.0036130568478256464,0.004184451419860125,0.0018504415638744831,0.003355660941451788,0.0015896555269137025,0.0027249669656157494,0.9797055125236511,0.0029763123020529747
plastic797.jpg,plastic,plastic,0.0009203619556501508,0.0013601341051980853,0.0013026311062276363,0.0010129989823326468,0.0017909291200339794,0.000924816180486232,0.9881848096847534,0.004503320902585983
plastic603.jpg,plastic,plastic,0.003218742087483406,0.005992363207042217,0.004805218894034624,0.003758008824661374,0.0012030319776386023,0.008713795803487301,0.9607011675834656,0.01160778384655714
plastic313.jpg,plastic,plastic,0.006067927461117506,0.0072171795181930065,0.00593426451086998,0.008280564099550247,0.005041053984314203,0.0036713958252221346,0.9602500200271606,0.0035375584848225117
plastic166.jpg,plastic,plastic,0.005463931243866682,0.002470746636390686,0.004020303022116423,0.003284967038780451,0.005730781238526106,0.0025693560019135475,0.9738718867301941,0.0025880932807922363
IMG20221119104759.jpg,plastic,plastic,0.000915509823244065,0.0023400902282446623,0.0020604562014341354,0.0045654140412807465,0.0035480656661093235,0.0011707601370289922,0.9809734225273132,0.004426274448633194
IMG20230302080045.jpg,plastic,plastic,0.006972745060920715,0.006878617685288191,0.003076359396800399,0.0018147907685488462,0.0020400406792759895,0.0055139679461717606,0.9695301055908203,0.004173425491899252
plastic183.jpg,plastic,plastic,0.004479246214032173,0.005140814930200577,0.007466090377420187,0.002693740651011467,0.00228692009113729,0.0022672899067401886,0.9729282855987549,0.0027376434300094843
plastic187.jpg,plastic,plastic,0.0054665207862854,0.002825543051585555,0.0014496354851871729,0.0017328659305348992,0.0010722987353801727,0.007165148388594389,0.9753597378730774,0.004928222391754389
plastic644.jpg,plastic,plastic,0.005739896558225155,0.002778667723760009,0.002719785552471876,0.00589403323829174,0.002910470822826028,0.0016678066458553076,0.9743875861167908,0.003901769407093525
plastic237.jpg,plastic,plastic,0.001923967502079904,0.0010446641827002168,0.0009882949525490403,0.0024608515668660402,0.00264092069119215,0.001247245236299932,0.9886934161186218,0.0010006282245740294
plastic311.jpg,plastic,plastic,0.006175911985337734,0.010228568688035011,0.006293059326708317,0.009284742176532745,0.005496213678270578,0.004542762413620949,0.9540732502937317,0.003905577352270484
plastic350.jpg,plastic,plastic,0.0031373442616313696,0.0045631746761500835,0.004860641434788704,0.00010970084258588031,0.015439104288816452,0.006216955836862326,0.9644500613212585,0.00122308440040797
plastic516.jpg,plastic,plastic,0.0005877782241441309,0.0011593725066632032,0.0010480353375896811,0.0004475830355659127,0.0009478129795752466,0.00049403595039621,0.9948880076408386,0.00042746789404191077
plastic349.jpg,plastic,plastic,0.0025260320398956537,0.002606430556625128,0.001664059003815055,0.0009735726634971797,0.0017330122645944357,0.0008947211899794638,0.988098680973053,0.0015035312389954925
4266.JPG,plastic,plastic,0.037303000688552856,0.005865592043846846,0.0054090991616249084,0.007340157870203257,0.0017994351219385862,0.0025566143449395895,0.9334247708320618,0.006301337853074074
plastic361.jpg,plastic,plastic,0.0012934522237628698,0.0019918526522815228,0.0012769780587404966,0.002271444769576192,0.002205131808295846,0.0022090785205364227,0.9875282645225525,0.0012238535564392805
plastic173.jpg,plastic,plastic,0.0010199780808761716,0.0016262312419712543,0.001717971870675683,0.0008452633628621697,0.00047856979654170573,0.004548264667391777,0.9892800450325012,0.00048363322275690734
plastic675.jpg,plastic,plastic,0.053257230669260025,0.01725880615413189,0.01685890182852745,0.37686067819595337,0.057848814874887466,0.019106391817331314,0.38524776697158813,0.07356136292219162
plastic162.jpg,plastic,plastic,0.004571788478642702,0.004509418271481991,0.0035043940879404545,0.0010565327247604728,0.004290977958589792,0.0026083344127982855,0.9743038415908813,0.0051546297036111355
plastic389.jpg,plastic,plastic,0.004046882037073374,0.00167755875736475,0.0024620003532618284,0.0006570855621248484,0.0007429147372022271,0.0026744825299829245,0.9867904782295227,0.0009485576883889735
plastic337.jpg,plastic,plastic,0.002763621276244521,0.004072994459420443,0.004062820225954056,0.004187949933111668,0.0020591081120073795,0.0010778293944895267,0.9780338406562805,0.003741819178685546
IMG20230302075651.jpg,plastic,plastic,0.0018936308333650231,0.001937050255946815,0.0016386586939916015,0.004423425067216158,0.0015365539584308863,0.005675349850207567,0.9809844493865967,0.0019107983680441976
IMG20221119110111.jpg,plastic,plastic,0.003389175282791257,0.007055121008306742,0.0016823939513415098,0.005207925569266081,0.004972750786691904,0.0008089044713415205,0.9751367568969727,0.001746922149322927
plastic291.jpg,plastic,plastic,0.0008753585861995816,0.0010827311780303717,0.0007858492317609489,0.0004517699999269098,0.0019359333673492074,0.0007167412550188601,0.9934284090995789,0.0007231781492009759
trash464.jpg,trash,trash,0.0003012162051163614,0.0015032836236059666,0.0038544589187949896,0.000561462074983865,0.0006763489218428731,0.002001867163926363,0.003916106186807156,0.9871852993965149
Image_94.png,trash,trash,0.005381276831030846,0.013277248479425907,0.0024069957435131073,0.003440301166847348,0.002334115095436573,0.005874835420399904,0.009574043564498425,0.9577112197875977
Image_8 - Copy.png,trash,trash,0.003298257477581501,0.010387835092842579,0.00457155192270875,0.0075253210961818695,0.0025500962510704994,0.012474785558879375,0.027965040877461433,0.9312270879745483
Image_184.png,trash,trash,0.0045187752693891525,0.0054680597968399525,0.007024460006505251,0.013503236696124077,0.0035102039109915495,0.006458553485572338,0.006824054755270481,0.9526926279067993
trash102.jpg,trash,trash,0.0010044138180091977,0.000681987963616848,0.0005703172646462917,0.0005079361144453287,0.0004599967214744538,0.0009998432360589504,0.00017678998119663447,0.9955986738204956
trash673.jpg,trash,trash,0.0022087839897722006,0.0021732854656875134,0.0028623982798308134,0.0012316940119490027,0.0010626796865835786,0.002547082956880331,0.0009298844379372895,0.9869842529296875
Image_55.png,trash,trash,0.006078633945435286,0.012448566034436226,0.006278840824961662,0.0077360873110592365,0.006202932447195053,0.008937888778746128,0.01047478336840868,0.9418423175811768
trash93.jpg,trash,trash,0.0018817648524418473,0.005015656817704439,0.009159840643405914,0.001338375499472022,0.004169911611825228,0.004081069026142359,0.0055120158940553665,0.9688413143157959
trash695.jpg,trash,trash,0.015626240521669388,0.020455535501241684,0.008016582578420639,0.004830775782465935,0.008917074650526047,0.00958180520683527,0.00336087797768414,0.9292111396789551
Image_46.png,trash,trash,0.005384392570704222,0.005786291789263487,0.006707800552248955,0.005752110853791237,0.002696497831493616,0.0043283505365252495,0.007378750015050173,0.961965799331665
trash572.jpg,trash,trash,0.002699250355362892,0.004498905502259731,0.007020177319645882,0.0016689433250576258,0.004117919132113457,0.002607857109978795,0.004716125316917896,0.97267085313797
Image_63.png,trash,trash,0.0018910112557932734,0.005704100709408522,0.003058925038203597,0.006550731603056192,0.0034040005411952734,0.00707140751183033,0.00626312755048275,0.9660566449165344
trash647.jpg,trash,trash,0.003900488605722785,0.004450669977813959,0.0037324861623346806,0.0009844671003520489,0.0010374693665653467,0.0014236187562346458,0.0036705476231873035,0.9808002710342407
Image_10.png,trash,trash,0.005397161468863487,0.004758851137012243,0.003827733686193824,0.010085519403219223,0.005420246627181768,0.002725264523178339,0.011635293252766132,0.9561498761177063
trash235.jpg,trash,trash,0.011736913584172726,0.013084267266094685,0.002598403487354517,0.007802574895322323,0.019004926085472107,0.008667856454849243,0.004541558213531971,0.9325634837150574
Image_175.png,trash,trash,0.004139217082411051,0.0023646855261176825,0.0031627360731363297,0.0019429828971624374,0.002307819202542305,0.0037206923589110374,0.004275149200111628,0.9780867695808411
Image_134 - Copy.png,trash,trash,0.004828708712011576,0.005827596411108971,0.0026993071660399437,0.0040099588222801685,0.0030767242424190044,0.0035680842120200396,0.00626640347763896,0.9697232246398926
Image_14.png,trash,trash,0.004856741521507502,0.013666661456227303,0.004302393179386854,0.006704067345708609,0.003302953904494643,0.004455342888832092,0.006014595739543438,0.9566971659660339
trash269.jpg,trash,trash,0.001401900895871222,0.001323455711826682,0.006338753737509251,0.0017220291774719954,0.0005253831041045487,0.0009549946407787502,0.0013540268409997225,0.9863794445991516
trash53.jpg,trash,trash,0.0029551160987466574,0.020236726850271225,0.004211773164570332,0.00603084871545434,0.0027906924951821566,0.0034220353700220585,0.0021345908753573895,0.9582181572914124
trash312.jpg,trash,trash,0.0019290008349344134,0.0016144525725394487,0.001653346000239253,0.0015085015911608934,0.0011048669693991542,0.0035148682072758675,0.0012102201581001282,0.9874647855758667
trash320.jpg,trash,trash,0.0025358691345900297,0.003766812616959214,0.0037454203702509403,0.0047688912600278854,0.0019775875844061375,0.010646246373653412,0.001792456954717636,0.9707667231559753
trash190.jpg,trash,trash,0.0020115463994443417,0.003579511772841215,0.0018345318967476487,0.005673343315720558,0.0020807674154639244,0.002713256748393178,0.004379780497401953,0.9777272939682007
trash37.jpg,trash,trash,0.00668182410299778,0.0071844905614852905,0.003514322452247143,0.01891014352440834,0.004570293240249157,0.008031057193875313,0.0015424026641994715,0.9495655298233032
trash399.jpg,trash,trash,0.013976844027638435,0.0047004930675029755,0.007189604453742504,0.003634532680734992,0.005991859827190638,0.0020688294898718596,0.01413778867572546,0.9483000040054321
trash68.jpg,trash,trash,0.0023595462553203106,0.0038697957061231136,0.0004562907270155847,0.0020317567978054285,0.0009026986081153154,0.0024778328370302916,0.004186911042779684,0.9837151169776917
trash166.jpg,trash,trash,0.004110661800950766,0.0032552452757954597,0.002368837594985962,0.0016792591195553541,0.002135917078703642,0.0017622476443648338,0.006484391167759895,0.9782034158706665
trash351.jpg,trash,trash,0.011594781652092934,0.015673501417040825,0.006746311672031879,0.026332296431064606,0.006475532427430153,0.009123412892222404,0.009925741702318192,0.9141284227371216
Image_243 - Copy.png,trash,trash,0.00226792274042964,0.0032308329828083515,0.006068897433578968,0.01866622269153595,0.005239120684564114,0.005096832290291786,0.00569737795740366,0.9537327885627747
trash624.jpg,trash,trash,0.018730061128735542,0.0012076337588950992,0.008988569490611553,0.0016432300908491015,0.004159604664891958,0.002390237059444189,0.0028551232535392046,0.9600255489349365
Image_169.png,trash,trash,0.002892431104555726,0.005548843182623386,0.002586022950708866,0.0034158334601670504,0.0024857353419065475,0.001513747381977737,0.005649888888001442,0.9759075045585632
trash491.jpg,trash,trash,0.0017173163359984756,0.003269449807703495,0.0017719801981002092,0.004473769571632147,0.00699734129011631,0.0020662385504692793,0.0009372004424221814,0.978766679763794
Image_177 - Copy.png,trash,trash,0.0030955441761761904,0.008465851657092571,0.0021240797359496355,0.002005034824833274,0.008102989755570889,0.005988272372633219,0.012284698896110058,0.9579335451126099
trash310.jpg,trash,trash,0.0025012907572090626,0.0022268909960985184,0.0025389522779732943,0.0009624606464058161,0.0021801411639899015,0.0024041973520070314,0.0007316165138036013,0.986454427242279
Image_69 - Copy.png,trash,trash,0.004064718261361122,0.005167962983250618,0.0038176793605089188,0.009161075577139854,0.0030443216674029827,0.003241967875510454,0.0022845251951366663,0.9692177772521973
Image_193 - Copy.png,trash,trash,0.0018504596082493663,0.009179381653666496,0.0044118803925812244,0.01164120715111494,0.005503979977220297,0.0035954262129962444,0.004086810629814863,0.959730863571167
Image_57.png,trash,trash,0.023091251030564308,0.04425112158060074,0.003882654709741473,0.062141913920640945,0.08522767573595047,0.03108905255794525,0.052159134298563004,0.6981571316719055
Image_102 - Copy.png,trash,trash,0.0021708703134208918,0.004117430187761784,0.0017139784758910537,0.003827245207503438,0.0027276831679046154,0.002343815751373768,0.0032116584479808807,0.9798873662948608
trash492.jpg,trash,trash,0.0005463469424284995,0.001712466822937131,0.0013515454484149814,0.002949678571894765,0.0014958225656300783,0.0017640971345826983,0.001023007440380752,0.9891570806503296
Image_21.png,trash,trash,0.00692644901573658,0.006869178730994463,0.009699473157525063,0.021626796573400497,0.005586621817201376,0.008540991693735123,0.010496595874428749,0.9302538633346558
trash62.jpg,trash,trash,0.003079724730923772,0.0026926081627607346,0.003492373740300536,0.0032183334697037935,0.0039245993830263615,0.00386439124122262,0.0014917877269908786,0.978236198425293
Image_182.png,trash,trash,0.005704608280211687,0.006037757731974125,0.004235859960317612,0.0067716799676418304,0.00334381777793169,0.0041701155714690685,0.015061206184327602,0.954675018787384
trash405.jpg,trash,trash,0.0028385361656546593,0.0037313152570277452,0.0027271718718111515,0.003624696284532547,0.005714266560971737,0.0022647958248853683,0.007667856756597757,0.9714313745498657
trash133.jpg,trash,trash,0.0012830168707296252,0.0015487994533032179,0.0018164289649575949,0.0007747827330604196,0.001209634356200695,0.00045321034849621356,0.0008118948899209499,0.9921022057533264
Image_21 - Copy.png,trash,trash,0.006831358652561903,0.004647687543183565,0.005034430883824825,0.005578949116170406,0.003315558424219489,0.007797542959451675,0.0054273842833936214,0.9613670110702515
Image_228.png,trash,trash,0.004538696724921465,0.009287736378610134,0.00787070021033287,0.011095423251390457,0.0030380012467503548,0.00590895302593708,0.004931637551635504,0.9533289074897766
Image_60 - Copy.png,trash,trash,0.005500445142388344,0.0053690215572714806,0.00791986659169197,0.014747408218681812,0.014097402803599834,0.0032843213994055986,0.007170317694544792,0.9419112801551819
Image_247.png,trash,trash,0.006182143464684486,0.008710586465895176,0.004095656797289848,0.006341708358377218,0.004020007327198982,0.011740808375179768,0.10686805099248886,0.8520410060882568
Image_162 - Copy.png,trash,trash,0.012331094592809677,0.010585727170109749,0.007606768514961004,0.009494769386947155,0.006875278893858194,0.003104699542745948,0.005657610483467579,0.9443440437316895
trash350.jpg,trash,trash,0.004068250302225351,0.0015642824582755566,0.005730181001126766,0.0009639783529564738,0.0035559353418648243,0.0013612248003482819,0.001430787262506783,0.9813253879547119
trash488.jpg,trash,trash,0.0015642426442354918,0.002102905185893178,0.001617662375792861,0.0022073036525398493,0.002025987720116973,0.006902667693793774,0.0011439758818596601,0.9824352860450745
Image_231.png,trash,trash,0.002290289383381605,0.0015900820726528764,0.0006959862657822669,0.005772232543677092,0.0030304647516459227,0.003389444202184677,0.0020960839465260506,0.9811354279518127
trash212.jpg,trash,trash,0.00320139667019248,0.006073671393096447,0.005870475899428129,0.004263461567461491,0.0015998863382264972,0.0011243404587730765,0.0055763875134289265,0.9722903370857239
trash297.jpg,trash,trash,0.0018568227533251047,0.0026891694869846106,0.0014705685898661613,0.0020068082958459854,0.003255982883274555,0.0025915103033185005,0.005785585381090641,0.9803435802459717
trash120.jpg,trash,trash,0.0030672394204884768,0.003271938767284155,0.0008952014613896608,0.0010396861471235752,0.0062804389744997025,0.0035208656918257475,0.002360983518883586,0.9795636534690857
Image_47 - Copy.png,trash,trash,0.003377023618668318,0.0061537837609648705,0.0030560512095689774,0.0026060971431434155,0.003425488481298089,0.0067426045425236225,0.005211987998336554,0.9694269895553589
trash473.jpg,trash,trash,0.0017708094092085958,0.0032757087610661983,0.002858426421880722,0.013293641619384289,0.003403986571356654,0.005698055494576693,0.0012681602966040373,0.9684311747550964
Image_97.png,trash,trash,0.004787164274603128,0.006473074667155743,0.0034400690346956253,0.005383940413594246,0.006123422645032406,0.02079067938029766,0.04805157706141472,0.9049500226974487
Image_9.png,trash,trash,0.011408833786845207,0.008570954203605652,0.0061134882271289825,0.0071705980226397514,0.005427742842584848,0.004584160633385181,0.006103607825934887,0.9506205916404724
trash179.jpg,trash,trash,0.003842635778710246,0.007710525766015053,0.0020582627039402723,0.005096005741506815,0.010439088568091393,0.004375539720058441,0.0075928526930511,0.958885133266449
Image_103.png,trash,trash,0.005384392570704222,0.005786291789263487,0.006707800552248955,0.005752110853791237,0.002696497831493616,0.0043283505365252495,0.007378750015050173,0.961965799331665
trash6.jpg,trash,trash,0.0008020210661925375,0.001072116894647479,0.0005678260931745172,0.0007251051720231771,0.004660873673856258,0.0025769078638404608,0.005501106381416321,0.9840940833091736
trash589.jpg,trash,trash,0.004062156658619642,0.014778608456254005,0.008286264725029469,0.004052521660923958,0.004015190992504358,0.005252133123576641,0.007220819592475891,0.9523323178291321
trash125.jpg,trash,trash,0.0062735737301409245,0.007380172144621611,0.0024391678161919117,0.01693243905901909,0.012068711221218109,0.004065219312906265,0.0022471072152256966,0.9485936164855957
trash446.jpg,trash,trash,0.0005530572379939258,0.0026948987506330013,0.002324356697499752,0.0017163807060569525,0.001832759939134121,0.003239411162212491,0.003910894505679607,0.983728289604187
trash546.jpg,trash,trash,0.0011443482944741845,0.0061564138159155846,0.0014721432235091925,0.0016504699597135186,0.004696553107351065,0.006384385284036398,0.005580124910920858,0.972915530204773
trash662.jpg,trash,trash,0.004959185607731342,0.004875211976468563,0.007261662743985653,0.0014254164416342974,0.003003959311172366,0.0041500781662762165,0.008108649402856827,0.9662159085273743
Image_204 - Copy.png,trash,trash,0.009943977929651737,0.0397501140832901,0.006185607053339481,0.005846292246133089,0.010314537212252617,0.03449920192360878,0.027314739301800728,0.8661454916000366
Image_53 - Copy.png,trash,trash,0.004082721192389727,0.023704957216978073,0.0029100680258125067,0.008642853237688541,0.002386619569733739,0.0007888556574471295,0.007870052941143513,0.9496138691902161
Image_175 - Copy.png,trash,trash,0.005689155776053667,0.0007724227616563439,0.003875878406688571,0.0005887672305107117,0.0016688794130459428,0.0027351328171789646,0.0016811243258416653,0.9829886555671692
trash479.jpg,trash,trash,0.0371992252767086,0.02217554673552513,0.019737640395760536,0.15991047024726868,0.07461392879486084,0.016318626701831818,0.011959102936089039,0.6580854654312134
trash250.jpg,trash,trash,0.002746237674728036,0.0035074083134531975,0.002752874279394746,0.0035776125732809305,0.002548240590840578,0.0030604342464357615,0.0007640687981620431,0.9810431003570557
trash134.jpg,trash,trash,0.0008908349554985762,0.0008407185086980462,0.000872466538567096,0.0020003991667181253,0.000729640363715589,0.00029913042089901865,0.00013050231791567057,0.9942362904548645
Image_197.png,trash,trash,0.006101944018155336,0.0038719535805284977,0.0028199502266943455,0.007921143434941769,0.005410711281001568,0.0030747693963348866,0.005558517761528492,0.9652409553527832
Image_83 - Copy.png,trash,trash,0.0023830721620470285,0.005106403958052397,0.000814963539596647,0.0022443977650254965,0.0013427145313471556,0.0025970125570893288,0.003264408791437745,0.9822470545768738
trash686.jpg,trash,trash,0.0035942832473665476,0.0036014439538121223,0.003909188788384199,0.008758463896811008,0.004657709039747715,0.001442999579012394,0.005789783783257008,0.9682461619377136
trash431.jpg,trash,trash,0.00834646262228489,0.02318393625319004,0.013365824706852436,0.10039806365966797,0.03810126334428787,0.015308269299566746,0.003317164024338126,0.7979789972305298
trash433.jpg,trash,trash,0.005133148282766342,0.013677649199962616,0.007243229076266289,0.01367834024131298,0.008136817254126072,0.024750642478466034,0.007392525672912598,0.9199876189231873
Image_209.png,trash,trash,0.004278610926121473,0.0012367562158033252,0.0008538261172361672,0.0019111396977677941,0.0016346805496141315,0.0015393000794574618,0.0012402617139741778,0.9873054027557373
trash257.jpg,trash,trash,0.0029300060123205185,0.008451850153505802,0.004387035965919495,0.008765039034187794,0.001083263079635799,0.001703350804746151,0.0008787536644376814,0.971800684928894
trash230.jpg,trash,trash,0.0031768407206982374,0.005165301728993654,0.002544455463066697,0.00878999475389719,0.00279422989115119,0.00551288016140461,0.0014286958612501621,0.9705876111984253
trash576.jpg,trash,trash,0.0028788684867322445,0.013516168110072613,0.0050661442801356316,0.0015188383404165506,0.009862914681434631,0.008326752111315727,0.006084735505282879,0.9527454972267151
trash207.jpg,trash,trash,0.003752521239221096,0.0026372012216597795,0.0017753883730620146,0.0069553726352751255,0.002269289456307888,0.002715506125241518,0.003923946991562843,0.9759707450866699
Image_223.png,trash,trash,0.006353424396365881,0.00351164024323225,0.00835688877850771,0.002922151470556855,0.005288232583552599,0.0025298884138464928,0.005139493383467197,0.9658982753753662
Image_222.png,trash,trash,0.005684451200067997,0.005040653981268406,0.006588949356228113,0.020541978999972343,0.006639977917075157,0.0048856791108846664,0.009247568435966969,0.9413707256317139
trash525.jpg,trash,trash,0.0012683689128607512,0.0006695374613627791,0.0006805282318964601,0.0005374823231250048,0.001352317864075303,0.0030907830223441124,0.0005138473934493959,0.9918871521949768
Image_106 - Copy.png,trash,trash,0.002823786810040474,0.007156014908105135,0.006169697269797325,0.014826660044491291,0.004970666021108627,0.004395395051687956,0.0013485620729625225,0.9583092331886292
Image_60.png,trash,trash,0.0036953131202608347,0.007061492186039686,0.004394446965306997,0.006347862537950277,0.0022287333849817514,0.007414159364998341,0.001533026690594852,0.9673249125480652
Image_205.png,trash,trash,0.004644534084945917,0.004451855085790157,0.004948824178427458,0.0059888605028390884,0.0025893005076795816,0.004113418981432915,0.011057067662477493,0.9622061252593994
trash355.jpg,trash,trash,0.003625966142863035,0.0029045776464045048,0.002623759675770998,0.0025998218916356564,0.0024112046230584383,0.0157784353941679,0.004229946061968803,0.9658262729644775
trash106.jpg,trash,trash,0.0006706116837449372,0.0022561983205378056,0.0004503094241954386,0.0036912148352712393,0.005739865358918905,0.004686969332396984,0.003930491860955954,0.978574275970459
Image_134.png,trash,trash,0.006952350027859211,0.012409143149852753,0.003427839605137706,0.014741837978363037,0.008045400492846966,0.009053273126482964,0.008175336755812168,0.93719482421875
Image_38 - Copy.png,trash,trash,0.0025288511533290148,0.008681021630764008,0.0013198485830798745,0.004284443333745003,0.0008909688331186771,0.0006067981012165546,0.016989227384328842,0.9646987915039062
Image_124.png,trash,trash,0.004280151333659887,0.007390478625893593,0.004883529152721167,0.009371338412165642,0.005056525580585003,0.007223338354378939,0.00705775897949934,0.9547368288040161
Image_52 - Copy.png,trash,trash,0.006746369414031506,0.014706085436046124,0.0037091588601469994,0.004783023148775101,0.0044435472227633,0.009598244912922382,0.008289068005979061,0.947724461555481
trash275.jpg,trash,trash,0.0037271277979016304,0.006948733236640692,0.003511561779305339,0.011058417148888111,0.0031139433849602938,0.0035977428779006004,0.001344691147096455,0.9666978120803833
trash459.jpg,trash,trash,0.0008258386515080929,0.0026582868304103613,0.002678325166925788,0.0009252133895643055,0.0007609429303556681,0.0007745978073216975,0.0029556204099208117,0.9884212017059326
Image_49.png,trash,trash,0.0049211010336875916,0.006363232620060444,0.0041303448379039764,0.010914977639913559,0.008194259367883205,0.004338540602475405,0.016309546306729317,0.9448279738426208
Image_88 - Copy.png,trash,trash,0.0015440869610756636,0.005779389292001724,0.0011874799383804202,0.0029216306284070015,0.0021274550817906857,0.008086741901934147,0.0007531798328272998,0.9776000380516052
Image_111.png,trash,trash,0.0029566572047770023,0.013212539255619049,0.002946938155218959,0.01005853246897459,0.005634925793856382,0.003169066971167922,0.013095642440021038,0.9489257335662842
trash11.jpg,trash,trash,0.004067867528647184,0.009861355647444725,0.005362953059375286,0.006745086517184973,0.007284043822437525,0.006372820120304823,0.005278478842228651,0.9550273418426514
trash232.jpg,trash,trash,0.0038765990175306797,0.001428163144737482,0.0010666956659406424,0.002767901634797454,0.0028386481571942568,0.003969087731093168,0.005506726913154125,0.9785462021827698
trash117.jpg,trash,trash,0.0011115862289443612,0.0009810238843783736,0.0013573628384619951,0.0001273004018003121,0.0009419202688150108,0.0009079682640731335,0.00033742401865310967,0.9942354559898376
trash38.jpg,trash,trash,0.001995883882045746,0.004532718099653721,0.005959765054285526,0.0003572286805137992,0.007677186280488968,0.0029848143458366394,0.018580881878733635,0.957911491394043
Image_196 - Copy.png,trash,trash,0.0026177868712693453,0.0005856090574525297,0.0008866380085237324,0.00195609824731946,0.00032554223434999585,0.00148208683822304,0.001981886336579919,0.9901643395423889
trash184.jpg,trash,trash,0.005142664071172476,0.0029028882272541523,0.0014650813536718488,0.014114322140812874,0.0035749885719269514,0.0067703500390052795,0.0014636967098340392,0.9645660519599915
trash35.jpg,trash,trash,0.002651458838954568,0.0014597654808312654,0.0019039356848224998,0.008084526285529137,0.0008241545874625444,0.0006785420118831098,0.0014762848149985075,0.982921302318573
Image_22.png,trash,trash,0.01306438073515892,0.005602810997515917,0.003693606471642852,0.00142883590888232,0.0111148776486516,0.005711725447326899,0.029660938307642937,0.929722785949707
trash256.jpg,trash,trash,0.0013605495914816856,0.0021764582488685846,0.001164223300293088,0.0020633141975849867,0.0035537073854357004,0.0020911628380417824,0.001201987499371171,0.986388623714447
Image_131 - Copy.png,trash,trash,0.002738127252086997,0.0027572193648666143,0.0011571724899113178,0.0007324432954192162,0.00658946018666029,0.006471369881182909,0.008441662415862083,0.9711125493049622
Image_236 - Copy.png,trash,trash,0.006649368908256292,0.012531173415482044,0.003553563030436635,0.00975868757814169,0.006809962913393974,0.0014268074883148074,0.004000464454293251,0.955269992351532
trash532.jpg,trash,trash,0.005304001271724701,0.0012316369684413075,0.0021851148921996355,0.0010848627425730228,0.0036735343746840954,0.010568429715931416,0.0014271169202402234,0.9745253324508667
trash447.jpg,trash,trash,0.0019364567706361413,0.005721742752939463,0.002989998320117593,0.005363165400922298,0.0020680648740381002,0.004756673704832792,0.006547472905367613,0.9706164598464966
trash323.jpg,trash,trash,0.005386382341384888,0.008400685153901577,0.01272838469594717,0.0052115945145487785,0.0052421810105443,0.0069961100816726685,0.007395530119538307,0.9486390948295593
trash510.jpg,trash,trash,0.000282448687357828,0.0006730844615958631,0.0030671257991343737,0.0007216549711301923,0.0008173395763151348,0.0013242890127003193,0.0005434725899249315,0.9925705790519714
trash291.jpg,trash,trash,0.002538352971896529,0.0019288078183308244,0.004911025986075401,0.0013173009501770139,0.0014415315818041563,0.0016363305039703846,0.0006439223070628941,0.985582709312439
Image_65.png,trash,trash,0.0037790299393236637,0.010745330713689327,0.0066032493487000465,0.009130769409239292,0.006141255609691143,0.005288620945066214,0.008734196424484253,0.9495775699615479
Image_160 - Copy.png,trash,trash,0.0050963168032467365,0.0015342191327363253,0.001348570454865694,0.002703085308894515,0.0017487918958067894,0.0011203006142750382,0.003928830847144127,0.9825198650360107
trash29.jpg,trash,trash,0.004725216887891293,0.001890709507279098,0.0003002894518431276,0.0003554735449142754,0.0005222273175604641,0.0017086651641875505,0.0014407543931156397,0.9890566468238831
trash643.jpg,trash,trash,0.0005956336390227079,0.0028510596603155136,0.0028928492683917284,0.0007691183709539473,0.0023805745877325535,0.0012895585969090462,0.001013409928418696,0.9882077574729919
trash165.jpg,trash,trash,0.004222774412482977,0.004482247866690159,0.004967612214386463,0.0024571456015110016,0.014491783455014229,0.0019790432415902615,0.002711273729801178,0.9646881818771362
