image,true_class,predicted_class,prob_battery,prob_biological,prob_cardboard,prob_glass,prob_metal,prob_paper,prob_plastic,prob_trash
battery297.jpg,battery,battery,1.0,2.074303395716015e-08,1.5245454898504818e-10,7.682190994451332e-10,2.6422131843562013e-11,6.430931091469527e-13,4.427698652165191e-09,4.988643179104635e-12
battery911.jpg,battery,battery,0.9968609809875488,1.8070020479932225e-10,0.0031249444000422955,9.137472112286105e-09,1.2999785212741699e-05,1.5798867991634324e-07,8.557582305002143e-07,2.4990812974579057e-08
battery684.jpg,battery,battery,1.0,5.4034088721030726e-24,4.30517055016377e-21,2.55966797237106e-13,5.469708639449744e-17,5.561529922607866e-16,4.366993503110813e-16,1.695876903062209e-19
battery219.jpg,battery,battery,1.0,1.6566189318699576e-17,5.02756582025643e-13,5.045014631207233e-15,2.312882330102184e-09,2.1674328998244619e-13,1.2339483601575552e-10,5.4338922250707355e-11
battery495.jpg,battery,battery,0.9999977350234985,5.086624454975208e-09,5.7288110610898e-07,2.225232265118393e-08,1.2313100796745857e-06,1.4795581426696458e-09,6.967216803488441e-10,4.2278765022274456e-07
battery443.jpg,battery,battery,0.9988037347793579,9.261177638109075e-07,1.4190885622156202e-07,6.30034492132836e-06,7.087057269927755e-07,1.705243164451531e-07,3.133166683255695e-05,0.0011566943721845746
battery352.jpg,battery,battery,1.0,5.85384388532284e-13,1.9695978788897284e-12,1.0791187821795889e-12,6.231827553992986e-12,5.940213056686294e-13,3.6463184902024715e-12,7.194300277041377e-12
battery608.jpg,battery,battery,1.0,4.44061020593578e-14,2.1820305978748067e-12,3.264769432576031e-08,9.140418977260367e-10,6.597081214643197e-11,6.597823676290915e-11,1.057303116586139e-11
battery928.jpg,battery,battery,1.0,6.627902653794093e-12,1.2798824222670646e-09,1.6443749140115926e-11,1.3269871423915447e-08,7.752643860214903e-09,1.950738182099343e-10,1.1700634905409402e-09
battery349.jpg,battery,battery,1.0,9.102014281170412e-12,3.2638037238130746e-12,8.517214711289967e-12,1.0677609491027695e-10,3.601222578063397e-14,8.346362663502749e-12,4.2218582796405e-11
battery825.jpg,battery,battery,0.9999998807907104,9.109850374056094e-11,6.387500661730883e-08,2.3122455339308345e-10,1.6379499978569356e-09,1.2376801805658033e-09,6.052103818099397e-10,2.4736259263136162e-08
battery611.jpg,battery,battery,1.0,3.8956571258783046e-13,4.071149680936505e-14,1.127816329909992e-11,2.2310094743849262e-11,1.4493868074044042e-13,2.9555253643759327e-13,5.720462759083514e-14
battery382.jpg,battery,battery,0.9999924898147583,4.873607628574916e-10,5.884661732125096e-06,2.4633777684357483e-07,3.4993499298252573e-07,8.305017331622366e-07,2.3703564977495262e-07,4.6978982481959974e-08
battery764.jpg,battery,battery,0.9999998807907104,1.0865674332505293e-10,3.985211272095057e-09,1.0656891191729301e-07,1.0302112052329448e-08,6.133575591871221e-11,9.726890300154611e-12,2.3869118487285235e-12
battery387.jpg,battery,battery,0.9999996423721313,1.890898895795523e-11,9.656408311853326e-11,1.4018264948845172e-07,1.44177519700861e-07,7.768697352084075e-10,7.264164736398016e-08,3.090883549106138e-09
battery538.jpg,battery,battery,1.0,3.2621932363535375e-15,2.603605915932339e-12,1.2821062570986252e-12,2.9827640357638074e-10,4.589094881879419e-09,1.1062548446738596e-12,5.31472532649957e-10
battery707.jpg,battery,battery,1.0,2.6392520932484433e-18,2.528212823657203e-16,3.2108319112891153e-16,1.46682416646976e-13,4.40194782751549e-13,4.377766866462546e-13,1.313402078068071e-12
battery11.jpg,battery,metal,7.540119639770637e-09,1.016995600600143e-16,8.550088874183326e-17,1.4201857319478032e-16,1.0,8.740802974469063e-17,5.787092149483726e-16,3.2293868100496947e-12
battery91.jpg,battery,battery,0.986847460269928,4.403764575222624e-10,8.218854418373667e-06,6.320223633338173e-08,1.8568297264209832e-06,8.654765406390652e-05,1.5419351257150993e-05,0.013040406629443169
battery51.jpg,battery,battery,1.0,2.05700168763422e-21,1.4061766481071907e-21,2.502125743031196e-23,4.117711044989382e-17,2.0778455889389194e-21,6.587181075997291e-20,9.856062178135329e-21
battery370.jpg,battery,battery,1.0,7.730707079264126e-15,4.070769193736598e-14,3.936037606955267e-11,6.448262063196708e-13,3.1052621411731263e-12,1.2801416827620815e-12,2.3204435335016926e-12
battery351.jpg,battery,battery,1.0,6.572060170378924e-12,1.5399344993616282e-11,4.324295643787224e-10,7.252195372009496e-11,8.8817807275543e-11,4.3665281168614456e-08,9.90711956916357e-10
battery771.jpg,battery,trash,0.029258182272315025,0.005753275007009506,0.09368380904197693,0.0013091471046209335,0.0010928777046501637,0.0036466484889388084,0.002567497780546546,0.8626885414123535
battery926.jpg,battery,battery,1.0,1.446904856873348e-15,9.498964115284281e-11,8.879780964080996e-15,2.708669876935743e-12,1.66684421820662e-09,2.2738666852206713e-11,4.455037033723741e-12
battery777.jpg,battery,battery,1.0,6.610448299859684e-10,4.705149603267955e-09,1.0709953757181978e-11,1.0798132353551093e-11,5.808962116665359e-14,1.0954385315509185e-10,1.9885374068413265e-14
battery793.jpg,battery,battery,1.0,8.520168078007817e-13,6.556969594020967e-13,1.2864689782204897e-12,2.120224174007035e-08,2.779882546377621e-09,8.131485800455182e-14,4.072920657422624e-14
battery172.jpg,battery,battery,0.9999996423721313,2.9838384540958884e-10,1.3503080598109563e-11,9.25480492242059e-08,1.342642264035021e-07,4.296700495398653e-11,1.611659286027134e-07,1.1233149965761413e-09
battery480.jpg,battery,battery,1.0,4.721860125123101e-10,9.804190445605876e-12,8.23515644565731e-10,1.096871149464107e-09,1.1380974287988899e-12,7.753113151487412e-10,5.921150236787298e-10
battery85.jpg,battery,battery,1.0,3.6682443141247776e-15,4.110084108869398e-17,7.150200913696656e-22,6.555033924683748e-16,9.151341315157501e-17,1.1656131560240754e-16,9.50086830278913e-18
battery392.jpg,battery,battery,0.9973297119140625,3.322788018067513e-07,0.0005159047432243824,3.716540595632978e-05,0.002095429925248027,3.032471340702614e-06,1.602400698175188e-05,2.3853679067542544e-06
battery591.jpg,battery,battery,1.0,5.3065142022485513e-20,6.053102317173347e-16,8.576618872533617e-16,2.997384690778715e-15,1.3596433874607516e-11,2.4645766994618214e-14,9.20200500271074e-15
battery148.jpg,battery,battery,1.0,1.4433158471826487e-23,7.50922236311723e-16,1.3228464812765344e-21,2.4912062430298976e-12,2.5932149426664982e-18,7.482939195461725e-17,1.1894163515786923e-21
battery342.jpg,battery,battery,0.9998886585235596,2.9061112627459806e-07,7.042964256243067e-08,7.39231618354097e-05,7.534338664072493e-08,6.6569332268784365e-09,8.433345755065602e-08,3.69185145245865e-05
battery371.jpg,battery,battery,1.0,6.697590073691251e-13,3.9849850849704715e-12,6.637038043043634e-15,4.651944587462549e-14,1.60029612852235e-14,1.9336946323680881e-13,5.411186868426148e-16
battery151.jpg,battery,battery,0.9754780530929565,3.069947140943441e-08,5.653127459481766e-07,0.0013011720729991794,0.00028394482797011733,1.5690750387875596e-06,0.02293068915605545,3.877255494444398e-06
battery211.jpg,battery,battery,1.0,3.089718585147505e-12,2.057425952696479e-13,4.1270747930255425e-10,2.077236160857865e-09,1.6882995002021062e-11,5.595982788264564e-09,9.028336300787032e-09
battery426.jpg,battery,battery,0.9999909400939941,1.07962489437341e-06,5.584682938319929e-09,4.227077567975357e-07,9.78009779828426e-07,9.239436299379733e-11,5.978054495869856e-09,6.6159145717392676e-06
battery340.jpg,battery,battery,1.0,7.278790689411393e-18,3.486680101963299e-17,9.947381290800316e-16,9.573604709418307e-16,5.27100889617139e-19,5.382053964298725e-17,2.844627142711069e-17
battery604.jpg,battery,battery,1.0,1.1099562092467714e-15,2.6010221876164065e-14,3.281206036043205e-12,8.85763034100262e-13,1.1031722410570488e-12,9.014839520487747e-14,1.4202799093060436e-13
battery745.jpg,battery,battery,1.0,4.280456434994136e-15,3.579497375588714e-12,3.122172312353122e-11,2.0441621728650716e-09,4.526251040637419e-10,3.0542566089100665e-13,7.774780710727291e-13
battery92.jpg,battery,battery,1.0,2.8088656075543617e-13,6.268439933787562e-11,1.3348774342836212e-11,2.372366192382458e-11,2.97266017357245e-10,9.117152866000566e-11,3.837280715401903e-09
battery576.jpg,battery,battery,1.0,1.8478091986753098e-18,2.3469566879665525e-14,1.801985752454549e-13,6.025259501399316e-13,1.1130652606203273e-13,8.951917678000961e-15,2.874846628114769e-12
battery10.jpg,battery,battery,1.0,2.5042319188492954e-19,9.777091309678377e-20,3.1955792384610356e-18,1.205033242208678e-17,1.198714781740661e-18,6.5867602220112606e-18,5.269300251218586e-19
battery123.jpg,battery,battery,0.9999998807907104,5.649097183958729e-13,2.9658298039692e-10,1.42216434797303e-16,7.628596421227485e-08,1.0190227568013244e-12,3.850454297852496e-13,2.1884750955880605e-11
battery327.jpg,battery,battery,1.0,1.1079812761716212e-10,1.6629358480513279e-12,1.5993542046288667e-09,3.477376164795487e-09,6.689891696165517e-13,2.8701023779831303e-08,3.0742878465161994e-08
battery517.jpg,battery,battery,0.9999916553497314,1.6459734908380597e-08,7.532084055128507e-06,4.897435701423092e-08,3.918833968441504e-08,8.242816420533927e-07,2.6767474903266475e-09,2.4360697487013638e-11
battery466.jpg,battery,battery,1.0,1.548041209109563e-12,1.2649934268485485e-12,1.0744557327191373e-10,3.6756896137912776e-11,4.3883632838692677e-11,1.0740310550649834e-11,5.7454350305130575e-11
battery417.jpg,battery,battery,1.0,7.560893577895911e-11,5.839956851438899e-10,2.5479438559017353e-09,4.204375958494211e-09,1.3991698077919779e-10,9.642103115936607e-09,6.8094760941050936e-09
battery831.jpg,battery,battery,0.9997231364250183,5.778205149908899e-07,2.896340163260902e-07,7.843379279393048e-10,2.753220940121537e-07,0.000253015459747985,2.794896758473442e-08,2.2605692720389925e-05
battery437.jpg,battery,battery,1.0,4.229881690135523e-13,5.228628944739522e-13,5.0435433607276536e-11,2.5130735166467577e-12,9.633921264906586e-13,3.323053290871236e-11,1.0141866235713337e-09
battery435.jpg,battery,battery,1.0,8.095683623598874e-16,2.0379737648298186e-15,3.7702154475060604e-17,2.614475188401173e-15,5.034320800543478e-17,1.9325468349619228e-14,7.018159776506878e-16
battery555.jpg,battery,battery,0.9999794960021973,3.8530781343304454e-10,6.182084888450845e-08,5.062308616743394e-08,7.672900323996146e-07,7.325566457438981e-06,2.0118563952564728e-06,1.036621233652113e-05
battery640.jpg,battery,battery,1.0,7.976715093299929e-15,2.907468374131056e-13,1.5784297480170295e-11,2.025401402150351e-09,6.5047895958514346e-09,2.961427761002944e-13,6.940499390484245e-12
battery716.jpg,battery,battery,0.9999912977218628,2.1158083618466605e-10,7.390477549051866e-06,5.907863087628584e-11,6.894645965260793e-11,1.2981947747903178e-06,6.4229904728208e-10,1.1137761823931669e-08
battery23.jpg,battery,battery,1.0,8.762074399371045e-12,3.915295171408317e-12,7.967846868406347e-12,2.243741414886813e-09,7.516534616947013e-11,1.184924147733593e-13,1.6198672958545046e-10
battery411.jpg,battery,battery,1.0,1.3814661830387383e-14,3.0828382449371756e-15,1.6041152306749303e-15,1.2492909056086173e-15,6.55190506438593e-17,9.038789546477952e-14,3.6868846108529784e-17
battery476.jpg,battery,battery,0.9836147427558899,2.3762762793921866e-05,1.2201705601455615e-07,0.01612359657883644,6.371097242663382e-06,1.220173430738214e-06,0.00023002849775366485,1.2129389403980895e-07
battery897.jpg,battery,battery,0.9999970197677612,2.793145714719003e-09,1.745934063990262e-08,2.6100661898453836e-07,2.6991497179551516e-06,3.970586970325485e-09,3.219513189378631e-08,3.5403344700313255e-09
battery891.jpg,battery,battery,0.9999997615814209,1.1159333013210926e-08,1.8211508689969236e-10,4.0064018075325336e-11,8.030675502368467e-08,4.5365614043113567e-10,1.6531360813587526e-07,6.049561546150883e-11
battery526.jpg,battery,battery,1.0,2.3042480479803053e-16,4.4438579335434603e-13,2.9364002784859622e-08,4.509712048239578e-11,7.406605710691405e-12,9.716451601637921e-12,1.7377661809536704e-12
battery278.jpg,battery,battery,0.9999998807907104,1.7419141216251655e-12,4.62060320560731e-11,5.5761222306216496e-09,1.2234474544570162e-09,2.0734389205578907e-10,1.0421170060226359e-07,3.4639837664940387e-09
battery71.jpg,battery,battery,1.0,7.486258452884219e-15,1.1099223279288813e-15,2.4684720345796544e-14,4.0608320261981135e-08,1.1507502589724369e-17,5.1278575027673134e-14,1.1151970932590094e-16
battery753.jpg,battery,battery,1.0,1.2460836365296626e-14,4.3597265554640163e-13,6.360226789681178e-10,2.6007027642549474e-08,6.219863513123869e-10,1.741533132981754e-11,1.6649234074739283e-11
battery857.jpg,battery,battery,1.0,5.060392937881108e-16,2.844072701413576e-14,7.783639184577584e-13,9.52804133334817e-13,3.873741601029604e-16,1.5936573892136319e-12,8.286117805965322e-16
battery776.jpg,battery,battery,0.8540478348731995,9.677619527792558e-05,3.314693458378315e-06,0.004894739482551813,0.1409054696559906,4.5452226913766935e-05,6.345445399347227e-06,6.326200008288652e-08
battery559.jpg,battery,battery,0.9999998807907104,1.304742880577081e-12,4.821908150542953e-11,5.20953635785304e-09,7.053858297467741e-08,4.5734943610042933e-10,1.7343198058239473e-11,1.7648583705565102e-09
battery896.jpg,battery,battery,0.9999967813491821,2.6024879473673934e-10,7.726953799025438e-11,2.2261626407300145e-13,3.1793013022252126e-06,2.9096269837936006e-10,6.204100344575636e-09,4.334626407809239e-11
battery899.jpg,battery,battery,1.0,1.3220364509292012e-18,5.772411374441915e-15,3.286552555767269e-21,1.4579840901750817e-14,3.4252874186441033e-16,1.0321730889971143e-14,3.9683374671650916e-19
battery229.jpg,battery,battery,1.0,4.028220690622985e-17,2.186880451032769e-12,1.491489293181658e-10,1.1714652858874075e-10,7.038712061119279e-12,5.197807462220538e-12,2.0539412184938932e-12
battery239.jpg,battery,battery,0.9981364011764526,2.9194973194535123e-07,5.398905614129035e-06,3.411272700759582e-05,9.658127964939922e-05,0.0001065024480340071,1.1917081792489626e-05,0.0016087166732177138
battery839.jpg,battery,battery,0.9032695293426514,4.6575223677791655e-09,1.1610413325202629e-10,6.46375264423682e-09,0.09672962129116058,5.545175696397564e-08,7.998714863788337e-07,8.576954702022022e-10
battery606.jpg,battery,battery,1.0,1.0821934470859807e-17,1.3668319206936428e-16,5.154419100740493e-15,5.1455980996277864e-15,2.094470565950149e-13,1.0757905423962062e-14,1.5614976488480953e-13
battery130.jpg,battery,battery,0.8667659163475037,1.402399116973152e-11,8.168145271270078e-09,0.04987369850277901,0.08335721492767334,1.7823250431092674e-08,3.0474529921775684e-06,2.74893441343238e-11
battery4.jpg,battery,battery,0.9998766183853149,2.129838527764605e-09,1.52166342104465e-06,7.429608376696706e-05,1.317787518928526e-05,3.276552085207385e-10,3.439981082919985e-05,3.8150682613036224e-09
battery110.jpg,battery,battery,1.0,1.0843267922078692e-15,6.93632366713208e-14,1.0678208199834023e-16,5.9090276074980075e-12,5.4504405139601045e-14,3.4020434039327974e-12,9.410804384032967e-13
battery651.jpg,battery,battery,1.0,1.3132245734118562e-19,1.1374087455906303e-17,3.348788432106219e-16,8.068117201028279e-17,7.841545338407863e-13,3.536716826316893e-15,4.1899898264516344e-13
battery423.jpg,battery,battery,1.0,1.4879892836546643e-13,2.6185475110533348e-15,8.222693630589167e-14,7.256367273549003e-13,1.9598178230284275e-15,7.306186905475798e-12,1.392517150851022e-13
battery653.jpg,battery,battery,1.0,3.5898583929520396e-18,4.5750991584935375e-18,1.4609294329837041e-10,1.4275748280983408e-13,5.446041533051834e-15,3.9155748007011285e-14,1.918844044161011e-13
battery272.jpg,battery,battery,0.9999992847442627,7.944191415809598e-10,3.1962135160767957e-09,7.459971129719634e-07,3.10341002895953e-10,8.477582351396062e-12,3.2161859842005924e-09,1.811837069265465e-10
battery408.jpg,battery,battery,1.0,3.9896717182676296e-15,2.176485554283847e-12,7.728120443931119e-13,2.766130694723673e-13,1.541361032949065e-13,2.1865706944720897e-13,1.9066306693182877e-12
battery421.jpg,battery,battery,1.0,3.011545526843129e-11,5.958588223525796e-12,2.0592730645696555e-11,2.2031002022693258e-11,1.5563596147526865e-13,1.1879486110089044e-11,5.242249776632457e-13
battery697.jpg,battery,battery,0.9761931300163269,2.9801697134373972e-12,0.021956700831651688,2.404765382379992e-06,1.1415338008191611e-07,0.001826838357374072,2.0797771867364645e-05,1.002141772343812e-10
battery57.jpg,battery,battery,1.0,6.398044529072611e-13,6.022550947532013e-12,3.868060871603518e-10,4.251681229305859e-09,1.4439186608525278e-12,3.771541239039333e-12,1.1485813689038338e-10
battery226.jpg,battery,battery,0.998974084854126,8.349441693589199e-10,0.0007429806864820421,2.4082482923404314e-05,2.660537211340852e-05,1.458039059798466e-05,0.00021748794824816287,2.4807849285934935e-07
battery867.jpg,battery,battery,0.9999990463256836,1.903339014175387e-10,2.4318749236584836e-09,1.1761534857157585e-08,1.0625828394950076e-07,5.183042262046911e-08,6.61409416125025e-08,7.059522317831579e-07
battery341.jpg,battery,battery,1.0,2.427149592421074e-10,1.9317954180753105e-10,2.707833246518021e-08,2.482224148447898e-11,1.4099976394787994e-11,4.053896329736517e-09,4.4737893944990503e-11
battery187.jpg,battery,battery,0.9999996423721313,4.0480971710572106e-14,5.469603880925433e-09,4.429898966097981e-14,9.72951386124521e-10,1.9722843358493947e-09,3.1280842449632473e-07,3.858248356219951e-12
battery142.jpg,battery,battery,0.9999997615814209,2.852428779376424e-17,2.3323449074852398e-11,2.276260343408998e-12,2.538116632422316e-07,4.2768384320157615e-12,3.241864676012396e-12,4.270380164934917e-13
battery885.jpg,battery,glass,3.243817263864912e-05,6.012272457667223e-09,4.6760725069816544e-08,0.9961234927177429,0.0037909310776740313,1.3278496453494881e-06,5.0842470955103636e-05,9.849679827311775e-07
battery854.jpg,battery,battery,1.0,3.875221473467576e-15,2.2248836887422963e-13,3.903427670611144e-14,8.572674362918031e-13,4.047689578802992e-14,3.7221561943745485e-10,1.5902644479037775e-10
battery22.jpg,battery,battery,0.9885187745094299,8.941228912817678e-08,5.067119218438165e-06,4.463100776774809e-05,0.01106033194810152,0.00028605046099983156,8.444256673101336e-05,5.574902388616465e-07
battery529.jpg,battery,battery,1.0,3.237156463824642e-20,1.2607900131423049e-16,1.3449959936485782e-14,3.790941483457536e-16,6.148618940382544e-14,1.6696010418930547e-15,1.5736034164663807e-17
battery94.jpg,battery,battery,1.0,1.2348700621084285e-12,1.4706943995967947e-11,1.1086170176310972e-11,1.7516427761390951e-12,6.315893641417603e-11,1.8505950244440683e-11,1.3040402091490932e-10
battery842.jpg,battery,battery,0.9999991655349731,1.3664954584546862e-11,1.8717838390358565e-10,3.6855818397185658e-09,2.6650301965247536e-09,5.943804737285063e-08,6.726024821546162e-07,5.151317594709326e-08
battery933.jpg,battery,battery,1.0,7.179985230497399e-13,7.787853140150958e-10,1.9554131924781615e-10,2.5214170751297615e-09,5.3373887205559675e-14,3.285348745439218e-14,3.0753080203921312e-12
biological739.jpg,biological,biological,6.561746146438452e-10,1.0,5.695633767003943e-16,8.582031569767667e-13,3.208734319914974e-11,4.658332867599094e-16,1.9901284396481311e-13,2.0282124504195087e-12
biological205.jpg,biological,biological,2.06747336051194e-06,0.9999966621398926,9.621246854774057e-11,9.39651727094315e-07,8.514958516059323e-09,5.122696364323609e-11,2.800559570914629e-07,8.374967386259868e-10
biological579.jpg,biological,biological,9.89054541392087e-13,1.0,1.4865162255967533e-14,2.8238250626699823e-10,4.521017674813388e-12,2.2656995637276856e-13,3.3622500617003226e-11,1.7755041881173383e-09
biological981.jpg,biological,biological,2.256651310261759e-09,1.0,5.796908499012751e-14,1.7245560882117594e-11,5.87556696005076e-13,1.82133344864277e-12,6.060257157214366e-11,1.3200102469412833e-11
biological652.jpg,biological,biological,1.2742889055061823e-07,0.9926517605781555,4.1511097492730187e-07,0.0007257935940288007,5.739022071793443e-06,4.217727473587729e-05,1.6633563063805923e-05,0.0065574077889323235
biological727.jpg,biological,biological,7.856655770410725e-08,0.9825080037117004,6.775834754391141e-11,0.01745673082768917,8.432763931587317e-10,2.6657407943275757e-06,3.243479295633733e-05,1.9383640526005053e-11
biological547.jpg,biological,biological,0.00016762016457505524,0.9952499866485596,4.189151070477237e-08,0.003949536941945553,3.2537878723815084e-05,3.9040239130372356e-07,0.0005982971051707864,1.6895752423806698e-06
biological609.jpg,biological,biological,1.3040063473468422e-09,0.9999772310256958,2.0549046908513446e-09,1.6480751128256088e-06,3.307162188548318e-08,4.1503032122136574e-08,2.1038846170995384e-05,2.459105488683555e-11
biological494.jpg,biological,biological,1.0393939181563283e-10,1.0,2.407658274139468e-11,1.5244744133724453e-08,6.930075870797969e-12,2.3107293856128308e-10,5.413626144590289e-11,2.471435556206103e-10
biological588.jpg,biological,biological,4.428701762954068e-12,0.9999973773956299,1.5134414554918152e-11,2.6557788714853814e-06,1.5463175878638324e-11,9.661729055698842e-11,8.510008253637125e-10,8.60696047766396e-09
biological805.jpg,biological,biological,1.8978442081762914e-11,1.0,4.97933866109245e-15,1.531656398934267e-11,7.836984641969302e-13,4.300040344954424e-14,2.527626198622901e-11,9.118443777822449e-10
biological806.jpg,biological,biological,1.4219636135237579e-08,0.9999405145645142,1.6425828253986696e-13,5.9299789427313954e-05,3.980439533535218e-09,1.8506545984564582e-07,9.127371747297275e-09,6.293818005827234e-13
biological138.jpg,biological,biological,4.8873162461493536e-11,1.0,9.341381834726548e-13,1.6847402362074604e-09,1.1102623265202283e-09,1.52926715735191e-09,1.5183954787945098e-11,1.0648093518028645e-11
biological826.jpg,biological,biological,3.5918418846841993e-12,1.0,9.253931849322397e-14,3.7508340877678847e-10,2.137494174714316e-11,3.1172092684883523e-11,1.647944974925153e-11,9.221011974813731e-12
biological900.jpg,biological,biological,1.2945998439928275e-12,0.9999966621398926,1.3878572069359052e-08,3.162318989780033e-06,1.4921196500594647e-09,9.329355776799275e-08,1.773387303671825e-08,1.9039715550700498e-12
biological771.jpg,biological,biological,3.024964653763895e-11,1.0,8.441211190321832e-14,5.332001767194283e-12,1.0199593253323869e-10,3.919838675869869e-08,1.867692223100903e-09,2.090575490498736e-09
biological641.jpg,biological,biological,1.3721992218052037e-06,0.9999322891235352,2.18426166043173e-07,6.51201480650343e-05,5.039959205532796e-08,1.0170148811994295e-07,6.976192139518389e-07,1.416598109926781e-07
biological203.jpg,biological,biological,7.135549822123721e-07,0.9999992847442627,4.853394595938365e-12,8.96962393248657e-10,2.1789587911769104e-09,1.775150026972483e-10,6.39836308935493e-11,6.599241292315483e-11
biological736.jpg,biological,biological,2.677362331837685e-09,1.0,4.571001719329256e-17,8.082461783187611e-12,1.0213598630043341e-12,2.866396898483503e-13,3.011814442288596e-08,1.292639661976125e-09
biological397.jpg,biological,biological,1.6230088384361352e-09,0.9999971389770508,9.40288905765252e-12,2.826845502568176e-06,4.167557854373172e-09,3.775385004622933e-10,3.427578931791686e-08,8.136656626245298e-11
biological125.jpg,biological,biological,7.094488885250883e-11,1.0,1.8498232112751367e-10,1.6325153034957296e-11,9.0176272005138e-10,2.071025351213507e-09,6.147045372717486e-11,2.4181283711510737e-11
biological200.jpg,biological,biological,7.023356118907031e-08,0.9999997615814209,1.763012826005994e-11,2.9919784427789864e-09,9.574402604073384e-09,6.812361874608541e-08,3.471321494141755e-11,2.706140173058813e-11
biological197.jpg,biological,biological,3.838671602807153e-09,1.0,2.0955197646554957e-11,8.6932029500289e-13,5.330293064570446e-12,1.6804980801018998e-12,1.3691022057379931e-12,2.894436602830959e-14
biological765.jpg,biological,biological,2.651938224573769e-09,0.9999306201934814,7.369393428824367e-10,3.1762132923773834e-09,1.9002978746129884e-08,6.939916784176603e-05,1.557285078668258e-09,2.113717621071709e-12
biological604.jpg,biological,biological,1.7104789806765552e-10,0.9999971389770508,2.692636114076663e-09,2.8475935778260464e-06,4.187991109461109e-08,1.1508971553553238e-08,3.3907265883925675e-10,4.7615657944310996e-11
biological717.jpg,biological,biological,1.6100059653523235e-12,1.0,6.161079959706957e-16,7.881792996045078e-09,5.742747857112596e-12,5.0414728815229015e-12,1.071981316647791e-13,8.906839299232137e-18
biological351.jpg,biological,metal,0.00011426820856286213,0.31061384081840515,0.0012274690670892596,2.5529980121064e-06,0.6874973177909851,0.0001955570769496262,2.2023639758117497e-05,0.00032697018468752503
biological914.jpg,biological,biological,1.7141266704656655e-12,0.9999960660934448,4.5241751678304354e-08,4.673337983263082e-08,5.385826540305061e-08,3.9001145069050835e-07,3.467624992481433e-06,3.511947954670802e-10
biological38.jpg,biological,biological,1.1326059393468313e-05,0.9957389831542969,3.586394825561001e-08,0.0036103036254644394,5.430597482813937e-08,0.0006387745379470289,5.462159720082127e-07,1.5420216215034088e-08
biological50.jpg,biological,biological,6.746164182835912e-10,0.9995135068893433,1.0673057886378956e-06,1.5902685390756233e-08,1.6495500521074291e-09,1.600952925784327e-09,1.0049024012914742e-07,0.0004852708661928773
biological852.jpg,biological,biological,4.0036979044089094e-05,0.9989854693412781,1.529883064677051e-08,1.6369028799090302e-06,5.318387508168598e-09,0.0002660188765730709,0.0006907726638019085,1.599524875928182e-05
biological416.jpg,biological,biological,1.510692126949209e-09,0.9999996423721313,8.898887182695603e-11,1.579085129321811e-08,1.920550741010829e-12,8.590963357368864e-11,2.973131358885439e-07,5.965232752203065e-10
biological960.jpg,biological,biological,2.5306445307349268e-12,1.0,1.0052968182840301e-16,1.58381589093759e-11,1.588927828286707e-13,1.619230872431862e-14,5.154030956362743e-13,6.8993066468237e-12
biological417.jpg,biological,biological,0.0001857812749221921,0.9990610480308533,8.15038418977565e-08,0.0005793027230538428,5.511590279638767e-05,4.6305135725788205e-08,0.00010026832751464099,1.8425229427521117e-05
biological689.jpg,biological,biological,3.7661582186210296e-11,0.9999997615814209,1.613134647561465e-12,1.1497186536146842e-10,1.5741308256878028e-10,3.6544691717210753e-09,1.0999769273212223e-07,1.255374826314437e-07
biological482.jpg,biological,biological,6.544941425090656e-05,0.9995961785316467,1.0265697625300163e-07,0.00015389922191388905,2.9333284246035873e-08,4.634591377339348e-09,0.00018259069474879652,1.718422822705179e-06
biological782.jpg,biological,biological,1.1382118164648958e-10,0.9999984502792358,7.404921120723884e-10,5.852688289564867e-08,2.4839479806360032e-08,1.3878146774004563e-06,2.2459591131340773e-10,5.445159700911972e-08
biological801.jpg,biological,biological,7.152054060099999e-09,0.9993104934692383,5.639984035354928e-09,0.0006527343648485839,1.910508196090177e-09,5.694213101037349e-09,3.100854155491106e-05,5.825482730870135e-06
biological486.jpg,biological,biological,1.447932440612476e-09,0.9984002709388733,1.7242209450572116e-13,2.0473469703574665e-05,3.142670290667837e-10,5.986636551824631e-06,0.0015733628533780575,2.34757768780014e-10
biological121.jpg,biological,biological,0.00011897700460394844,0.9995630383491516,7.468410103683709e-07,1.2389513130983687e-06,0.00031196317286230624,4.523139196521697e-08,9.142802355199819e-07,3.036573389181285e-06
biological328.jpg,biological,biological,7.599978744110558e-07,0.9999641180038452,4.854882007521155e-08,3.48050998582039e-05,1.970375640425459e-09,7.71078418893012e-08,2.9543782531504803e-08,1.0952588525015017e-07
biological57.jpg,biological,biological,2.2390946696759784e-07,0.9986429810523987,1.3840730783698518e-09,2.984159834795719e-07,6.564416565879583e-09,1.9208780486223986e-06,0.0013533869059756398,1.2066109320585383e-06
biological622.jpg,biological,biological,3.212811267028215e-11,0.9999938011169434,7.321999452060413e-13,2.782834795933553e-10,8.47783093727017e-11,3.4141134364062964e-08,6.244937594601652e-06,8.821819143245424e-12
biological895.jpg,biological,biological,2.7371055422165114e-10,0.9201469421386719,1.3045617208717886e-07,0.07941847294569016,3.8290483672653863e-08,2.0111198040240197e-08,0.00043439798173494637,2.8531102813644793e-08
biological251.jpg,biological,biological,3.156468419973635e-10,0.999995231628418,2.6509882289360576e-08,6.927541222959133e-13,7.640691279675593e-08,4.650663868233096e-06,3.0493166325307186e-10,1.1201947708186846e-13
biological466.jpg,biological,biological,7.157479361800945e-13,1.0,2.0916079042848507e-17,4.857055267354425e-16,6.553283742856484e-16,2.557117028888868e-16,2.903360885042616e-10,3.103226963252297e-15
biological3.jpg,biological,biological,1.3062234627270186e-10,1.0,4.5017992111873184e-10,9.44943290281941e-11,5.0997426767618315e-12,6.780682959561801e-11,2.0137891354465864e-11,5.770529887261233e-11
biological375.jpg,biological,biological,3.229355005629486e-09,1.0,5.536216970969399e-11,3.0845779489668823e-12,1.3903679639895583e-12,1.0076083079013642e-08,3.7766059723942647e-10,1.6239910805015967e-10
biological807.jpg,biological,biological,1.9156218278304493e-10,1.0,1.6189474890890287e-13,1.4790401792197372e-08,9.796367050896038e-10,4.3280518600453954e-13,4.78610684070957e-12,1.066897628186278e-14
biological244.jpg,biological,biological,1.3103292322708127e-12,0.9999998807907104,5.3648332656733647e-14,1.322300846595681e-07,4.866481092343118e-14,1.2397280424458756e-10,8.952584507060379e-11,3.1573486880542845e-11
biological425.jpg,biological,biological,5.371610101168045e-11,1.0,9.18053407275056e-14,3.05940793532411e-11,3.0112034827417533e-13,1.1911823490204278e-14,8.80703288075324e-11,6.355613887417235e-15
biological543.jpg,biological,biological,1.2586759190469365e-08,1.0,6.037730759800297e-09,7.78041801992313e-13,6.694624854475251e-10,2.2663416282542315e-11,4.252781737879019e-10,2.6527365373785194e-11
biological783.jpg,biological,biological,1.455952428841556e-06,0.9999690055847168,2.2404345045856644e-09,2.8268297683098353e-05,1.3505268725566566e-07,1.128810708905803e-06,1.1830979218530047e-07,2.731604720196401e-09
biological952.jpg,biological,biological,4.060910982484067e-11,1.0,1.5086250391288525e-13,1.8373447208119842e-09,8.982376474564457e-12,3.4874836352116745e-10,3.660541381123039e-08,6.431247201454937e-10
biological134.jpg,biological,biological,0.003412100253626704,0.9965718984603882,4.8546403377258684e-06,6.722898888256168e-06,4.07668977686626e-07,1.7427083776055952e-07,2.7135215532325674e-06,1.2485786555771483e-06
biological365.jpg,biological,biological,1.2238055013824578e-09,0.9999986886978149,7.806831945345039e-07,8.12284994822221e-08,1.2431678442226257e-07,3.669258230587502e-09,2.8435379051394705e-10,2.2255666465298418e-07
biological498.jpg,biological,biological,7.7761200373061e-05,0.9938035011291504,2.2124677343526855e-06,0.006113502196967602,8.956717323371777e-08,7.028629056549107e-07,1.991909357457189e-06,1.5316045676172507e-07
biological517.jpg,biological,biological,2.210059335538972e-08,0.9998868703842163,1.0349479452997912e-05,9.855393727775663e-05,5.003726144536813e-08,4.0740670215200225e-07,1.001258898014612e-08,3.7050417631689925e-06
biological853.jpg,biological,biological,1.5615065649399185e-06,0.9892796874046326,4.781207462656312e-05,0.0017588845221325755,0.004094574600458145,0.0006647424888797104,0.004150284919887781,2.4359251256100833e-06
biological910.jpg,biological,biological,1.0796132876578213e-08,0.9999487400054932,7.215145814143398e-09,5.114149098517373e-05,2.6005519959682033e-10,3.854981056594653e-10,5.997711838290343e-08,7.755762143624167e-10
biological872.jpg,biological,biological,1.5088597038470652e-11,1.0,9.898268836516788e-12,1.0448427678610983e-09,1.0548688589295807e-09,2.057674126573761e-12,2.1786476789298348e-10,1.1533197357208036e-12
biological662.jpg,biological,biological,3.238084289591825e-08,0.9988200068473816,1.3152415823114438e-09,4.994320192963642e-07,1.2161328610815758e-09,5.055117981100921e-06,0.0011744981165975332,1.6885676190625531e-10
biological746.jpg,biological,biological,1.64887235809541e-11,1.0,1.7827588467644965e-17,8.283006225351386e-12,2.06105409974143e-14,6.586371666160787e-14,1.1669197726160707e-11,3.869218720376974e-14
biological537.jpg,biological,biological,1.345109623684948e-08,0.9999994039535522,1.19755290753365e-11,5.45575517207908e-07,2.060240422707693e-09,4.165481154450035e-11,4.2835703872867725e-09,4.0022246627913205e-10
biological147.jpg,biological,biological,4.6138967646491835e-11,0.999998927116394,4.899582961570559e-08,9.451207461097511e-07,9.818744428624626e-11,1.3860772973828261e-08,7.136060986567827e-08,1.3470775606094776e-09
biological253.jpg,biological,biological,1.8812432080878017e-12,1.0,3.986513376352807e-12,1.4634762856863964e-13,6.586171608091718e-10,9.021321190072484e-11,2.5828750488225694e-13,2.118959521735242e-11
biological469.jpg,biological,biological,2.4570726964157075e-06,0.999981164932251,5.1789298544102635e-11,1.6273599612759426e-05,9.238760156904391e-08,1.3439970247830502e-09,8.240756521615822e-09,2.096849582855498e-09
biological639.jpg,biological,biological,1.7518381412173767e-08,0.994442880153656,1.4769164408789948e-05,2.7883654183824547e-05,8.434515308408663e-08,1.3954109817859717e-05,0.005500226281583309,8.696315489942208e-08
biological912.jpg,biological,biological,1.1022673884752976e-09,1.0,3.175425891742238e-14,3.534995646897743e-12,7.0702237467412665e-12,2.3732432907763723e-08,3.480781884945827e-08,1.3423173163273905e-11
biological791.jpg,biological,biological,3.7434125244040217e-10,0.9999991655349731,1.450458541251906e-13,2.9609651619466604e-07,1.7410253239091844e-09,2.623138251750534e-12,4.97528219511878e-07,6.415110664903523e-09
biological837.jpg,biological,biological,4.0901379505520197e-10,0.9999991655349731,2.28309771088675e-09,3.7000155828081915e-08,1.0904195590910604e-07,7.599839477734349e-07,2.4135406562209027e-08,2.4954745301425385e-12
biological315.jpg,biological,biological,1.429056872837009e-08,0.9998447895050049,1.9666337447432625e-09,0.0001385579671477899,9.63205001869305e-11,7.276108604514775e-10,1.648453326197341e-05,1.8854063910112018e-07
biological166.jpg,biological,biological,7.940783447457633e-11,0.9999998807907104,2.2289737059127263e-13,1.7045140299210004e-10,4.183096265751064e-14,1.2086773804043105e-09,9.028700986846161e-08,1.9862817581027883e-14
biological62.jpg,biological,biological,1.8785324858161534e-12,1.0,8.386620287126334e-09,1.0768021890816826e-11,1.9332282302775283e-11,7.896982373578609e-11,1.5755438065312433e-09,3.1670610578515834e-10
biological827.jpg,biological,biological,0.0003451632510405034,0.9989559650421143,0.00029000869835726917,0.00039031729102134705,9.764238484422094e-07,4.1250612525800534e-07,8.213711311100269e-08,1.7075977666536346e-05
biological738.jpg,biological,biological,8.320927835647751e-10,0.9999929666519165,1.5604727051005997e-15,2.1412964734679463e-09,6.773244752610388e-14,1.5797379029902636e-11,6.9932320911902934e-06,7.336556917536541e-10
biological13.jpg,biological,biological,1.5876886472199203e-09,0.9994696974754333,4.139397713487369e-09,7.699628099544498e-07,4.919324419461191e-05,9.521014732172262e-08,4.697592004276885e-08,0.0004801934992428869
biological411.jpg,biological,biological,3.226609024409299e-08,0.9996066689491272,1.257505349849808e-10,0.0002421052340650931,5.004306746769771e-09,2.2054379156255521e-10,0.00012326719297561795,2.7967564165010117e-05
biological442.jpg,biological,biological,7.151181536312837e-15,1.0,6.04076454114276e-15,1.8249968593633814e-14,2.385808056378034e-14,1.5054683888404696e-10,6.475692204688244e-11,1.7317590300680065e-14
biological975.jpg,biological,biological,1.363284207744897e-10,0.9999634027481079,2.392766262904189e-10,3.6422010452952236e-05,5.3667539162693956e-11,4.360274363790495e-09,7.49702806501773e-08,4.144959042662322e-09
biological220.jpg,biological,biological,9.309799597900792e-10,0.9999992847442627,9.386791344212497e-10,5.07181008302382e-09,2.7441773853276175e-10,1.0529739580267261e-10,3.28317439901582e-09,7.683069043196156e-07
biological586.jpg,biological,biological,2.662788756424561e-05,0.9999719858169556,2.34996747394689e-07,3.361954048486382e-09,2.3106272450945653e-08,2.461394421615637e-09,8.247192226917832e-07,3.7388704754448554e-07
biological514.jpg,biological,biological,1.1132482956310863e-11,0.9999994039535522,1.8806753029898537e-12,4.335519179221592e-07,2.8766180409922626e-11,3.10399386194149e-08,1.0548652085162757e-07,1.6637451643155068e-14
biological896.jpg,biological,biological,7.892665687680989e-11,0.9999910593032837,4.231918371289112e-09,1.6683715102772112e-06,1.3686410227364831e-08,3.32079821419029e-08,7.1797753662394825e-06,7.644273836149296e-08
biological528.jpg,biological,biological,1.8545712188178243e-10,1.0,1.7345963554404875e-09,1.966474982850741e-08,7.092909592998353e-10,4.1617054247211627e-10,6.426397174824627e-12,2.2632746371487045e-11
biological690.jpg,biological,biological,3.474192045160862e-10,1.0,9.381529400716553e-15,3.633902532183819e-13,6.590170032946818e-13,4.069693938349618e-16,1.0389038587743649e-11,2.2692026209469862e-13
biological776.jpg,biological,biological,7.22388426854792e-10,1.0,4.906416592453944e-11,1.4089310274023603e-10,3.41284400739994e-09,3.422170047340245e-10,8.115689544008209e-12,5.269967240373319e-10
biological841.jpg,biological,biological,4.169417615389149e-15,1.0,8.333082631332439e-19,5.873479599818182e-14,1.9090569511499844e-13,9.93276721794874e-19,8.191148260160933e-15,1.845400188996843e-14
biological289.jpg,biological,biological,2.5423163574345153e-10,1.0,1.2806593892994433e-12,1.817859640595998e-08,7.93165273044183e-12,1.9579528970359306e-12,1.2844647567789025e-10,1.729872600719773e-08
biological632.jpg,biological,trash,1.7521696804578824e-07,0.008992262184619904,6.104718340793625e-05,4.154730777372606e-05,0.001945315976627171,0.00011314072617096826,4.143673322687391e-06,0.9888423681259155
biological473.jpg,biological,biological,1.7776440042194253e-11,1.0,3.784715943422334e-11,8.131844086989304e-10,1.9275791900141837e-12,4.777492845775555e-10,4.564137956464265e-09,2.4614223548269365e-08
biological388.jpg,biological,biological,4.7847832466973994e-12,1.0,3.3610997912967644e-16,8.208266423330446e-13,2.2892478928129845e-13,1.529062154670413e-10,5.169686012607144e-09,2.4387235937270435e-13
biological479.jpg,biological,biological,2.5108732870648964e-08,0.9999995231628418,3.687935026808198e-11,4.517855245467217e-07,6.956516696021708e-09,1.1467842231382974e-09,6.745047187450837e-09,1.3891321903533593e-12
biological507.jpg,biological,biological,1.0093962471424689e-10,1.0,4.157591371872771e-12,9.355219710016627e-09,4.1897019707748395e-13,5.681756714420727e-12,9.34484920001033e-11,9.497509549649674e-12
biological246.jpg,biological,biological,8.754826724688414e-12,0.9999983310699463,7.746600658720126e-07,3.7509279016134656e-10,6.43128927890757e-09,8.815741239232011e-07,1.2811284255676014e-09,2.1915409931239083e-08
biological666.jpg,biological,biological,3.6382669350132346e-05,0.9995255470275879,1.7636400673204378e-10,0.00041659563430584967,2.7314158614899497e-06,6.306878630457646e-11,1.750934825395234e-05,1.3295818916958524e-06
biological833.jpg,biological,biological,0.0019149640575051308,0.9980518817901611,2.111693930828551e-07,9.831346687860787e-06,9.266565115240155e-08,1.6964547100428717e-08,2.2858152078697458e-05,1.1082971695941524e-07
biological151.jpg,biological,biological,2.0459339111766894e-08,1.0,5.2709217063717437e-14,6.080560055465867e-09,1.2470169211478699e-12,1.3711335018762316e-11,1.1151944981618173e-13,1.0005466236345101e-13
biological391.jpg,biological,biological,1.0513218740015873e-07,0.9999878406524658,5.608897790665424e-09,7.280092639838642e-10,5.894632004732614e-10,1.101065322473005e-06,9.395317647431511e-06,1.5698038851041929e-06
cardboard407.jpg,cardboard,cardboard,9.148919954959922e-10,2.2082714323801156e-08,0.9999988079071045,8.866537655194406e-07,3.9283964525793635e-08,5.168486527651339e-09,9.882350937573392e-09,2.626393040827679e-07
cardboard596.jpg,cardboard,cardboard,4.0095321196531586e-07,8.182499677822364e-10,0.9999977350234985,1.028465703711845e-06,1.5029310418412933e-07,4.724640518816159e-07,5.976958306064262e-08,3.508650081585074e-08
cardboard883.jpg,cardboard,cardboard,4.130801922741512e-09,2.1637443085083946e-13,1.0,2.4942205419098418e-12,2.702839514701072e-11,3.16932280419735e-09,3.5083760983184442e-12,6.26010582347597e-13
cardboard491.jpg,cardboard,cardboard,3.1598387977282982e-06,4.858133451079993e-09,0.9999951124191284,1.4604837588194641e-06,5.0563564002459316e-08,1.4833378259027086e-07,5.168031003144336e-10,2.7873031882563737e-08
cardboard357.jpg,cardboard,cardboard,1.3345070604131593e-09,1.1006553639694456e-14,1.0,1.1126401178434414e-14,1.691782293682803e-13,2.3046504415698103e-14,1.5158099114006424e-13,1.661901275233288e-13
cardboard180.jpg,cardboard,cardboard,6.985244327406548e-11,1.9683939200820788e-10,0.9999998807907104,1.335366955901307e-10,1.4429069050692078e-10,1.3381175278937008e-07,1.328925077620502e-11,2.6073887840483145e-11
cardboard730.jpg,cardboard,cardboard,5.407412828617453e-08,3.238796182358783e-07,0.9999943971633911,7.374599135800963e-07,9.472582007674646e-08,6.4265677224284445e-09,2.9814450499543454e-06,1.4560018826159649e-06
cardboard433.jpg,cardboard,cardboard,5.551020060279299e-11,1.4287401082645375e-14,1.0,5.5956565769843536e-11,3.6239579045971304e-12,2.548143987479712e-12,4.9058010393810206e-14,1.4393973751629374e-13
cardboard545.jpg,cardboard,cardboard,3.45647177546482e-10,6.091690888318987e-17,1.0,2.1892800072809138e-12,1.1492404250468269e-11,2.6167926874855196e-13,7.25070113135164e-15,3.3311438358424057e-15
cardboard502.jpg,cardboard,cardboard,1.435244278980008e-08,7.97547272668453e-09,0.9999957084655762,3.7720978980360087e-06,3.5120589814141567e-07,1.3658413955397464e-08,3.31510396911483e-09,1.0208750467199934e-07
cardboard4.jpg,cardboard,cardboard,1.1622693918411642e-09,3.449386776210872e-09,0.9999998807907104,4.886003823756369e-10,5.435539518483523e-11,1.0767200819827849e-07,3.226571676506751e-09,2.6123208485273608e-08
cardboard869.jpg,cardboard,cardboard,6.660894502630299e-09,4.253278632071478e-11,0.999995231628418,2.0129571112192934e-06,1.551458267412542e-10,1.3528190265787998e-06,7.643675985491427e-07,6.656709956587292e-07
cardboard167.jpg,cardboard,cardboard,1.7196403190311571e-09,7.808936430819813e-08,0.9999997615814209,6.538771746278371e-09,5.987156104225733e-09,1.8808296431416238e-07,8.096627535092438e-11,3.003287840641633e-09
cardboard133.jpg,cardboard,cardboard,2.5414954052394023e-07,1.1456127140263561e-05,0.9997555613517761,4.957265900884522e-06,3.529004970914684e-05,0.00018945067131426185,2.6707705274020554e-06,4.781190341418551e-07
cardboard648.jpg,cardboard,cardboard,1.6966685834063355e-09,1.9755169722301957e-11,1.0,7.065957263741041e-10,2.6832362998163717e-09,3.3147324884907903e-09,3.2659274590285392e-12,1.2832409579388582e-09
cardboard64.jpg,cardboard,cardboard,3.844385787488136e-08,2.0692982882764e-09,0.9996902942657471,7.857927357690642e-07,6.459475088149702e-08,0.0003077747533097863,1.0012872735387646e-06,1.1012757994421918e-07
cardboard210.jpg,cardboard,cardboard,1.034833587709727e-07,1.333768651079481e-09,0.9999977350234985,6.822789799798556e-08,2.319623160218498e-09,1.8581273479867377e-06,1.2018804795843607e-07,1.114213148412091e-07
cardboard201.jpg,cardboard,cardboard,5.8876977959698706e-08,3.6945239116903394e-05,0.9995575547218323,2.934614485639031e-06,0.00038934816257096827,4.7136450120888185e-06,7.963365533214528e-06,4.922783887195692e-07
cardboard265.jpg,cardboard,cardboard,1.7799292040265868e-09,1.702484405541327e-05,0.9998569488525391,7.094256488926476e-06,2.520531324989861e-06,0.00011601373989833519,3.6845344197899976e-07,4.662082719875116e-09
cardboard182.jpg,cardboard,cardboard,7.91408674705174e-11,1.9568807685388379e-10,0.9999929666519165,4.099150352487868e-09,3.6657850366328404e-11,2.26914167456016e-07,6.8169497353665065e-06,4.0150806290828456e-11
cardboard756.jpg,cardboard,glass,2.8654818606810295e-07,0.00011288554378552362,0.1705261617898941,0.8270959258079529,1.0403341548226308e-06,2.699789831694943e-07,0.0001534309412818402,0.0021099946461617947
cardboard289.jpg,cardboard,cardboard,8.665606969771034e-07,1.9198938272513288e-10,0.9999579191207886,1.984599637405715e-11,5.194147334464105e-09,4.1179049730999395e-05,7.742519514408741e-09,9.005753476287737e-09
cardboard824.jpg,cardboard,cardboard,1.7559079523721266e-08,1.9603016880864743e-06,0.9999942779541016,5.08184086811525e-07,1.8753225106138416e-07,1.813866447264445e-06,1.1713133289958932e-06,6.0380527244774385e-09
cardboard838.jpg,cardboard,cardboard,8.712535581878456e-09,8.24429378099012e-07,0.9999991655349731,3.5257596842086514e-09,8.824168062915305e-09,4.630920713566411e-08,4.1973657188831837e-11,3.7477634884375277e-10
cardboard58.jpg,cardboard,cardboard,0.0003971912956330925,2.8492300771176815e-05,0.9989199638366699,2.6024765702459263e-06,6.628800292673986e-06,4.002011337433942e-05,0.0005321395001374185,7.293910312000662e-05
cardboard18.jpg,cardboard,cardboard,2.3900308815383298e-11,2.2087186246633195e-11,0.9999967813491821,7.584019101614103e-08,3.057614716972523e-10,3.081851900788024e-06,3.4687996919302577e-09,1.6580588013681563e-09
cardboard396.jpg,cardboard,cardboard,3.781821305892663e-06,2.3729953765871947e-11,0.9999961853027344,4.616126858536518e-08,2.450042668744601e-10,3.0222861990836236e-09,3.696703387845446e-08,4.604962799970025e-10
cardboard270.jpg,cardboard,cardboard,1.074540136869473e-06,3.291466725841019e-07,0.8138570785522461,0.0024585542269051075,9.747180592967197e-05,0.06363809108734131,0.11287552118301392,0.007071866653859615
cardboard319.jpg,cardboard,cardboard,3.7368556166095246e-11,2.572980717374662e-09,0.9999994039535522,3.4040394947254526e-09,2.3866957299389924e-09,5.847876991538214e-07,1.6304901873098743e-09,4.6409395423885336e-12
cardboard406.jpg,cardboard,cardboard,4.4407435780158266e-05,1.7559225184982097e-08,0.9999281167984009,6.405898147932021e-06,1.2919480468553957e-05,6.517514520965051e-06,1.4945674138289178e-06,1.4485511456996392e-08
cardboard638.jpg,cardboard,cardboard,2.3118026590274177e-11,3.0552851915111034e-10,0.9999728202819824,1.2641953617276158e-07,1.7779967775855e-10,2.684269202291034e-05,2.0464629812977364e-07,3.924611330363703e-11
cardboard516.jpg,cardboard,cardboard,3.266997783413217e-09,5.369712487157674e-12,1.0,4.456809366004677e-10,1.0772295382099895e-11,7.132356510952675e-11,1.1234080072447528e-12,2.246713150808391e-13
cardboard512.jpg,cardboard,cardboard,1.255576753678156e-10,3.81948514699762e-13,1.0,1.87149059270586e-12,1.7618760183440996e-12,5.41085752592263e-12,1.04569640706903e-12,2.7840953826206716e-13
cardboard563.jpg,cardboard,cardboard,2.6251939289068105e-07,4.1690398688842834e-07,0.9898473620414734,3.6821645608142717e-06,5.750524451286765e-06,0.010133382864296436,2.6928373699774966e-06,6.394644060492283e-06
cardboard15.jpg,cardboard,cardboard,1.5380290818711728e-08,2.4184398927928896e-09,0.9999905824661255,1.7829833041105303e-06,1.1887354389727989e-07,1.1398411743357428e-06,1.8062341666791326e-07,6.10059169048327e-06
cardboard435.jpg,cardboard,cardboard,1.3206991056335937e-09,2.7363926554356544e-13,1.0,5.735273714280176e-11,1.489150053268773e-10,3.2602822351568417e-12,2.310229047994272e-12,2.274697357557143e-13
cardboard641.jpg,cardboard,cardboard,1.4347952514981444e-07,8.840229881457162e-09,0.9999998807907104,4.686195875791554e-10,2.7486959375266906e-09,5.080672327295588e-09,8.398985673618853e-11,1.3742365578828242e-10
cardboard135.jpg,cardboard,cardboard,1.5535450703652032e-09,1.2982701025343601e-10,1.0,3.595997805083684e-11,2.420356970400661e-11,5.176536532758291e-08,2.4966315126384586e-10,6.059332896546366e-11
cardboard688.jpg,cardboard,cardboard,3.2358610149024747e-12,2.930656070468732e-14,1.0,1.759372473555086e-14,3.035056269349613e-14,9.375094830229441e-14,1.852696107288018e-15,1.1669898174974241e-13
cardboard56.jpg,cardboard,cardboard,3.791310581452434e-12,2.0918623820989635e-14,1.0,5.818303196007679e-16,1.6491104149264667e-16,2.2910291719302478e-10,2.2866512286098817e-13,2.0495455647310395e-13
cardboard586.jpg,cardboard,metal,3.086595512513668e-08,2.1298963019944495e-06,0.0016106358962133527,3.680382665294246e-10,0.7306084632873535,1.538025173886126e-08,0.00014826578262727708,0.2676304578781128
cardboard813.jpg,cardboard,cardboard,1.5364201577661163e-10,1.4263633829614264e-07,0.9999996423721313,1.7901614057791448e-07,8.45534575688589e-09,5.6065815101646876e-08,7.936898249738533e-09,8.5654976444971e-09
cardboard195.jpg,cardboard,cardboard,1.393256386997277e-12,2.3161806246247503e-16,1.0,2.3708642776061e-15,1.126315794103272e-11,1.2875209232099394e-10,2.885282616126028e-13,5.846713629735489e-13
cardboard355.jpg,cardboard,cardboard,1.4968547930038767e-06,6.383970685419627e-08,0.9999983310699463,1.4737738807113487e-09,1.6769302613184323e-10,6.316060563449355e-08,1.5873766190388494e-10,1.0236376191130603e-09
cardboard553.jpg,cardboard,cardboard,2.3822028083486657e-07,1.1827797630203918e-09,0.9999985694885254,4.1770024949983053e-07,6.205129352565564e-07,9.980038839785266e-08,3.5900136197142274e-09,3.524152702993888e-08
cardboard805.jpg,cardboard,cardboard,7.087262474669842e-07,1.5449942714074183e-10,0.9999991655349731,3.994426478470814e-08,6.622675741141393e-09,1.085726064609105e-09,2.003131133188063e-10,6.135417862651593e-08
cardboard59.jpg,cardboard,cardboard,3.578399088155493e-08,1.4308455809075582e-10,1.0,4.3996378762400923e-10,1.1177607728285466e-09,5.164519367717446e-10,6.373870181652919e-12,2.09758321823017e-11
cardboard478.jpg,cardboard,cardboard,1.981846110832297e-11,5.067142452158668e-13,1.0,2.2989561778785986e-14,1.0011294094072754e-12,2.7119161950805992e-12,3.2390333904591673e-13,3.051981193810671e-12
cardboard888.jpg,cardboard,cardboard,9.723231642055907e-07,9.744028917069159e-10,0.9995144605636597,1.7167229415804286e-08,1.0874386902059996e-07,0.00010450653644511476,0.00016964458336587995,0.00021027133334428072
cardboard9.jpg,cardboard,cardboard,1.2071646633693423e-11,7.945354443816832e-12,0.999618411064148,5.349369303075946e-08,6.872841140648234e-08,0.0003813590737991035,1.955593909030995e-08,1.0095564384471345e-09
cardboard685.jpg,cardboard,cardboard,2.8707977435260545e-06,5.981761205475777e-06,0.9999645948410034,2.1794718122691847e-05,2.0284244328649947e-07,3.6772694329556543e-06,2.9934915346530033e-07,5.522649644262856e-07
cardboard859.jpg,cardboard,cardboard,1.502652025919815e-06,1.2633235603465298e-11,0.9999984502792358,1.1597249549577526e-10,7.362246923214855e-11,4.989915702857672e-10,1.519992465226494e-11,1.9841841711332187e-11
cardboard34.jpg,cardboard,cardboard,2.840249910263104e-11,4.7734888958261834e-12,1.0,2.985043323633363e-08,1.8374548410582392e-11,9.68920166322107e-10,1.9500294712315736e-08,9.931861583156731e-11
cardboard814.jpg,cardboard,cardboard,1.8475857288535735e-08,5.552016091314727e-07,0.9999674558639526,3.1530402338830754e-05,2.0618896812152343e-08,3.186665864518545e-08,1.0106036540946661e-07,2.7292310278426157e-07
cardboard863.jpg,cardboard,cardboard,4.6210110737909815e-10,1.291269535741435e-09,1.0,4.233320360924608e-09,2.1270551986418695e-10,2.1419925555488106e-10,3.4725773367938473e-09,3.319496455489457e-09
cardboard774.jpg,cardboard,cardboard,4.5294230588410755e-09,2.2949685554718435e-11,1.0,2.3402038085151844e-09,4.275830037259176e-11,1.604859856119134e-10,4.169851575142047e-09,3.363324507787979e-09
cardboard209.jpg,cardboard,cardboard,1.066101807528641e-11,6.8048848213221255e-15,1.0,8.277118716175456e-15,5.511478216359018e-15,3.450758775946916e-11,1.666897956470459e-13,4.177302221578666e-13
cardboard864.jpg,cardboard,cardboard,2.089137183247658e-07,0.00027913509984500706,0.9997037053108215,4.931961029797094e-06,3.151377114818388e-08,3.1436913072724337e-09,4.8963197514240164e-06,7.085901415848639e-06
cardboard117.jpg,cardboard,cardboard,1.6726410837983319e-12,9.458450480977411e-18,1.0,3.9258322744011715e-19,7.886245727665184e-16,2.2455008772542806e-13,1.5428146621887485e-16,4.189068442275759e-18
cardboard80.jpg,cardboard,cardboard,7.522907630175268e-09,7.816093328116835e-10,0.9999728202819824,7.649333944037551e-10,1.8120489553297148e-09,2.7173511625733227e-05,9.701697223363226e-10,1.6167112787401905e-11
cardboard579.jpg,cardboard,cardboard,2.0650102783292823e-07,8.50314840761257e-09,0.9999839067459106,1.286409201384231e-08,1.27240537040052e-05,1.687676217443368e-06,6.173830797706614e-07,9.605209925211966e-07
cardboard650.jpg,cardboard,cardboard,1.1897489002876682e-06,8.171940457657456e-09,0.999980092048645,6.107996796345105e-06,7.426132810905983e-07,1.1688201993820257e-05,2.0341899187314993e-07,1.70052985026814e-08
cardboard223.jpg,cardboard,cardboard,1.4535703751761275e-09,6.19537976476181e-10,0.8699095845222473,5.336032060654361e-08,6.852661493805812e-11,0.1300896406173706,7.522338023591146e-07,7.325595241525207e-09
cardboard410.jpg,cardboard,cardboard,2.4435320433724428e-09,4.0833146641716667e-08,0.9999994039535522,3.862967901113734e-08,1.1505326691363393e-09,4.958841373081668e-07,2.007490174094073e-08,2.6554486040608616e-11
cardboard782.jpg,cardboard,cardboard,0.00093420734629035,0.000193456988199614,0.5636183619499207,0.36711758375167847,0.06074802577495575,0.004011254291981459,0.002804406685754657,0.0005726791569031775
cardboard282.jpg,cardboard,cardboard,2.398198262199003e-07,1.5896202756882083e-11,0.9999997615814209,1.0032720097405412e-12,4.989691645973515e-11,2.0396748734441417e-09,2.014717459530857e-08,5.818422188497152e-09
cardboard654.jpg,cardboard,cardboard,4.034473199965305e-09,1.2412298619479678e-11,1.0,1.5599758984574663e-10,3.2417823980779303e-10,5.295567803709211e-11,7.505434939996877e-14,2.426219225526438e-10
cardboard233.jpg,cardboard,cardboard,6.601348800927553e-09,3.682299798413169e-09,0.9999990463256836,3.424788630468356e-08,8.833652032080863e-08,7.595765509904595e-07,5.943894620941137e-08,7.430817072773266e-10
cardboard735.jpg,cardboard,cardboard,2.025267065164371e-08,5.042218864659276e-10,1.0,6.197142354835705e-09,1.9132857520531843e-09,1.4099069134410058e-10,1.1923893816767617e-10,1.1998829485548868e-08
cardboard150.jpg,cardboard,cardboard,3.359427753341082e-12,1.032937637875965e-13,1.0,2.7909830903235762e-15,7.66643346028495e-12,2.1643862049836038e-11,4.045644375061386e-10,1.0285805681579246e-14
cardboard230.jpg,cardboard,cardboard,9.266419147843999e-14,6.798905992941817e-18,1.0,4.997525821663649e-17,1.5009961860674298e-13,7.503030721679391e-14,1.3667095883837521e-12,3.75338124670581e-18
cardboard409.jpg,cardboard,cardboard,0.00024113857944030315,2.6323830752517097e-05,0.8652029633522034,5.2232950110919774e-05,0.12593352794647217,0.008320904336869717,0.00022085198725108057,2.108280796164763e-06
cardboard845.jpg,cardboard,cardboard,0.00017214508261531591,3.73194689018419e-06,0.9996428489685059,6.6714572312776e-05,4.021788754471345e-06,2.111531466653105e-05,8.950712799560279e-05,1.2822158446113008e-08
cardboard98.jpg,cardboard,cardboard,5.941175995616277e-09,6.625678139471347e-08,0.9999998807907104,2.0398773781238333e-09,2.553115940884254e-08,3.0383667137812154e-08,1.0073622824791073e-08,5.532999614032974e-10
cardboard639.jpg,cardboard,cardboard,1.3018564004596556e-09,8.185627197766776e-13,1.0,5.61874236026938e-09,6.588458112410933e-10,1.3798548414989398e-10,1.5850648571458237e-10,2.1289902132903826e-11
cardboard337.jpg,cardboard,cardboard,3.79301971775714e-11,4.634783667967213e-09,1.0,5.992203125837134e-14,4.565857067428958e-11,2.2015662182184315e-08,1.7738692736912753e-09,2.887665384587734e-10
cardboard137.jpg,cardboard,cardboard,1.3763391815135861e-10,5.755094734105626e-10,0.9999971389770508,7.605616580974583e-09,5.2572796810368416e-11,2.2673934836348053e-06,4.774626063408505e-07,5.312293538395352e-08
cardboard662.jpg,cardboard,cardboard,3.57778806581166e-10,4.752036776773695e-14,1.0,1.7028535526097954e-10,1.4039823748035474e-09,1.9395966777135953e-10,2.036263302071517e-12,9.085692267984946e-12
cardboard498.jpg,cardboard,cardboard,1.0249245896432058e-10,1.7866719659309638e-08,0.9999983310699463,1.5299569611215702e-08,9.933407874029854e-09,7.735047233836667e-07,8.521196264155151e-07,3.769951018028905e-09
cardboard508.jpg,cardboard,cardboard,6.095565652231016e-08,1.7759435588793338e-10,0.9999998807907104,3.2891620538322286e-09,9.952301482929471e-11,2.634543451451865e-11,9.154423746826623e-11,1.1274123995486107e-10
cardboard625.jpg,cardboard,cardboard,2.9045503849300935e-11,2.5581696049686853e-13,1.0,9.382612959143999e-13,3.260734781143637e-13,1.9007838109475622e-13,4.6490152934210594e-15,3.0087101565582156e-14
cardboard535.jpg,cardboard,cardboard,2.108613372797663e-08,3.912973244035722e-12,1.0,8.219499299938482e-13,1.57466338687913e-13,4.1464862142806536e-13,5.037159925280754e-11,1.8020940642515804e-11
cardboard603.jpg,cardboard,cardboard,8.522558658796697e-09,5.969010702377986e-11,1.0,1.4610380960622393e-10,2.006779985241902e-11,4.781403606379797e-10,2.30463200606712e-11,1.1547031386616169e-10
cardboard561.jpg,cardboard,cardboard,2.80297087623671e-11,1.606596383707526e-10,1.0,1.9997075176303447e-11,1.229062684959814e-10,2.2886618988859908e-10,9.714112110190132e-13,3.481176735764535e-10
cardboard239.jpg,cardboard,cardboard,3.048136049121908e-11,6.662644741473045e-11,0.999972939491272,1.2444415289913913e-11,3.36923516863763e-10,2.70535601885058e-05,8.443097776478226e-09,5.781564029611053e-12
cardboard248.jpg,cardboard,cardboard,7.336003332580887e-11,1.169092898661503e-13,1.0,3.051046896141059e-14,7.545553130884272e-14,1.8358243814020625e-09,1.520142085126297e-12,1.0226692946256263e-13
cardboard701.jpg,cardboard,cardboard,8.507795357104442e-09,2.287643859066879e-11,1.0,1.8224005415845568e-08,1.870126942193906e-09,1.7974693733435743e-08,1.8268533907850326e-10,7.224294079621885e-11
cardboard123.jpg,cardboard,cardboard,9.372332954171725e-08,0.0002545453025959432,0.9994773268699646,0.0002269143151352182,6.464625130320201e-06,3.464170504230424e-06,2.915790355473291e-05,2.026866695814533e-06
cardboard49.jpg,cardboard,cardboard,8.177599930547785e-09,2.665716536398577e-09,0.9983830451965332,2.0454766352928644e-11,5.64876756481425e-10,0.0016167311696335673,2.3168452401023387e-07,1.061010923564254e-08
cardboard386.jpg,cardboard,cardboard,1.6232177824093696e-09,4.250290050467065e-11,1.0,9.050977849145436e-12,7.974798599263977e-11,7.582892647128858e-10,9.388587726266023e-14,9.193774214155681e-12
green-glass615.jpg,glass,glass,1.801414445672285e-14,1.8230753084935714e-06,1.3070433271941337e-14,0.9999982118606567,1.1345061175227489e-12,4.582399116734824e-15,1.4356522637370972e-09,1.412009344083781e-13
white-glass740.jpg,glass,glass,9.888745378106023e-11,9.043699627066595e-15,5.342109213995192e-16,1.0,8.113654740475942e-14,5.740212749572038e-10,1.7303251515190707e-15,2.061767640296197e-12
brown-glass300.jpg,glass,glass,3.323919264830444e-12,3.570579248934891e-11,1.4177018066441338e-11,0.9999959468841553,3.009336069226265e-06,1.5271133966751615e-12,1.0612503729134914e-06,3.217219242748759e-12
green-glass99.jpg,glass,glass,2.875565341398101e-10,7.767448351181372e-10,1.576461322594369e-10,0.9999933242797852,8.802108486527516e-10,2.760550676939033e-10,6.669110462098615e-06,2.380250337108425e-11
glass65.jpg,glass,glass,7.041390311535861e-14,1.6565827807684666e-15,3.418672747776581e-14,1.0,4.787296253860873e-11,1.279504605565529e-12,2.3523225589627828e-09,2.741408634200946e-16
glass431.jpg,glass,glass,4.277948217890071e-09,1.6527906820940075e-10,2.139444603699303e-07,0.999990701675415,4.05413288717682e-07,6.936333107887549e-08,7.0408832471002825e-06,1.5259206520568114e-06
white-glass493.jpg,glass,glass,2.9528945478043966e-13,1.0264489589241824e-13,8.666562611872944e-14,0.9999983310699463,2.4066030418490314e-11,2.516310456442822e-13,1.6814142327348236e-06,6.242005339256868e-14
glass480.jpg,glass,glass,1.4177067722900838e-12,5.26347108359253e-20,2.7347970126520343e-16,1.0,2.4626197348692758e-12,4.512172462110917e-15,5.105647904457555e-09,1.5641406356948966e-18
white-glass560.jpg,glass,glass,9.676972695160657e-05,5.952821879873227e-07,4.980756057193503e-05,0.52619469165802,0.005153438542038202,4.191735314407197e-08,0.46848148107528687,2.322435648238752e-05
white-glass391.jpg,glass,glass,1.5884722870396217e-07,1.422935611117282e-06,4.119574459338082e-09,0.9984791874885559,7.387237843659022e-08,5.111537149105061e-08,0.0015187812969088554,3.8767453247601225e-07
brown-glass605.jpg,glass,glass,8.36528811495123e-25,2.082255800279326e-15,1.2729640168272489e-23,1.0,1.0355508209751621e-18,1.3669641269353074e-21,3.207388689271302e-18,3.625358545306243e-21
green-glass56.jpg,glass,glass,1.068586698238505e-06,4.2707487324378235e-08,4.6985405788291246e-08,0.9998774528503418,9.94587594504992e-07,3.676400126551016e-07,0.00012002990843029693,1.3445243807197471e-09
white-glass401.jpg,glass,glass,1.7957586372768786e-12,2.5478328780081938e-08,4.6681276899551705e-11,0.9999997615814209,9.063346340099088e-08,9.317763227656428e-10,9.29975101371383e-08,7.271845452183623e-12
glass218.jpg,glass,glass,4.548250339721227e-13,1.085018576721386e-13,1.0326474397803764e-10,0.9990922212600708,1.5487646578549175e-06,2.4921220642681874e-07,0.0009060088777914643,2.3692950379405886e-11
brown-glass544.jpg,glass,glass,9.666810365160927e-05,1.574532682013796e-08,0.07141642272472382,0.9253838062286377,3.310036481707357e-05,0.0001647138997213915,0.002903189742937684,2.1500409275176935e-06
white-glass390.jpg,glass,glass,3.912799446427473e-13,1.692487643090157e-11,1.965183604695716e-17,1.0,1.1961684084644403e-14,3.8174964295751014e-17,2.636619100826465e-08,5.569132360946829e-15
brown-glass157.jpg,glass,glass,1.7710366591927595e-05,0.0006230150465853512,0.0021831647027283907,0.9970138072967529,1.4078159438213333e-05,0.0001068158308044076,3.979056782554835e-05,1.5826394701434765e-06
brown-glass465.jpg,glass,glass,0.2672733664512634,0.09921085834503174,0.0022432550322264433,0.6304043531417847,9.314452472608536e-05,0.000552381738089025,0.0002210519596701488,1.6595529359619832e-06
green-glass405.jpg,glass,glass,3.6930419833325345e-10,2.832209727160473e-12,3.739778575861008e-16,1.0,2.1142904592895417e-13,1.1928486236315881e-18,7.788659495133743e-09,6.521885819688543e-16
green-glass4.jpg,glass,glass,7.762471909700253e-07,1.4737916442797427e-10,4.219718352516111e-09,0.9999593496322632,1.4149263094509479e-08,2.0195558558810944e-09,3.9842638216214254e-05,1.549505590503486e-08
white-glass242.jpg,glass,glass,7.57882290258749e-09,1.2263592363837006e-09,4.28743901492723e-10,0.9998002648353577,9.339685969056433e-11,4.563713851268858e-09,0.00019971540314145386,3.4370943868822224e-09
green-glass419.jpg,glass,glass,2.3155628210735044e-23,1.9794244368598335e-11,2.1451216664200847e-20,1.0,5.609678766031986e-18,4.352428089417264e-22,1.9655166383358846e-10,2.7876668420807535e-20
green-glass68.jpg,glass,glass,1.1075427380768943e-10,7.687216807862065e-16,3.7797163402603084e-13,0.9999932050704956,2.2801425814122922e-07,2.2844822821638244e-13,6.58732187730493e-06,2.5324620173766633e-16
white-glass636.jpg,glass,glass,2.749709314409099e-12,7.73241117402873e-13,2.972446929080805e-16,1.0,1.171146291056857e-09,3.0325653013058007e-12,2.5646554324687543e-11,2.5336390971353318e-12
white-glass456.jpg,glass,glass,4.3388648624214776e-16,2.361774664727534e-11,9.893383787445802e-15,1.0,1.220149398184489e-10,7.511392630934685e-14,1.0255570614958742e-08,2.1851032268316306e-13
brown-glass217.jpg,glass,glass,1.0838570041471485e-08,6.429286898874953e-13,3.271206276776045e-13,0.9999998807907104,5.1054670907602073e-11,8.871369757508171e-14,1.2445060804111563e-07,1.646165842528191e-12
glass19.jpg,glass,glass,2.687408273764596e-18,1.8838380015127613e-17,2.025195298732598e-14,1.0,1.4653841473588614e-09,1.831496990200611e-14,2.0866423866561234e-10,2.086419165738428e-18
brown-glass386.jpg,glass,glass,5.671363396686502e-05,3.628280315082222e-11,1.8561956949270098e-07,0.9988899827003479,0.00013605839922092855,0.0009170189150609076,2.1631871405247693e-08,1.3510581542419686e-10
glass269.jpg,glass,glass,2.7164036645044298e-11,4.357586611426073e-13,1.270056948499132e-09,0.9998561143875122,1.7420235963072628e-05,9.24823967407562e-11,0.0001264593593077734,2.3646540281418993e-10
white-glass612.jpg,glass,glass,3.688655070277491e-08,1.3225204931188728e-08,4.13196277193606e-09,0.9999986886978149,1.36281059326393e-07,3.867910436383681e-09,1.1725322792699444e-06,6.756371906391223e-09
brown-glass583.jpg,glass,glass,2.5490734176112442e-30,5.64927497137671e-19,2.2151150662917847e-28,1.0,1.2233413021366436e-26,2.996130455143092e-28,3.6612885407732906e-19,3.7027486146901787e-28
glass385.jpg,glass,glass,3.627447786591631e-10,1.1355433737411658e-12,8.567572762352427e-10,0.9998400211334229,3.44886866514571e-05,2.0333366101965566e-09,0.00012544331548269838,2.5660493695178754e-12
green-glass427.jpg,glass,glass,1.192110410386249e-09,1.1969341533538125e-12,7.382204181283214e-09,1.0,4.506851003505119e-10,1.313826825111164e-10,1.3479329652454908e-08,1.6770654960238107e-12
brown-glass241.jpg,glass,glass,1.781790492927371e-09,2.7128162997241967e-12,1.2734248100443324e-09,1.0,2.3759792355804166e-08,1.2823656803107042e-08,1.992841625053643e-08,4.418251788734784e-12
glass50.jpg,glass,glass,4.412124354757907e-08,2.251137276587656e-09,9.141814388824443e-11,0.999977707862854,1.3905308016148865e-08,7.36142258261907e-10,2.2290099877864122e-05,2.5535293324274733e-10
brown-glass68.jpg,glass,glass,9.14908895310873e-08,5.602817623184819e-07,2.437466006810496e-09,0.9999914169311523,6.255746853867095e-08,8.647333404887547e-10,7.860929144953843e-06,2.8839472476782646e-10
glass93.jpg,glass,glass,6.338003310114165e-14,1.4516594645645232e-15,2.8307662203880257e-13,1.0,1.3947526402054156e-13,1.6465214057836248e-15,7.366408373045419e-13,1.9682756058254393e-16
green-glass242.jpg,glass,glass,5.3000664160208696e-14,6.9685012968334625e-12,9.702094813310302e-13,1.0,1.590055669596635e-13,3.4329598625620905e-12,8.965850284425869e-10,6.8369421235559e-11
glass36.jpg,glass,glass,1.5534090591254297e-16,9.785533411612517e-18,7.510807839387901e-13,0.9999998807907104,8.923429106744152e-08,8.095540297153869e-13,5.833215421108262e-12,1.2919378558296283e-19
green-glass303.jpg,glass,glass,4.1386268416986855e-23,5.786184633090082e-17,3.404343499086443e-22,1.0,8.64412706626507e-21,1.1386523823994767e-21,2.95383152718032e-15,3.1038835792225417e-19
white-glass286.jpg,glass,glass,0.00011311440903227776,2.596486865513725e-06,1.111059688696514e-07,0.9993342757225037,0.0005470648175105453,3.239468355786812e-07,2.41348016061238e-06,2.0340660711326564e-08
green-glass428.jpg,glass,glass,6.891424822290382e-13,3.890767916181481e-11,9.154772751505946e-15,1.0,7.2534124838158e-15,1.4107871771848468e-13,9.835276039774077e-13,1.3451473584362526e-14
white-glass65.jpg,glass,glass,1.7949744121614764e-11,2.9451964413292064e-13,4.367173723346385e-12,0.9999972581863403,2.757969923550263e-06,6.517730799515675e-11,1.6332888819192704e-08,1.0839893978091542e-14
white-glass410.jpg,glass,glass,8.89129874869117e-14,3.820951055555355e-10,2.281647364533318e-13,0.9999492168426514,5.769194011406853e-10,6.7827805004527786e-12,5.083148425910622e-05,1.0592183796731547e-09
white-glass100.jpg,glass,glass,2.4039030314948473e-12,3.938848758874153e-13,2.885714063538547e-11,0.9990389347076416,2.519040531723249e-10,3.769778326306872e-12,0.0009610874694772065,8.040264417794041e-13
green-glass489.jpg,glass,glass,6.4508485358993894e-12,1.7539480978712163e-10,1.0455980699319856e-13,1.0,3.624348271589334e-14,2.269323916065033e-13,2.7409152725255126e-10,3.879834821474137e-12
brown-glass234.jpg,glass,glass,1.3623061012602022e-12,5.824155394074104e-12,2.5594409167192193e-15,1.0,1.0183070359159885e-10,7.29536176405879e-17,1.689016087364978e-13,9.820454345554896e-12
glass197.jpg,glass,glass,3.2389233656227034e-11,2.0401020282834192e-13,2.6137309330764857e-11,0.9998239874839783,0.00015832074859645218,6.017713237438382e-12,1.770187918737065e-05,5.591060383766666e-13
brown-glass270.jpg,glass,glass,4.990341473387616e-10,1.054169196379462e-08,2.8265900731128113e-09,0.9997690320014954,0.00022856560826767236,6.308445765768056e-09,2.3744812551740324e-06,3.3776856867007155e-09
white-glass148.jpg,glass,glass,1.9632988290663178e-10,3.602566778226901e-08,2.677415754381851e-11,0.9999333620071411,6.791253781557316e-07,3.6700317784799097e-10,6.593579746549949e-05,7.841191237978329e-12
glass56.jpg,glass,glass,3.0799449392080326e-16,1.558935949106264e-16,2.420334982780603e-14,1.0,1.1499382002178038e-10,9.101140716398393e-17,2.0893486052386834e-08,3.4225316498897706e-16
white-glass761.jpg,glass,plastic,1.84347118192818e-05,8.987154615169857e-06,3.3264226658502594e-05,0.17118026316165924,2.1071440642117523e-05,1.1100935807917267e-05,0.8286105394363403,0.00011628518404904753
glass96.jpg,glass,glass,6.116119438161205e-13,2.147037701707294e-13,3.923738764455287e-11,0.999460756778717,0.0005330586573109031,1.8160025349808762e-12,6.181983735586982e-06,2.88457467234146e-16
green-glass450.jpg,glass,glass,2.080765030762488e-13,1.196700100125625e-10,8.662729821667936e-13,0.9999998807907104,5.115061152416445e-10,1.5147901379422568e-12,1.1344872774543546e-07,1.2626021105369145e-12
white-glass160.jpg,glass,glass,1.725164603287924e-15,7.834664449320183e-14,1.323423322623723e-19,1.0,1.5707539910143724e-14,2.5198911716279602e-18,5.541216929749737e-10,1.0908065148450258e-16
green-glass66.jpg,glass,glass,5.985366282462712e-13,5.075947662191993e-09,4.2196918702275266e-12,0.9999946355819702,2.4817814470168287e-10,4.832646088859249e-11,5.346541911421809e-06,2.3528212711454444e-09
green-glass526.jpg,glass,glass,7.298096859915254e-15,4.38531546145815e-12,2.810691810588642e-14,1.0,5.4591693578881495e-14,1.3863554943795153e-13,1.313529396362867e-09,8.650887758964235e-14
glass71.jpg,glass,glass,2.9336511518651687e-12,3.6959468146559316e-13,2.7006503722790468e-14,1.0,3.871928888621312e-10,2.869571117183889e-12,1.4869687703367163e-08,1.7277051642637653e-13
green-glass86.jpg,glass,glass,1.1240748629499746e-19,1.1347942189598669e-19,3.2691203705925676e-22,1.0,2.5948589641339474e-17,1.0770812460106739e-19,4.177378234992979e-11,5.0434983132173214e-21
glass207.jpg,glass,glass,5.973992966978869e-10,6.4173999447803e-11,1.1664834431712734e-08,0.9999412298202515,1.5000060784586822e-06,5.5448752391384915e-05,1.7717559330776567e-06,2.785807140526231e-09
green-glass587.jpg,glass,glass,1.5033734825919964e-06,6.411448794096941e-06,9.472356232720358e-09,0.99997878074646,5.210847575654043e-07,5.890403187436277e-08,1.2458203855203465e-05,2.2418909395582887e-07
brown-glass271.jpg,glass,glass,1.9783636094085604e-15,4.211812037915701e-15,2.1760163918399668e-16,1.0,2.6229482474882104e-10,7.284413042652361e-15,3.030008910442916e-09,6.928553991153951e-20
green-glass198.jpg,glass,glass,1.461662151314158e-07,1.2179098875242378e-11,2.6254722840235445e-09,0.9999486207962036,9.670980944065377e-06,1.5843202305632076e-08,4.1536670323694125e-05,9.884361124729013e-13
white-glass635.jpg,glass,glass,3.137073870428987e-17,1.7652254712206134e-13,1.5829844056188956e-16,1.0,8.24550914064982e-15,4.3793242381800265e-15,2.518962694477594e-15,7.501463541320381e-16
brown-glass314.jpg,glass,glass,1.4302912187957872e-09,8.673977163198288e-07,6.741455838010779e-09,0.9999343156814575,2.88332080433662e-10,2.132047605130083e-08,6.484111509053037e-05,5.244072953658474e-10
green-glass52.jpg,glass,glass,2.672640277978644e-07,2.561969267844688e-07,3.6135965747474685e-11,0.9999991655349731,6.541811981009005e-09,3.2318801856945356e-08,2.999321679908462e-07,4.037636891496277e-11
green-glass404.jpg,glass,glass,0.00019063794752582908,7.094267857610248e-06,1.0989487009283039e-06,0.9872686862945557,6.997145101195201e-05,7.0043788582552224e-06,0.012455334886908531,5.982540329796393e-08
white-glass413.jpg,glass,glass,6.008469313201203e-07,0.00012571137631312013,5.094494781587855e-07,0.9911168813705444,1.4642637324868701e-05,7.002128768363036e-06,0.008548187091946602,0.00018661617650650442
brown-glass35.jpg,glass,glass,2.2960793422815984e-12,4.4618492012205024e-08,5.608317799152707e-15,1.0,3.0676759743553106e-11,3.5581219502874017e-13,4.7044408368890345e-09,5.208175470755583e-13
white-glass726.jpg,glass,cardboard,1.2170816034995369e-06,0.00011211457604076713,0.7462148666381836,0.2511577010154724,7.592718134219467e-07,2.0060015870626557e-09,0.00138599774800241,0.0011273515410721302
green-glass572.jpg,glass,glass,4.1372950204676684e-11,3.518634716925817e-09,2.348714538830121e-12,1.0,4.375035286851604e-14,9.124541400229447e-12,1.0571821196236897e-11,6.240575833871276e-10
white-glass519.jpg,glass,glass,3.0098671999212456e-08,1.0281867579564619e-09,3.897576272143821e-12,0.9999998807907104,9.273077239413396e-08,1.2103353042025589e-10,9.382434384974658e-09,1.8415324820608703e-10
white-glass698.jpg,glass,glass,7.783913453845905e-15,1.3906623248793881e-12,6.72455009902216e-16,1.0,1.442313933217032e-12,3.547586053045948e-12,8.66974728634803e-15,1.4707337778196994e-11
white-glass188.jpg,glass,glass,4.723359481317857e-09,2.2402112165309518e-08,9.732289640851377e-09,0.9949129819869995,7.070985463819568e-11,4.324599706118093e-11,0.005087006837129593,1.3398180342960586e-08
white-glass20.jpg,glass,glass,2.5402767996757225e-12,7.532664075826645e-11,4.129387942697349e-10,0.9999366998672485,7.974390037190915e-10,8.427008424405358e-09,6.323709385469556e-05,5.957655346833235e-08
brown-glass5.jpg,glass,glass,1.4541487125541153e-08,1.221484694724495e-06,1.633421913352362e-12,0.9999759197235107,1.0298509441064585e-11,1.1579505410086455e-10,2.2632784748566337e-05,1.9802719464223628e-07
green-glass591.jpg,glass,glass,3.685373675069853e-13,1.7769254817556757e-11,6.496407144868099e-13,1.0,2.7834995419695474e-10,4.493730908217142e-12,5.0317153221790534e-11,2.57636062006919e-13
green-glass210.jpg,glass,glass,5.356702427006081e-15,3.7611141978644014e-10,2.4218310123720437e-14,1.0,6.600683812463953e-14,3.411776069994765e-13,8.621990721748886e-15,7.648808669769025e-11
brown-glass197.jpg,glass,glass,4.158742459154903e-15,5.130816315907015e-16,3.469478122766073e-13,0.9999998807907104,1.5087177729355972e-08,2.3049515854994818e-12,5.5976610013885875e-08,1.0179269397954288e-16
brown-glass282.jpg,glass,glass,4.69666483482456e-09,5.834535077298142e-09,1.898605272998566e-09,0.9991357922554016,0.0008631708915345371,4.0880451024349895e-08,9.298369150201324e-07,9.940170997424502e-08
brown-glass571.jpg,glass,glass,2.1363034605204057e-11,2.2352685391524574e-07,3.937069041008018e-13,0.9999997615814209,2.6596081023275153e-13,2.122700799855881e-11,1.8806086896083762e-11,7.638556454026002e-11
brown-glass132.jpg,glass,glass,2.9730399050834425e-14,2.8783404696156034e-13,2.49136055888036e-14,1.0,1.1971934554821928e-10,2.9430036424353545e-13,7.627785209018967e-11,1.3216055176233296e-14
brown-glass516.jpg,glass,glass,9.047485811401263e-17,9.856676586039725e-11,4.3255428208712905e-17,1.0,1.742864521391105e-16,1.3267723974257572e-15,6.296893887390576e-13,1.4257782034545786e-14
white-glass317.jpg,glass,glass,6.596438673067695e-11,6.461896989717886e-11,1.2922683756411146e-11,0.9999998807907104,2.1718844778195745e-10,2.8222708458452983e-12,1.2170598040484037e-07,1.5230027239354627e-09
glass70.jpg,glass,glass,2.439162873483819e-15,3.684187503683045e-12,7.553851749837748e-13,1.0,1.1184420577181609e-11,4.1352138320559576e-14,6.011987019327591e-10,1.0082012942601651e-14
green-glass172.jpg,glass,glass,4.1101400061194227e-10,2.382141373047375e-09,1.8749495289682727e-09,0.9999299049377441,1.4698764516651863e-07,3.4838787854596376e-08,6.991714326431975e-05,7.790575962118851e-10
brown-glass400.jpg,glass,glass,4.789486899076842e-19,4.702446765314505e-10,1.6379568438956997e-16,1.0,4.463295061164318e-16,4.8339462180259016e-14,1.306733121708703e-08,6.452251059829717e-12
brown-glass535.jpg,glass,glass,0.002266095019876957,0.13625355064868927,0.007709062658250332,0.8520765900611877,6.18778431089595e-05,0.00043985634692944586,0.0011669235536828637,2.5967616238631308e-05
white-glass408.jpg,glass,glass,1.9397372976511645e-14,6.272053015843326e-11,1.4957947261449306e-13,0.9999963045120239,1.0921528265095404e-10,4.480232645379806e-13,3.6758187889063265e-06,2.1252913318114963e-10
brown-glass486.jpg,glass,glass,2.6594425446557768e-12,2.007617716515142e-08,1.2899449845955868e-13,1.0,1.8617482555605136e-10,7.41687006949876e-12,1.1988088299830224e-10,1.1613592032500009e-12
white-glass661.jpg,glass,glass,7.976775232639184e-15,1.291766293400706e-18,1.549316052582944e-21,1.0,2.8480842494517725e-14,2.048217296100784e-20,4.618457851400526e-13,1.38269313995862e-20
glass420.jpg,glass,glass,7.073481340588716e-14,1.5521287033415376e-10,3.698081473208284e-14,1.0,7.288896049228999e-13,2.18978020395319e-13,2.7503547883611645e-08,1.4210793728829801e-13
white-glass585.jpg,glass,glass,1.826368396795619e-11,4.163158984216153e-10,1.0207836353970379e-08,0.999883770942688,5.901052091417114e-09,3.2438581598626115e-08,0.00011616852862061933,1.3821821909232312e-08
green-glass576.jpg,glass,glass,1.4242061974201192e-09,2.2162326786201447e-05,6.750747981047788e-15,0.999977707862854,1.583497499790809e-10,4.676697261873572e-14,1.616432570017423e-07,6.445075029226643e-11
brown-glass184.jpg,glass,glass,8.522235361851926e-09,2.3850897724387622e-14,1.4097264154633304e-11,0.9999964237213135,3.2082241308017956e-09,3.096611855823994e-11,3.5608238704298856e-06,2.2021493244379908e-13
glass415.jpg,glass,glass,1.8187291672688843e-09,2.7390310072122892e-12,1.483302591864799e-09,1.0,2.6147587206537537e-08,1.4686110993977763e-08,2.229515416729555e-08,4.813489017096995e-12
brown-glass399.jpg,glass,glass,5.8185505296282775e-15,5.524956035209139e-13,6.885485829604885e-17,1.0,8.258924279061844e-14,9.772743214108977e-17,1.3514280569181664e-13,8.345860352636236e-14
glass377.jpg,glass,glass,5.286567184015212e-09,5.001026329165548e-11,3.1149991741585836e-07,0.9986534118652344,2.5014354832819663e-05,3.4944142157655733e-07,0.0013209236785769463,2.1552585494077903e-08
glass118.jpg,glass,glass,3.11689584732433e-13,4.966810620286085e-17,1.5217432882576993e-15,0.9999995231628418,1.2744125199581902e-10,4.774861837130828e-16,4.76873083243845e-07,4.5840963192982155e-17
green-glass463.jpg,glass,glass,6.277287175303348e-13,2.732146453521267e-10,3.7801960997216333e-13,1.0,1.9547464504259676e-13,1.94653720225757e-11,5.184313067729818e-08,5.349453095527005e-15
brown-glass89.jpg,glass,glass,6.405901785910828e-06,1.723226006333789e-08,1.962977513869646e-08,0.9997456669807434,5.993508978008322e-08,2.4449416287097847e-06,0.00024436498642899096,9.133970593211416e-07
brown-glass257.jpg,glass,glass,2.522238128532979e-14,1.937656479711336e-09,7.548918562190303e-15,1.0,1.1180393599591245e-14,7.952033400249886e-14,1.4493611866228662e-10,2.2834128903624217e-17
green-glass151.jpg,glass,glass,3.754509290271324e-12,8.289283803363922e-15,3.686879794517761e-12,1.0,1.181643405345767e-08,1.3611938243229815e-09,2.9584937166760028e-08,5.236212019532616e-10
white-glass119.jpg,glass,glass,1.272445815381218e-09,8.089649783382669e-11,1.1281073852842383e-09,0.9999290704727173,1.9404860722715966e-06,6.800886243052418e-11,6.896460399730131e-05,1.720375064628854e-09
green-glass60.jpg,glass,glass,1.3837758196244554e-11,6.946044759335857e-13,4.1069246256835584e-14,1.0,1.6862559959474055e-11,8.362324504726515e-13,3.5660305819362748e-09,1.0990830641433025e-12
glass441.jpg,glass,glass,9.068450331795144e-19,8.145265586385563e-19,2.014320780059326e-17,1.0,4.295205806469786e-17,1.1233546988291706e-19,4.5507664303556794e-10,3.1833483649780675e-20
white-glass770.jpg,glass,glass,3.2041994925402495e-12,4.452707733776373e-12,4.302209196532791e-12,0.9999977350234985,1.1702048396955433e-07,2.4337962201137486e-10,2.1235928215901367e-06,1.194770736338835e-13
white-glass688.jpg,glass,glass,1.6693781663488084e-15,9.87241885463952e-12,2.3907277931422763e-14,1.0,1.8405924299882276e-13,4.0968967042649684e-13,3.4276602823429814e-12,5.962317011637408e-12
green-glass341.jpg,glass,glass,2.1296318875041464e-11,2.878310263743078e-11,8.972581358457354e-12,1.0,5.8392251034433684e-09,2.9506190784948927e-13,3.018611849370245e-08,1.6793813925218212e-14
green-glass173.jpg,glass,glass,1.7756109083055804e-10,2.6539851913365275e-11,2.0331567540665674e-09,0.8823264837265015,2.0985999071854167e-06,5.254283053091058e-08,0.11767136305570602,2.7155070726758712e-12
glass316.jpg,glass,glass,3.918060164774962e-15,4.785421161609537e-16,3.253608862364976e-13,0.9999998807907104,1.444656838600622e-08,2.1561318268997764e-12,4.57232154360554e-08,1.0498189213996352e-16
white-glass675.jpg,glass,glass,2.4225149067736568e-14,2.607357905970442e-12,7.708330501676741e-14,1.0,9.59166426839353e-12,3.1787016595286044e-12,9.19847947811192e-11,3.486968092741849e-12
glass189.jpg,glass,glass,2.353662265086598e-10,5.548945747335665e-10,3.3049076808566724e-09,0.9997993111610413,1.3214930731919594e-06,4.113410795980599e-06,0.00019515768508426845,3.327729647395472e-09
white-glass284.jpg,glass,glass,3.306137585923352e-09,1.0057878085945049e-08,4.88850869506674e-11,0.9999997615814209,6.04009287030749e-08,3.008144844329763e-08,1.3606724635906176e-08,6.773918670432977e-08
green-glass344.jpg,glass,glass,1.739167349631282e-13,1.4346785803809325e-07,1.6309312773454647e-14,0.9999996423721313,1.7116341330392082e-11,3.188595221192969e-14,2.3191522302568046e-07,1.2166381454809666e-13
white-glass614.jpg,glass,plastic,4.5497472456190735e-07,0.0021921670995652676,0.00017075154755730182,0.03177843242883682,6.528636731673032e-06,1.6651134160383663e-07,0.9658427834510803,8.735464689380024e-06
white-glass429.jpg,glass,glass,3.68438457520881e-09,1.392572723801777e-10,4.5854409679024766e-12,0.9981005787849426,0.001897454378195107,1.253181267202308e-06,7.312515890589566e-07,7.182163197505531e-10
white-glass531.jpg,glass,glass,3.7979095237651583e-13,1.5487521746841704e-13,8.431346931815217e-18,1.0,8.349060781924142e-14,1.22646268141402e-11,8.736541004528142e-12,4.852628990809429e-16
white-glass264.jpg,glass,glass,8.84352235885899e-09,3.469753551144095e-08,2.5747517895524652e-08,0.9999679327011108,6.539135483762948e-06,7.240541322062199e-07,2.438199589960277e-05,3.1748723472446727e-07
white-glass774.jpg,glass,glass,1.168089350966255e-14,5.453671889088518e-11,3.0343414413047665e-12,1.0,9.596523575794436e-10,3.2202036176487425e-12,1.928563975184261e-09,1.0215903643862045e-11
glass213.jpg,glass,glass,1.9520589589205883e-08,1.4648165347352915e-07,1.9568651055124064e-07,0.9987996816635132,0.0011995468521490693,2.862042265405762e-07,2.1396198590650783e-08,3.374315937776373e-08
glass364.jpg,glass,glass,4.1326119609719214e-11,2.5539184655976044e-10,4.37530678354392e-09,0.9999890327453613,1.051800609275233e-05,1.06329601123889e-07,2.914113395036111e-07,1.541609684352352e-08
white-glass576.jpg,glass,glass,5.661454416383549e-09,3.7192657487139513e-07,3.408577309294003e-10,0.999998927116394,1.4806201420469733e-07,9.13413966685539e-09,3.385314428783204e-08,4.5817350269317103e-07
green-glass579.jpg,glass,glass,1.8580695315684181e-10,3.436551737623361e-11,3.752057123112759e-14,1.0,3.518772079269539e-11,9.499072362029182e-11,3.885294516670079e-11,5.146312629517036e-12
glass62.jpg,glass,glass,1.242431935111199e-09,9.55319417322853e-12,3.290550765200351e-08,0.9999998807907104,3.2919536541164973e-10,4.277636911353966e-09,2.5750404475388677e-08,1.3792277216151394e-11
glass256.jpg,glass,glass,2.527059507831386e-13,5.781830309664615e-12,1.2548189484012928e-12,1.0,1.0272425576829392e-08,2.963866305161211e-11,1.3433874457291495e-08,7.938728206714415e-14
green-glass436.jpg,glass,glass,1.9312036414476097e-08,3.947173354390543e-06,8.125307005002469e-08,0.9999959468841553,1.1170677716165756e-09,1.6615190126523238e-11,5.070932118655946e-09,6.578645961319296e-11
white-glass462.jpg,glass,glass,1.188950093933272e-08,1.5739948011628258e-08,5.233017352779257e-10,0.9997425675392151,5.840261678713432e-07,3.2169551467120527e-09,0.00025672756601125,7.214693908963454e-08
glass102.jpg,glass,glass,3.066349604785579e-11,1.9167655310181608e-11,2.9981756660690806e-11,0.9996705055236816,2.988411296200866e-08,1.5032802780368115e-09,0.00032951912726275623,2.0529006050651333e-08
brown-glass362.jpg,glass,glass,1.319331653044214e-17,7.543279694453842e-14,3.7130770264555286e-19,1.0,1.483739566892359e-15,1.0673896272736906e-15,6.027838314614666e-19,1.5044129286545115e-20
white-glass99.jpg,glass,glass,9.743343631907209e-11,2.5896220389419466e-13,2.175570728013554e-07,0.9999880790710449,5.104086085339077e-06,5.761440746709923e-08,6.640725587203633e-06,3.941642290339331e-10
white-glass14.jpg,glass,glass,1.3884855450726347e-13,1.077529385162812e-11,3.1634037611638632e-09,0.9999998807907104,2.0647289433739502e-10,2.386619568639503e-09,1.587736022656827e-07,1.0806342487512666e-09
white-glass552.jpg,glass,glass,2.5312979143321535e-11,6.23808643629431e-11,1.3263248138661865e-11,0.9999581575393677,3.501150107679263e-12,4.109311415451122e-12,4.1857500036712736e-05,2.903904061657414e-10
white-glass602.jpg,glass,glass,6.774758531946645e-09,7.630246727785561e-07,1.8551351566031826e-09,0.9999849796295166,7.955565706652123e-06,3.6632013689086307e-07,1.5196201275102794e-07,5.847388365509687e-06
green-glass557.jpg,glass,paper,1.9069177881192445e-07,0.001302298973314464,3.959758396376856e-05,0.3285527229309082,3.132218807877507e-06,0.6691253781318665,0.0009759807144291699,7.323807267312077e-07
white-glass746.jpg,glass,glass,1.05419629916272e-18,5.488420285468861e-15,2.3881068243875432e-18,1.0,1.2153511622974194e-17,6.466615861089016e-16,1.5926195336069082e-18,2.2165254725506518e-14
white-glass683.jpg,glass,plastic,1.3345171190337624e-08,3.646320010375348e-06,5.359858050724142e-07,0.030698392540216446,5.593978471551964e-07,9.203231456922367e-07,0.7170130610466003,0.2522828280925751
green-glass473.jpg,glass,glass,4.473024091566913e-06,2.629374584728339e-08,1.2957032424765202e-07,0.999995231628418,2.8219926395678385e-09,2.960040268451536e-10,1.2431836182713596e-07,4.002769036365317e-12
brown-glass570.jpg,glass,glass,4.9118027760320856e-14,1.4616373389397808e-10,5.387934649353715e-15,1.0,6.686195867799949e-12,2.6295748212354017e-14,1.5388041535446817e-11,1.0650499443964553e-13
white-glass249.jpg,glass,glass,1.1109583739066231e-11,2.074951988007001e-09,4.484824241580282e-13,0.9999163150787354,1.0834883684696095e-10,8.983103150228544e-11,8.372662705369294e-05,1.427063578418597e-09
brown-glass421.jpg,glass,glass,9.714344196254387e-05,0.00763444509357214,2.2586407794733532e-05,0.9899134635925293,1.2006347560600261e-06,1.208401982921714e-07,0.0015066670021042228,0.000824404414743185
brown-glass290.jpg,glass,glass,1.6957183920918162e-11,2.648643748770496e-09,1.2843529795247832e-08,0.9999959468841553,7.228971653054639e-13,3.386382374515051e-08,4.066067049279809e-06,6.978973470092228e-14
green-glass345.jpg,glass,glass,2.7059572613336995e-17,1.891878851929124e-13,7.619959885492817e-19,1.0,2.2396311760990335e-14,4.313412713496568e-18,6.722630785382933e-11,4.174105985765594e-18
brown-glass190.jpg,glass,glass,1.3845482143770574e-24,8.632418226725178e-16,2.5600638688734247e-24,1.0,2.049817575546583e-22,1.5746373643026095e-23,1.9809030988877235e-13,6.134630219557264e-22
brown-glass563.jpg,glass,glass,1.7000446916881629e-07,1.1971728781645652e-05,7.184800532300528e-10,0.999930739402771,4.258227992437469e-09,2.2604322857944226e-09,5.712312849937007e-05,1.3069192839054722e-08
green-glass1.jpg,glass,biological,1.8574097815360346e-10,0.721049427986145,2.163932644183575e-10,0.27888524532318115,6.814619268880051e-07,9.525000788102034e-10,6.460849544964731e-05,4.015320194394878e-12
brown-glass47.jpg,glass,biological,6.34727330179885e-05,0.526370108127594,0.00035887121339328587,0.3082635998725891,0.005367139354348183,3.895229383488186e-05,0.0042434390634298325,0.15529435873031616
green-glass444.jpg,glass,glass,9.42856335795378e-23,1.0966116795012304e-13,1.0499685637038836e-21,1.0,1.5734733211508653e-22,1.6440130663960463e-20,2.1725886380996084e-18,8.701300917787683e-20
white-glass503.jpg,glass,glass,4.886350113593452e-13,1.10402265107723e-08,1.7280302216276036e-14,0.9999959468841553,2.640234470163705e-06,2.7476668162940143e-10,7.954548095767677e-07,5.950810191279743e-07
green-glass328.jpg,glass,glass,2.8706725852759712e-15,8.43661685651087e-12,7.678048734999221e-13,1.0,2.2923305614819256e-11,6.323475076897012e-11,8.132765294543987e-12,2.9817368192575078e-12
green-glass217.jpg,glass,glass,4.847966028620476e-09,1.3067492921070567e-10,2.2044258085607282e-10,0.9999867677688599,7.083825193099358e-10,5.605070851899541e-10,1.3213193597039208e-05,3.9071065827123164e-11
white-glass327.jpg,glass,glass,2.9819318569934694e-06,3.9180566346885826e-08,2.1194850887695793e-06,0.9997723698616028,0.0002167668571928516,3.195591773419437e-07,5.196867732593091e-06,1.946144436715258e-07
white-glass202.jpg,glass,glass,1.7501083048043764e-14,6.599317336561795e-16,5.078626910257533e-17,1.0,5.84559527519457e-14,5.685560957074314e-16,3.372745138729982e-11,9.912975474227336e-18
green-glass414.jpg,glass,glass,2.410558974652588e-10,1.8816372904240097e-09,3.409758031480692e-10,1.0,9.437768492062681e-13,2.539120172798115e-12,1.4024147176883162e-08,7.995935510929364e-12
green-glass202.jpg,glass,glass,5.074220557621523e-12,5.91431268651306e-15,2.518921052643841e-12,0.9996424913406372,0.00035698781721293926,6.192778928548748e-12,5.680411163666577e-07,1.6577200495550976e-14
green-glass480.jpg,glass,glass,4.477524573331948e-09,7.257180967279453e-10,3.1270335713179387e-12,1.0,1.271441285588537e-10,3.021412633974485e-11,9.466176731365294e-10,2.317138703133992e-09
brown-glass520.jpg,glass,glass,1.4529372149851838e-09,2.1359312540880637e-06,3.592374753225158e-08,0.9999116659164429,7.026699666567993e-09,2.170610180485255e-08,2.3135547644326238e-10,8.6218147771433e-05
glass319.jpg,glass,glass,3.5721961142137076e-14,6.511497172348706e-15,1.0089901830712122e-10,1.0,5.382221578142943e-12,1.1055862171940878e-12,1.5118544194336891e-09,1.9396334514118312e-14
glass59.jpg,glass,glass,5.257313613854335e-14,5.724270883689098e-13,2.7644425377310045e-12,0.9999994039535522,5.208237894294143e-07,2.1288454939843993e-12,1.845665309474498e-08,1.7306632472610661e-12
brown-glass454.jpg,glass,glass,2.5285733045166126e-06,6.289892189670354e-05,0.005479861982166767,0.9921292066574097,0.0022555270697921515,6.368061440298334e-05,6.270794983720407e-06,1.1531743382420245e-07
white-glass291.jpg,glass,glass,3.226213074469797e-09,1.2212067801442572e-08,6.14527373432594e-10,0.752521812915802,3.8180229466888704e-07,6.452072653928553e-09,0.24747659265995026,1.2140885701228399e-06
glass68.jpg,glass,glass,1.88297880570178e-14,3.095478183428084e-18,4.175331261291326e-11,1.0,1.287953854678392e-09,1.1438251604559135e-12,2.9519046762516155e-08,1.6505704879692963e-16
brown-glass13.jpg,glass,glass,2.375113936614655e-19,4.7073459632238426e-14,4.420619275840744e-20,1.0,8.660912547419711e-17,2.0810455936841305e-18,7.863498128471078e-14,1.311867609466357e-19
glass82.jpg,glass,glass,1.3850558239659073e-14,3.508161778653998e-14,1.4485785346848162e-13,0.9999991655349731,2.913828511807992e-09,3.48632289758153e-14,8.482722364533402e-07,1.580610235795213e-14
white-glass762.jpg,glass,glass,1.3846648654058935e-11,1.900849269653726e-12,2.50537895984948e-10,0.9999995231628418,1.2345511279931998e-09,5.339025888062565e-10,4.290394599593128e-07,2.2984379677293276e-10
brown-glass595.jpg,glass,glass,2.447036891761495e-16,5.517116067655942e-15,5.113948597748344e-18,1.0,1.559785253160608e-14,4.945241389505397e-17,5.211432396734494e-10,1.4613129090196348e-19
white-glass282.jpg,glass,glass,6.021245513906232e-14,1.0132355024450312e-12,2.5197034671416152e-14,0.9999959468841553,3.925359237655357e-08,4.003617370355178e-13,4.0427903513773344e-06,1.0912121900519267e-12
glass255.jpg,glass,glass,2.561444979731764e-13,7.552336577301699e-13,5.240808329844138e-13,0.9999996423721313,1.306618599983267e-07,3.394927047817298e-11,2.160747669677221e-07,5.25761162037397e-12
green-glass358.jpg,glass,glass,1.2670972322257972e-15,8.378086419069675e-12,3.233188185496755e-13,1.0,2.179670544913981e-17,1.1301751906295926e-13,3.380557292431696e-11,1.6060792290290699e-13
brown-glass318.jpg,glass,glass,3.146440085474017e-13,1.0162206365293969e-07,6.875278023799286e-16,0.9999998807907104,2.607684576085012e-13,1.0360270042038267e-14,6.723184786672221e-10,5.555194772612938e-14
green-glass476.jpg,glass,glass,2.0626868576559142e-17,3.998114095652913e-14,4.995717207797914e-16,1.0,4.1498187552973425e-16,3.186547095526508e-14,3.8253067380367156e-11,6.387594569252886e-17
white-glass706.jpg,glass,glass,2.3014032901613746e-09,5.777035312348744e-06,4.9626750625586524e-11,0.9998635053634644,1.8942450878967065e-06,6.607533187263925e-09,1.880892705230508e-05,0.00010987857240252197
white-glass571.jpg,glass,glass,3.2917706497742526e-22,3.443406247479261e-16,6.26322136286651e-21,1.0,2.1704110851370625e-17,5.970107911419003e-17,3.2219098449246704e-17,7.837376037696255e-20
brown-glass390.jpg,glass,glass,1.9253462824053713e-08,3.7958338694465965e-09,4.5175190166446555e-07,0.9998593330383301,4.878131676377961e-09,1.9802781636713007e-08,0.0001400047622155398,9.039390391762936e-08
green-glass112.jpg,glass,glass,6.97367917535871e-14,6.889847387538754e-17,4.386754414581473e-12,1.0,1.7301778065803575e-10,1.6713599254591927e-11,7.999875067943307e-11,1.7955722900284826e-14
green-glass433.jpg,glass,glass,7.254208084922498e-13,1.830153460420994e-13,1.2591295193986607e-12,1.0,3.8529036731904664e-12,2.822666654177155e-14,6.354018422527474e-10,1.4248288313090107e-11
white-glass540.jpg,glass,glass,6.10164588125961e-13,6.359828570896842e-13,3.8658350609219183e-13,1.0,2.3202930462401516e-12,1.180297721538326e-13,8.190829348109219e-09,4.230325670925156e-13
brown-glass193.jpg,glass,glass,1.8679726006016334e-14,6.981748621077977e-13,2.1823200191395387e-10,1.0,1.573235408613982e-08,2.622497774495969e-10,3.4625987410663583e-08,2.5301422058923706e-16
brown-glass295.jpg,glass,glass,5.651701258102548e-07,5.391311397318077e-09,5.75600473950999e-08,0.9999978542327881,2.5673324444142054e-07,1.1033762348233722e-08,1.2545854133350076e-06,3.800133985265575e-09
green-glass97.jpg,glass,metal,6.266808668442536e-06,4.700063527707243e-06,3.216006007278338e-05,0.08547339588403702,0.9043560028076172,1.4108120012679137e-05,0.00030230151605792344,0.00981111265718937
brown-glass279.jpg,glass,cardboard,1.0364336731072399e-06,0.006169864907860756,0.726747989654541,0.2658441364765167,6.698355718981475e-06,0.0006818462279625237,0.00017994474910665303,0.0003685482661239803
green-glass169.jpg,glass,glass,3.611312562909521e-18,2.2378807140732704e-10,2.7909709142249594e-16,1.0,2.9203095630180205e-15,4.887222557529124e-15,9.532834726678e-14,1.27660122056783e-12
white-glass323.jpg,glass,glass,1.0017548060856596e-18,4.472907826324471e-16,6.37951588663933e-15,1.0,3.187565662809977e-12,2.8202866186503124e-15,3.100010526058128e-10,3.261868293339147e-16
glass339.jpg,glass,glass,7.856478134726785e-09,1.089281553845467e-08,1.1200862459759264e-08,0.9975222945213318,0.0024749201256781816,2.7076595188191277e-08,2.75109164249443e-06,1.1599079918767075e-08
green-glass620.jpg,glass,glass,1.9642917385592614e-17,5.768066688345563e-14,7.675967089234304e-21,1.0,1.919936478807184e-19,7.40410813862287e-19,6.4722110100139985e-18,3.2065251722688008e-15
brown-glass406.jpg,glass,glass,2.4953152433226933e-08,8.622825543869173e-12,2.0125392463654634e-09,1.0,2.6085222870619873e-08,3.906235890305254e-10,2.5000828074439596e-09,2.1315307852098897e-10
white-glass186.jpg,glass,glass,9.304472192717128e-10,1.9905726372781984e-11,9.125582234315033e-11,0.9986477494239807,0.001341825001873076,2.277420890761661e-10,1.0398705853731371e-05,7.594368689467501e-09
white-glass265.jpg,glass,glass,8.125664030522728e-11,1.0024239216477326e-09,7.752997896459668e-12,0.9999974966049194,2.6286823828769457e-09,1.2349578304426956e-10,2.4796879642963177e-06,6.367144145258408e-09
white-glass336.jpg,glass,glass,0.0001572655892232433,8.162224548868835e-05,5.0664406444411725e-05,0.7964871525764465,0.07546232640743256,0.0011176399420946836,0.08786850422620773,0.03877488523721695
brown-glass585.jpg,glass,glass,2.2033480539352746e-15,1.513174863188027e-10,1.4797883699516545e-15,1.0,7.934474068440125e-14,1.5498933429987323e-16,5.6594329916892505e-12,1.8521671352124576e-14
brown-glass345.jpg,glass,glass,2.9053533580736257e-05,6.405004387488589e-05,4.010160409961827e-05,0.9982655644416809,0.00024535381817258894,0.0011084515135735273,0.0002082717837765813,3.914676926797256e-05
brown-glass287.jpg,glass,glass,2.1230394626017314e-14,1.0247490356274369e-10,5.967393700218645e-16,0.9999986886978149,8.889437038035741e-13,1.840107080109451e-15,1.297667040489614e-06,1.6668036308814527e-13
glass387.jpg,glass,glass,5.348902100594816e-15,1.4826976898974566e-16,3.1541476227346327e-18,1.0,8.080591746410069e-17,1.3028429490422147e-16,1.550454764576159e-09,1.3863341098416218e-17
glass279.jpg,glass,glass,2.5048284627016137e-11,2.643947838443239e-10,2.1568133945493173e-09,0.9999901056289673,6.724863851559348e-06,2.2251898101899314e-08,3.0081935165071627e-06,8.103963011762971e-08
white-glass717.jpg,glass,glass,5.224549681770441e-10,2.567522930374544e-11,7.578633900995335e-12,0.9999998807907104,6.111071115810773e-08,7.218012992860068e-11,9.056400784857033e-08,3.8262423784907185e-10
brown-glass176.jpg,glass,glass,1.2562793926917948e-05,5.973660677227599e-08,7.509764827773324e-07,0.9999570846557617,2.1141629531484796e-06,2.556680192355998e-05,1.7458994534536032e-06,6.87448746816699e-08
brown-glass294.jpg,glass,glass,3.842551277166706e-10,8.541481866415623e-13,1.8657397848897972e-10,0.9999997615814209,1.774725149061851e-07,3.442245447016212e-11,7.58246443410826e-08,1.6595702676674984e-12
brown-glass568.jpg,glass,glass,1.9995300987868392e-13,6.150264217179291e-13,1.7137384464668186e-15,1.0,1.627828839605161e-12,5.755384911059272e-14,2.448048153080862e-10,3.903695671835655e-14
green-glass269.jpg,glass,glass,1.3793821770566317e-12,3.0310762233476396e-10,1.58561179594216e-14,0.9999998807907104,1.5942530498871954e-12,8.027176064693067e-14,6.032368560227042e-08,3.042979754351409e-14
white-glass562.jpg,glass,glass,2.4353492555917455e-09,8.699519438160053e-10,5.449437342347485e-12,1.0,3.497866174484443e-08,5.455675466947696e-09,2.7016979764482585e-09,1.759094120368232e-10
green-glass392.jpg,glass,glass,1.2925710863699802e-16,2.1864766399336266e-15,5.943998120819889e-17,1.0,9.048047447184852e-15,3.052308424661052e-15,2.2419667741598807e-16,1.0847488263738387e-15
glass406.jpg,glass,glass,7.006831875507654e-15,2.511340202633605e-14,8.704466184297766e-13,0.9999977350234985,2.1347004164340433e-09,3.701582226497968e-13,2.316969130333746e-06,2.3338438556134034e-15
green-glass77.jpg,glass,glass,1.930706518241159e-16,2.6526303723017897e-11,4.485144064280506e-15,1.0,2.0577445196703589e-16,5.598060738381226e-14,1.780771927487046e-12,3.798257281611983e-13
glass317.jpg,glass,glass,2.256093922792246e-11,1.0892115253355664e-13,1.0675052421887932e-12,1.0,2.262794118745859e-12,1.7344332824890778e-14,1.5836655598011617e-10,9.702477807727733e-14
glass24.jpg,glass,glass,3.622620814436317e-10,2.0248401566558272e-10,1.2377388003415035e-10,0.9997978806495667,0.0002016336948145181,8.109369287190304e-10,5.267232268124644e-07,1.0523849569565868e-09
green-glass260.jpg,glass,glass,7.585589101299917e-11,1.5565219113611306e-09,6.055691503803473e-10,0.9999992847442627,5.282782197801872e-11,1.7112559980159148e-10,7.317189556488302e-07,2.0998184524501085e-08
white-glass592.jpg,glass,glass,3.2940924293844986e-12,1.0208214075478964e-14,1.9346288101825383e-16,1.0,6.777317856226928e-12,2.159905284140895e-13,3.552476368628987e-11,1.6079013620700386e-15
brown-glass303.jpg,glass,glass,6.202673465995068e-13,2.0623086571802673e-13,3.6682573645308025e-11,0.999461829662323,0.0005319658084772527,1.6324981731014043e-12,6.197953098308062e-06,2.7196999738562065e-16
brown-glass17.jpg,glass,glass,1.8072264388842933e-22,3.849234163832635e-14,2.197160439555303e-24,1.0,8.246778742121719e-20,1.75834445201122e-23,4.462756932662598e-13,6.44647034327024e-23
green-glass617.jpg,glass,glass,2.123019759991962e-09,0.00013198704982642084,1.7759028025920998e-07,0.9998304843902588,2.7962448712059995e-06,3.6329730890294343e-10,3.444773028604686e-05,6.995430368306188e-08
white-glass341.jpg,glass,glass,4.9359832193784925e-11,2.6014884690894746e-10,1.6997373994409593e-11,0.9998854398727417,1.9466057654682345e-09,2.6300075450791383e-09,0.00011411601735744625,4.888136686531652e-07
glass258.jpg,glass,glass,1.7610126681541494e-12,3.754867510669113e-12,7.723637840406639e-10,1.0,3.663189543368084e-11,6.882844294509027e-10,2.5519332425005814e-08,1.314252873196864e-10
brown-glass487.jpg,glass,glass,2.6591724221960678e-17,2.196188245368394e-13,9.608242963743414e-18,1.0,2.2076366942437864e-17,1.6229869129815193e-15,2.383076904518731e-16,6.829641900304474e-15
glass182.jpg,glass,glass,5.501905042670785e-10,1.5510674966634497e-09,1.1755869611107528e-09,0.9999927282333374,2.6156999410886783e-06,3.84075077297652e-10,4.650976279663155e-06,1.4121236624475841e-08
white-glass659.jpg,glass,glass,1.1573936253839179e-09,3.9374921101398286e-08,8.926917871576734e-08,0.9999806880950928,7.675229767301062e-07,1.6056389995355858e-06,1.6232812413363717e-05,5.378775540521019e-07
brown-glass322.jpg,glass,glass,2.987821307639388e-13,5.4424966755561854e-09,2.2088110507301195e-10,1.0,6.570540010512882e-13,4.451129569094103e-12,1.837893032208271e-11,5.0195417267140385e-11
brown-glass138.jpg,glass,glass,5.078784670143959e-16,8.557654929810227e-18,1.0095987630978631e-13,1.0,7.426032011537131e-11,3.2997640180037124e-16,3.891644764688479e-14,1.2861859468727854e-17
brown-glass383.jpg,glass,glass,4.131003739494925e-14,1.474688773872579e-11,8.780719613866658e-14,1.0,8.805949133945667e-13,8.243590611024289e-15,1.8759357945079963e-13,3.1126995444596788e-15
white-glass304.jpg,glass,glass,3.38550676381999e-09,2.6495687588390382e-11,4.678260556723046e-10,0.9999856948852539,1.1448506484157406e-05,1.452231564169626e-11,2.8554361506394343e-06,4.0392794664612097e-10
white-glass159.jpg,glass,glass,5.9466234603178236e-08,8.455563506315489e-12,6.871962554555466e-09,0.9974572062492371,0.002534052124246955,3.875596732427766e-09,8.711710506759118e-06,8.516118366053149e-11
brown-glass37.jpg,glass,glass,7.878916838616537e-14,8.591420110060088e-12,1.2198298291536919e-15,1.0,1.6557614764469851e-15,1.496701288567718e-14,3.441300716611195e-11,2.1830251924318022e-16
brown-glass187.jpg,glass,glass,4.842405620773425e-15,5.058038715683333e-16,2.629131287679165e-12,1.0,5.8842708483553e-09,1.878679286790308e-12,8.703121001651937e-10,5.4975928978989066e-17
brown-glass261.jpg,glass,glass,5.080360132581063e-09,1.0504290037620378e-13,3.0468310097120366e-09,0.9999995231628418,2.5130292513608765e-08,3.6547507420436887e-07,1.0105473080557204e-07,3.960193284413549e-11
glass92.jpg,glass,glass,1.2667631836072238e-16,1.7519566259864919e-16,1.6023810661662524e-19,1.0,8.917753959326175e-14,7.073790518202376e-18,3.849296749403042e-12,4.668058542912859e-18
green-glass324.jpg,glass,glass,7.476650327380122e-20,8.693388717059727e-16,4.454859090496443e-23,1.0,5.1108057250109485e-19,5.481555878843072e-23,6.817724146736606e-14,9.834407378105212e-18
glass429.jpg,glass,glass,1.6399757257496567e-13,7.161243361283932e-18,8.3704519010519e-12,1.0,4.641595552357103e-09,4.9159922009892054e-14,9.77499192700293e-11,5.013316368685041e-17
glass90.jpg,glass,glass,1.2631508639060485e-07,4.893924376858649e-09,4.292380229031778e-09,0.9999940395355225,1.352692180489612e-08,2.6960414345467143e-08,5.82249458602746e-06,2.239926688574201e-09
white-glass187.jpg,glass,glass,3.6030975425482836e-10,1.3828703807061693e-11,9.886597096553373e-10,0.9999977350234985,1.4034104367510736e-07,1.4181417817837882e-08,2.09204563361709e-06,5.665403476212694e-12
brown-glass108.jpg,glass,glass,3.8623745979293744e-08,7.152849866542965e-05,0.0006126763764768839,0.9992376565933228,4.943942588653272e-09,6.560075007655541e-07,5.877828357370163e-07,7.681026181671768e-05
green-glass567.jpg,glass,glass,1.0365527186584345e-10,3.1848482184848592e-12,8.745126151010751e-12,0.9999997615814209,4.341550730035948e-10,4.070423251928412e-12,2.6132639163733984e-07,1.1109149624516368e-12
white-glass257.jpg,glass,glass,5.198486178414896e-05,0.0004157926596235484,0.022131362929940224,0.5301331281661987,1.476361012464622e-05,0.00010270882194163278,0.4467492401599884,0.0004010041884612292
white-glass17.jpg,glass,glass,3.3715116473393564e-14,7.383614553102547e-12,3.1160637958826953e-10,1.0,1.5514034501507012e-10,1.3110470042931865e-08,1.2628987633434008e-08,7.06352221158113e-09
white-glass278.jpg,glass,glass,0.0001581763062858954,4.453427027328871e-05,7.426283264067024e-05,0.9983612895011902,0.0002916908706538379,1.3357248462853022e-05,4.485492900130339e-05,0.0010118915233761072
brown-glass75.jpg,glass,glass,2.592613352735834e-13,4.5208173142519126e-13,1.7656464127140808e-13,1.0,1.2683547788439054e-11,9.112896797846409e-14,1.6532370958333154e-11,6.510610193327659e-13
white-glass110.jpg,glass,glass,5.074454190179267e-09,1.678819394612674e-08,7.143008851073773e-09,0.9999827146530151,2.0474649886637053e-07,6.956655340673024e-08,1.026039808493806e-05,6.693660907330923e-06
green-glass538.jpg,glass,glass,6.9809478198124e-09,4.2234418629050197e-08,1.887355939936275e-12,0.9999996423721313,2.6497182226137284e-10,1.0887474949372589e-10,4.4984719949070495e-08,3.983159047038498e-07
white-glass638.jpg,glass,glass,0.00014185409236233681,0.00012316342326812446,0.0004650950722862035,0.9963403940200806,0.00032529953750781715,7.684486627113074e-05,0.0025230448227375746,4.324818291934207e-06
white-glass767.jpg,glass,glass,6.789958888475667e-07,7.907392500783317e-07,1.1559083645806822e-07,0.9998390674591064,1.1935589100176003e-05,2.6519688617554493e-05,4.307210838305764e-05,7.782121247146279e-05
glass143.jpg,glass,glass,6.94111124133201e-09,9.606891671065654e-11,1.2264216309176845e-07,0.9999932050704956,1.6134590907768143e-07,5.771083166905555e-08,6.535783541039564e-06,2.0142651990795457e-09
glass264.jpg,glass,glass,2.1812570594192948e-07,2.5888705068588536e-10,0.00018398891552351415,0.877923309803009,2.86936938209692e-07,3.8161349948495626e-05,0.12185207009315491,1.8613319525684346e-06
brown-glass14.jpg,glass,glass,3.0687123402139593e-22,4.268257784125135e-16,1.9895509247942027e-21,1.0,8.496891069192694e-18,1.4029259777416672e-19,2.2324447791679386e-14,2.5660416895746776e-21
brown-glass360.jpg,glass,glass,0.005734443664550781,1.0080173524329439e-05,2.1930510740730824e-07,0.981436550617218,0.012289531528949738,1.9418017416228395e-07,0.0005271314876154065,1.9253891423431924e-06
green-glass182.jpg,glass,glass,1.053555232963764e-13,6.628019799670426e-10,9.811219545130534e-12,0.9999995231628418,6.423936496679009e-14,1.736543547847802e-11,4.1951426510422607e-07,4.674694875986263e-14
white-glass769.jpg,glass,glass,6.81442263728016e-11,1.5335048431097675e-07,1.2738784853361107e-11,0.9999967813491821,8.588035882439726e-08,1.088079137900877e-08,3.0499672902806196e-06,3.2781052178298964e-12
green-glass245.jpg,glass,glass,4.0342571948001615e-13,1.8693985248674494e-10,2.601343793151578e-11,1.0,1.2336787407613015e-12,2.2953493272748204e-11,1.045162179025283e-08,4.977658216165359e-11
green-glass186.jpg,glass,biological,4.607408754964126e-06,0.9871501922607422,1.9259869077359326e-05,0.012783898040652275,9.995685559260892e-07,8.315101922562462e-07,3.996015584561974e-05,1.8520054823056853e-07
white-glass216.jpg,glass,glass,7.201208379603585e-11,8.086513680893859e-09,1.7059775814232125e-10,0.999984622001648,1.536289528303314e-05,1.2403322813270279e-08,4.945089338015407e-10,5.390669161053907e-11
brown-glass372.jpg,glass,glass,3.963177876153967e-12,9.469811003068318e-13,1.8063636524068283e-12,1.0,3.950313654747101e-14,1.9256342668420162e-13,6.945856667606165e-10,5.430307245535282e-11
green-glass283.jpg,glass,glass,9.159580646039833e-13,1.5779684850447673e-11,6.790219081453941e-11,0.999997615814209,2.3882341793068917e-06,1.3028331885545086e-11,3.8005607549962406e-09,5.467307921495912e-13
white-glass77.jpg,glass,glass,6.471086777537494e-09,1.512911609324874e-07,2.45255960180657e-05,0.9980877041816711,0.001623049145564437,2.745390338532161e-05,0.0002356780896661803,1.4866794799672789e-06
green-glass326.jpg,glass,glass,4.730976352861072e-13,1.7179876965478513e-10,5.4758969033437063e-14,1.0,1.6041950753886702e-11,1.3492582051632951e-11,4.7658862967203675e-11,2.031940615765393e-09
white-glass766.jpg,glass,glass,7.889280752594314e-17,5.631594908288295e-13,9.077679878405007e-14,1.0,1.7342705396772296e-11,7.624650151701051e-13,6.184430745292957e-11,1.028045514385803e-13
metal250.jpg,metal,metal,6.405532215758569e-10,8.965096894020252e-12,4.699750490999577e-07,3.6703779642266454e-06,0.9875139594078064,5.442320798465516e-07,0.012481298297643661,4.3868762844567755e-08
metal87.jpg,metal,metal,2.1653395115545292e-19,3.184482900056851e-17,2.190436462145072e-20,2.586587158008417e-17,1.0,7.654203169347236e-16,3.0299647543036677e-15,5.582172626057988e-22
metal176.jpg,metal,metal,8.506900912863546e-12,1.5667071806557686e-11,5.546953047996794e-07,2.1688473239578343e-08,0.9999994039535522,2.199722537454818e-08,5.483307141673777e-09,5.646684942545166e-12
metal605.jpg,metal,metal,0.008428532630205154,0.0014400569489225745,2.2616266051045386e-06,0.002509359735995531,0.9816702604293823,4.786035424331203e-05,0.005655350163578987,0.0002462445117998868
metal153.jpg,metal,metal,1.3279181088066139e-09,8.085079272746043e-09,3.9962962716799666e-08,4.064463876574109e-09,0.9999998807907104,1.0025225094523194e-08,2.0579019377464647e-08,7.410816751929339e-12
metal170.jpg,metal,metal,4.1261991157170996e-08,9.420144664318286e-10,2.55741497312556e-07,6.097834193496965e-05,0.9979959726333618,0.0019352678209543228,7.504158929805271e-06,1.0105213021915915e-07
metal116.jpg,metal,metal,2.646660868776962e-05,3.0750015866942704e-08,5.875072019989602e-05,0.03165636211633682,0.9631842970848083,0.00011900952813448384,0.004955048207193613,2.7389118750775765e-10
metal14.jpg,metal,metal,5.5726037118120075e-09,1.442847175070483e-09,7.281303169293096e-07,0.0024279658682644367,0.9975634813308716,3.697165539051639e-06,4.174692094238708e-06,4.4406849725175945e-11
metal407.jpg,metal,metal,4.0954574800911026e-12,2.1459760191078203e-08,1.4650084478873282e-09,3.2714240205677925e-08,0.99988853931427,1.044912636416484e-07,0.00011069275933550671,5.874582598153211e-07
metal508.jpg,metal,metal,0.0001765421184245497,4.718477612186689e-06,1.8228541875942028e-07,2.0298555682529695e-05,0.9986604452133179,0.0005333151202648878,9.834256161411759e-06,0.000594640092458576
metal179.jpg,metal,metal,2.6822403924597893e-06,3.2925373716352624e-07,2.7949105252389472e-09,0.005699922330677509,0.994157075881958,1.316783823313017e-06,0.00013549394498113543,3.147184770568856e-06
metal312.jpg,metal,metal,8.608955770483817e-10,7.605662943888092e-08,5.2693032229211845e-12,2.8160125111753587e-06,0.9999970197677612,1.4757304711565666e-08,2.711043389780343e-09,1.4689485183794204e-08
metal560.jpg,metal,metal,4.393470831587365e-08,1.2958549164276967e-11,2.632012489900415e-11,1.5376569809100182e-11,1.0,7.727384065958631e-09,1.9287129185419083e-11,2.6412383391516414e-09
metal61.jpg,metal,metal,6.062889497115975e-06,4.661657840188127e-06,4.555303348752204e-06,0.09054289013147354,0.909355103969574,2.5042489141924307e-05,6.169384869281203e-05,1.0888618895421587e-08
metal673.jpg,metal,metal,2.8881703428851324e-07,2.2107189412423622e-09,2.0864183625235455e-07,6.904350868808251e-09,0.9999969005584717,4.053437407947058e-08,1.6098355217764038e-06,1.032539330481086e-06
metal504.jpg,metal,metal,2.9190109671617392e-06,9.962197289326014e-09,5.63028679234634e-10,8.417051731157699e-07,0.9995450377464294,0.00023069641611073166,0.0002205157361458987,2.4838580081620876e-09
metal35.jpg,metal,glass,1.5297939626179868e-06,6.537499075420783e-07,4.382216189924293e-08,0.8390594720840454,0.1596735566854477,1.9480341961752856e-06,0.0012618418550118804,9.416270358997281e-07
metal578.jpg,metal,metal,0.00015599842299707234,1.2095456192184884e-08,3.898386604847537e-13,1.3099926476911605e-08,0.999843955039978,1.2971680618534265e-08,1.2973783825032115e-08,7.458089701373183e-10
metal120.jpg,metal,metal,4.294142286198621e-08,1.5950068956577246e-12,3.400526225050271e-07,9.958090959116817e-05,0.9998888969421387,2.3194294485051614e-08,1.112100562750129e-05,1.0124378765907771e-11
metal248.jpg,metal,metal,4.55052884262841e-09,1.9233101222759785e-11,9.633525088759143e-09,0.002442361321300268,0.9975507855415344,6.821502211096231e-06,5.063243602165812e-09,2.890426439861038e-11
metal266.jpg,metal,metal,6.909096583740393e-08,3.61876484333834e-09,1.6036295846788562e-08,0.000233530648984015,0.9993257522583008,1.212491724800202e-07,0.0004404360370244831,6.403729457815643e-08
metal259.jpg,metal,metal,1.0803549166382709e-09,6.362976812113175e-09,1.7266200302401558e-05,0.00016346786287613213,0.777001678943634,0.2227640002965927,5.351326763047837e-05,9.601731676411873e-08
metal140.jpg,metal,paper,3.8043879027963023e-13,1.1356899795589293e-11,1.633764100006374e-06,2.683347766208044e-08,0.0041949450969696045,0.9957889914512634,1.3936534742242657e-05,4.842411840400018e-07
metal523.jpg,metal,metal,5.652038392867098e-09,2.603449678062475e-09,2.107950758389876e-10,1.5885160564721446e-06,0.9999175071716309,5.503564182163245e-08,1.5474097381229512e-07,8.072927448665723e-05
metal402.jpg,metal,metal,7.85565779093389e-11,1.1892396789559e-10,3.278542592966005e-08,3.095841748290695e-05,0.9999679327011108,2.1851231224445655e-07,7.929512548798812e-07,1.8826609650586523e-13
metal588.jpg,metal,metal,1.6020148749240626e-11,2.3567481299835435e-11,1.9066335177342353e-09,1.8422073588819643e-10,1.0,1.9407402074289593e-10,6.880937486464234e-11,2.7794107015921554e-09
metal225.jpg,metal,metal,1.2484276112889603e-10,1.0751480594706209e-08,3.1566936564697556e-11,1.188167289001285e-06,0.9999679327011108,1.3123298003847594e-06,2.5961777282645926e-05,3.558834805517108e-06
metal200.jpg,metal,metal,3.5353973438026487e-13,1.4147476321956648e-13,1.8772422852308956e-12,5.44018718962036e-10,0.9999996423721313,1.4224348365843298e-09,2.989146139498189e-07,6.183667401911397e-13
metal731.jpg,metal,metal,3.0708068976537106e-08,4.744772961031221e-14,9.433201586872618e-16,2.769942478511589e-13,1.0,5.790648776454743e-12,6.855932488392114e-10,3.299556591493391e-12
metal13.jpg,metal,metal,1.340639405045252e-10,6.07599446311724e-08,2.350419581187424e-10,9.298950089942082e-07,0.9999197721481323,2.088292738733344e-08,7.921912765596062e-05,3.451173027912979e-11
metal182.jpg,metal,metal,2.1161274332825997e-07,5.368664957039471e-10,1.746731868479401e-05,6.387856643641499e-08,0.9856429696083069,0.014336984604597092,3.9772878324129124e-08,2.3166041955846595e-06
metal483.jpg,metal,metal,0.0002941125712823123,9.133905187752589e-09,8.49099251354346e-07,0.0008331154240295291,0.9988523721694946,4.2278679757146165e-06,6.2270987655210774e-06,9.082400538318325e-06
metal66.jpg,metal,metal,2.263872032545744e-12,2.5245466321274258e-14,5.475235820284752e-10,0.04579944163560867,0.9542005658149719,7.080698805062013e-10,3.5861362768230265e-09,4.4357183153796785e-16
metal334.jpg,metal,metal,1.673538463364821e-05,6.173574540468962e-09,1.2474639561332879e-06,2.542467336752452e-05,0.9999357461929321,6.996250476731802e-07,2.143418441846734e-06,1.8123451809515245e-05
metal592.jpg,metal,metal,2.075859811156988e-06,1.754734135772651e-09,2.5126655964213818e-11,9.5256109489128e-05,0.9998981952667236,1.949214400998045e-11,5.734718033778563e-09,4.47162210548413e-06
metal206.jpg,metal,glass,3.660138148120495e-08,1.2306890229130119e-10,1.2849273645088033e-08,0.8700775504112244,0.12992019951343536,1.0871942777157528e-06,1.2197175465189503e-06,3.060411733063484e-12
metal184.jpg,metal,metal,2.3635760015849883e-11,1.1642129317882e-12,2.3258728560904274e-06,0.0002747129474300891,0.9997228980064392,3.4570304952019626e-10,1.1361313312363563e-07,6.187830738253741e-13
metal141.jpg,metal,metal,6.274072233969363e-11,1.674630226156104e-11,2.7843593670695554e-06,5.284876897349022e-05,0.9994409680366516,0.00048498489195480943,1.8416369130136445e-05,1.83159620803508e-08
metal741.jpg,metal,metal,0.00020894336921628565,4.929438107703632e-11,3.5664529605128337e-06,4.202129844088631e-07,0.999786913394928,3.176312546315785e-10,3.1857732007978257e-09,1.3723143865718157e-07
metal417.jpg,metal,metal,6.37808152104645e-14,5.658471890509055e-15,6.384210848864313e-08,1.7123024065313075e-07,0.9999996423721313,6.36592289993132e-08,5.413985579294511e-11,3.532348635056255e-14
metal693.jpg,metal,battery,0.9013774394989014,1.3781204870610964e-06,0.00014315202133730054,0.031086333096027374,0.06557673215866089,0.0015152787091210485,8.841278031468391e-05,0.00021126255160197616
metal421.jpg,metal,metal,2.6998969788241114e-15,7.20594265680996e-13,4.596270234158179e-16,1.4565548420164554e-11,1.0,3.3253450991074796e-13,8.695732328645178e-11,1.835396650480431e-17
metal124.jpg,metal,metal,2.0579436466050538e-07,1.0756437518466555e-08,2.8085020531420923e-08,1.0111456276717945e-06,0.9999977350234985,8.899392867078859e-08,5.115004455547023e-07,2.8724770118060405e-07
metal589.jpg,metal,metal,7.217642455925599e-11,1.5084523799328842e-13,2.0228866257315618e-14,3.5473694294518854e-12,1.0,6.221839016218311e-12,3.689183958321962e-10,6.616916736756906e-11
metal286.jpg,metal,metal,5.372622791099957e-09,3.466788598416315e-07,9.974456816053134e-09,4.171013188170036e-06,0.9999737739562988,1.9317873523050366e-08,2.1645550077664666e-05,5.7900567647991164e-15
metal137.jpg,metal,metal,2.2981807429323098e-12,1.8615564818802444e-12,4.302572961023543e-06,8.628808956245848e-08,0.9999953508377075,2.8461724355111073e-07,1.7847038291662898e-09,9.849107640569343e-12
metal617.jpg,metal,metal,5.457260685015619e-11,1.869796505127308e-11,6.933856155910689e-08,3.4175066205774374e-13,0.9999997615814209,1.3928928410678054e-07,1.722585984964553e-08,1.631178081495932e-09
metal711.jpg,metal,metal,8.191936712309555e-11,2.8229006046771865e-14,6.076839335553141e-14,1.0305041087121936e-06,0.999998927116394,5.775400990781776e-11,8.96865845478878e-11,2.41122985293607e-12
metal727.jpg,metal,metal,1.8840433213540564e-08,1.705980463232587e-13,1.6092061017047854e-09,5.721221327803505e-07,0.9999994039535522,2.8416329289626674e-09,6.995088064343236e-09,3.4926055103579046e-11
metal410.jpg,metal,metal,8.456180548165284e-18,1.511429666861165e-14,1.0721017608947725e-17,4.321473158431979e-15,1.0,4.914194593787224e-13,1.512429591288278e-11,3.0572463091061894e-17
metal512.jpg,metal,metal,2.03717627300648e-06,1.1520802090103643e-09,4.7903049582576074e-11,3.6678807191492524e-07,0.9996861219406128,3.2319993903406896e-10,0.00031126930844038725,1.857781342096132e-07
metal496.jpg,metal,metal,0.0002729877014644444,6.149443265712762e-08,1.0116273330140757e-07,0.00021401236881501973,0.9993797540664673,8.904048445401713e-05,4.025939051643945e-05,3.776561015911284e-06
metal708.jpg,metal,glass,0.02112562209367752,7.510779687436298e-05,1.4836192349321209e-05,0.4913688600063324,0.1624731719493866,0.1329052746295929,0.19071562588214874,0.0013214901555329561
metal136.jpg,metal,glass,7.237782119773328e-05,1.7043699699570425e-05,0.01176514569669962,0.8255156874656677,0.1407490074634552,0.016888808459043503,6.848458724562079e-05,0.004923513159155846
metal441.jpg,metal,metal,2.6429150534745816e-10,4.4324889895627773e-13,4.304121503651004e-09,2.3754859190816546e-11,1.0,9.536214179428626e-11,1.8973655112330956e-12,1.1646349303787856e-13
metal100.jpg,metal,metal,3.10867676489579e-07,0.00031979361665435135,0.00146727473475039,0.1591176837682724,0.7825050950050354,0.045900922268629074,0.010534783825278282,0.00015423735021613538
metal769.jpg,metal,metal,4.581860946410852e-17,4.057414872290187e-17,4.7140659149927524e-18,5.111744575006196e-18,1.0,2.0467052319130222e-17,2.0679765612061606e-14,5.019502422352407e-15
metal239.jpg,metal,metal,2.049296954353963e-09,7.781782163096551e-11,2.8336762269987048e-08,7.940048476484662e-07,0.9999892711639404,2.215587073806091e-06,7.751581506454386e-06,7.850021965793985e-09
metal122.jpg,metal,metal,7.972627145136357e-07,5.977771611043181e-10,5.737495484936517e-06,1.6577224641878274e-06,0.9980691075325012,7.483471335945069e-07,0.001919301925227046,2.6345487640355714e-06
metal127.jpg,metal,metal,3.261764122686195e-11,2.8291626853749197e-13,2.420352416265814e-07,4.125456953829598e-08,0.9985265731811523,0.0014731131959706545,2.8137023821983576e-09,1.7268055874097854e-09
metal735.jpg,metal,metal,2.366778772966427e-08,2.0017006715361552e-13,4.530826061555082e-11,2.778575662887306e-07,0.9999997615814209,1.820754579550353e-14,2.6339755029858303e-11,2.0875576267620488e-10
metal305.jpg,metal,metal,1.0165426829189528e-06,1.549686068358369e-08,1.4466425454884302e-05,8.033013365604802e-09,0.999782145023346,1.881405114545487e-05,0.0001827879314078018,6.911463970027398e-07
metal746.jpg,metal,metal,8.749306888797964e-14,3.647956096268848e-14,8.57957693604916e-13,1.2460559251081804e-09,1.0,3.3979596913980004e-11,2.7155991344507413e-10,4.719919767526282e-12
metal730.jpg,metal,metal,2.0372889573266884e-12,3.194358785166002e-19,2.054533369377252e-19,7.171102904199311e-13,1.0,1.0477066991618688e-16,2.5625878982281532e-14,5.452319741256883e-15
metal198.jpg,metal,metal,2.938657461325851e-16,3.143064510948443e-16,8.371543427888858e-18,1.6556784936879338e-16,1.0,2.0802931317669138e-13,3.6230298817475914e-13,1.3941392516848226e-19
metal758.jpg,metal,metal,2.927449203730427e-14,3.0308433392282072e-15,4.2986665316293606e-16,3.474022718802372e-12,1.0,3.216018717541627e-15,2.606121395076766e-11,1.0689957946619089e-10
metal102.jpg,metal,metal,1.1750664330456573e-10,2.6043301204481395e-06,1.0947994866228328e-07,1.3015089734835783e-06,0.9999527931213379,2.157955168513581e-05,9.516795671515865e-07,2.0661793314502575e-05
metal256.jpg,metal,metal,9.907958683369206e-15,9.718620561636505e-15,1.6784036915851175e-07,2.212321561501085e-07,0.9999996423721313,1.762153534201616e-09,2.6781823980748243e-10,3.3996029974031887e-16
metal167.jpg,metal,metal,1.9715756991275013e-15,4.056614002638558e-15,5.493466060735655e-16,5.333503820884045e-13,1.0,1.669269215041902e-12,2.756955330696087e-09,1.8779402037452582e-17
metal486.jpg,metal,metal,0.00011622958118095994,0.00011934922076761723,7.262863732648839e-07,0.049203258007764816,0.9495833516120911,0.0004292196244932711,0.0003124781360384077,0.00023529119789600372
metal637.jpg,metal,metal,3.8686160394943436e-13,1.2131938554075464e-15,4.178599198427502e-14,3.142804281251223e-14,1.0,1.2837918506036772e-09,3.4061582764380316e-13,3.0627738301265695e-13
metal581.jpg,metal,metal,4.0975876913762477e-07,7.172909835539976e-12,4.4844326169135584e-11,7.752448460962569e-09,0.9999996423721313,4.4050832426201225e-11,2.1915107950576385e-08,6.315532541378843e-10
metal763.jpg,metal,metal,8.132757064560113e-18,5.114167883328732e-16,7.693095059351693e-19,1.4672983397487978e-15,1.0,7.833740537545054e-17,2.772192638476629e-14,1.7082999782553482e-13
metal143.jpg,metal,metal,3.4170435925240383e-10,1.9690411523498597e-09,2.737892579318668e-08,1.182445963365808e-08,1.0,1.635537749677951e-08,1.6669371660782417e-08,4.545221143903433e-11
metal510.jpg,metal,plastic,0.23715198040008545,8.169185150563862e-08,1.9255519873695448e-05,0.0005468117306008935,0.26116207242012024,0.00015126584912650287,0.5009638667106628,4.650380105886143e-06
metal56.jpg,metal,metal,1.0425184200357762e-06,9.133611200695668e-09,6.775533165637171e-07,0.0005033462075516582,0.9987687468528748,0.0006958469748497009,3.032116910617333e-05,4.7357474386444665e-08
metal391.jpg,metal,metal,2.0310421788849453e-08,2.744503513341101e-10,3.96785424072732e-07,0.005198868922889233,0.9946773052215576,4.596226972353179e-06,0.00011894433555426076,1.741039645786202e-09
metal60.jpg,metal,metal,1.3083125728619027e-11,5.207057441475316e-12,1.3369507723126617e-09,7.305347025976516e-06,0.9999927282333374,3.3192191217779055e-09,8.542607732309193e-10,9.602228734362228e-12
paper830.jpg,paper,paper,7.606841588916891e-13,1.7151391418224193e-10,8.623870506596631e-10,2.878326374987361e-15,3.568557949140683e-11,1.0,8.060405121135261e-11,3.6221973337413615e-11
paper625.jpg,paper,paper,4.006245476421283e-13,4.680334760162261e-14,1.1900850438451016e-07,1.8959118996964008e-11,2.3612709010301103e-10,0.9999998807907104,6.434452526349332e-09,2.6525136254118564e-11
paper424.jpg,paper,paper,1.6254702028817292e-09,1.6236203492780987e-09,5.451881435192263e-08,8.404943407924748e-12,2.6110469689144544e-11,1.0,5.507884773270355e-11,2.9067338813693055e-11
paper722.jpg,paper,paper,1.0203790937191037e-12,5.021952363508386e-13,1.3860662875231355e-06,4.433148848015378e-10,3.210642862683244e-09,0.9999985694885254,2.260401466003259e-08,1.2035066276894213e-09
00000017.jpg,paper,paper,4.553573307930492e-05,3.172709455157019e-07,0.06211073324084282,0.0003512802650220692,0.00031875172862783074,0.8473867774009705,0.08960718661546707,0.0001794629351934418
00000013.jpg,paper,paper,1.6943972537975666e-14,1.3479943049934012e-16,5.28550467282507e-12,3.779619728305761e-09,8.800165457456544e-11,1.0,7.191144815038575e-12,2.0888261289720594e-16
paper198.jpg,paper,paper,2.6943826725300823e-08,4.496516936569606e-09,3.3889275528053986e-06,6.685097896259873e-13,3.1516855791835496e-09,0.999996542930603,8.861403166804394e-09,9.795908972876077e-09
paper614.jpg,paper,cardboard,2.4928345965236076e-07,1.0495596391990603e-08,0.9593625664710999,1.1818136158581183e-07,2.700045911296911e-07,0.04060997813940048,2.613582728372421e-05,4.81385711736948e-07
paper689.jpg,paper,paper,6.382078025779503e-13,7.825092240842935e-10,2.4051329816643374e-08,1.3859688396955505e-10,2.403300891629101e-10,1.0,8.900167269842996e-10,1.7936301333065785e-08
paper57.jpg,paper,paper,1.927906279064473e-09,1.7613988045894757e-09,2.615762362268015e-08,2.161902167702179e-12,9.851145676975648e-09,0.9999984502792358,1.4844545148662291e-06,4.346574489222377e-10
paper163.jpg,paper,paper,1.940063506979811e-13,6.754408772742526e-13,3.789729294267907e-11,9.457909504856801e-18,1.613201378036777e-10,1.0,3.718572216641902e-14,7.823208053592268e-11
paper275.jpg,paper,paper,7.709001832398122e-23,5.574026027935334e-21,6.912925447455527e-20,3.2724736999715263e-24,2.083219799150135e-20,1.0,6.588703857747761e-23,1.1798259707609723e-23
paper519.jpg,paper,paper,7.881903463236029e-10,2.0087220775621972e-09,5.567040717302518e-10,3.0633370839971974e-10,2.4836657175342225e-08,0.9999992847442627,6.040233868631617e-10,7.078150474626455e-07
paper1011.jpg,paper,paper,5.40114952762849e-10,3.554384434348301e-13,3.901465372990742e-09,9.744359182398132e-13,5.96225513405102e-10,1.0,1.3996082071088267e-09,1.8050886341214323e-09
paper892.jpg,paper,paper,5.85285930831958e-10,8.930920239458295e-12,7.725806661085244e-09,7.21396761771409e-11,1.4627292266311542e-08,1.0,4.281245136183998e-09,4.085813909426861e-10
paper55.jpg,paper,paper,1.4081793890674543e-11,4.270672357420402e-12,1.6475954680572613e-06,2.44838305185624e-09,5.95838323125264e-10,0.9997052550315857,0.0002929273759946227,1.6337583019776503e-07
paper965.jpg,paper,paper,4.361994272727987e-12,7.875485745316435e-13,7.460770667933048e-09,1.4671577446279116e-06,1.8576039595430416e-09,0.9999358654022217,4.640475526684895e-05,1.6279056580970064e-05
paper603.jpg,paper,paper,2.3184618114235889e-10,1.6480573850063962e-10,1.5334471470396238e-07,1.7349330860838563e-08,1.3703459200709034e-10,0.9987695813179016,0.0012299241498112679,3.7991495105416107e-07
paper712.jpg,paper,paper,1.9826013897272787e-07,4.865489972871728e-05,0.013593028299510479,0.0001706115435808897,7.1971667239267845e-06,0.9388689398765564,0.04730964079499245,1.7006246935125091e-06
paper1039.jpg,paper,paper,1.52985717249976e-06,7.042598171302927e-10,0.0003697235370054841,6.051835725884303e-07,9.026277325574483e-07,0.9988064765930176,0.0008173950482159853,3.3682140383461956e-06
paper898.jpg,paper,paper,5.115912207753759e-11,6.8032784267257895e-12,1.0669816674635513e-07,2.772086915570071e-08,2.747702954053466e-09,0.9999321699142456,6.767995364498347e-05,1.571773111663788e-08
paper544.jpg,paper,paper,6.1202225509759955e-09,1.2060773386946e-12,3.37352545898284e-09,8.991358352306023e-11,1.1855448567299476e-10,0.9999995231628418,5.348199105803531e-10,4.5095171685716195e-07
paper_cups 144.jpg,paper,paper,8.402881803704076e-07,4.970850042695929e-08,6.941051196918124e-06,0.00047834005090408027,2.1823945644428022e-05,0.9994786381721497,9.553972631692886e-06,3.818519871856552e-06
paper126.jpg,paper,paper,1.3394746940851958e-14,5.288651461210492e-13,1.36514631776663e-06,4.4066272440919374e-14,2.916031305311151e-11,0.9999986886978149,2.25346880045052e-10,9.314487115635872e-13
paper529.jpg,paper,paper,2.032802726148475e-08,1.3837030132801686e-10,1.4973308282151265e-07,2.3290833439659764e-07,1.5474542536253466e-08,0.999859094619751,0.00012357729428913444,1.696926665317733e-05
paper204.jpg,paper,paper,2.9411570068305082e-08,1.508729807753184e-10,6.766402975699748e-07,1.7741792193368133e-13,1.0538109052049549e-08,0.9999992847442627,1.5307172418488335e-08,2.1894082991025243e-08
paper196.jpg,paper,paper,1.8536817046610476e-12,1.3007183871649453e-11,4.037273015899956e-10,1.0893444078643316e-13,8.980783131051773e-12,1.0,2.590724024198465e-10,5.568039779246803e-11
paper661.jpg,paper,paper,1.6954729221131085e-15,8.987503226181009e-15,9.831784275604605e-10,5.715550899725681e-15,1.6235953282772025e-13,1.0,2.536876542169608e-10,5.0325309891574577e-11
paper1007.jpg,paper,paper,2.4314781299494825e-09,3.19047934738137e-08,8.183832278518821e-09,6.204160796219327e-11,1.71507199553389e-08,0.9999998807907104,1.0936529548644103e-07,1.4779970650136143e-11
paper232.jpg,paper,paper,1.3392585060501006e-05,7.097279194567818e-06,4.544102193904109e-05,4.880679627811135e-12,1.5812380297575146e-05,0.9997727274894714,4.006071563367186e-08,0.00014540294068865478
paper663.jpg,paper,paper,0.00012172971037216485,1.7913802139446489e-06,0.010507508181035519,1.387913243888761e-06,0.00026176226674579084,0.984684944152832,1.7601436411496252e-05,0.004403348546475172
paper390.jpg,paper,paper,2.773910615094799e-11,1.2268633331480316e-10,2.067761073476504e-09,1.252513175641068e-13,1.7372698765671934e-11,1.0,1.1767435637022317e-10,3.491333741209579e-12
paper326.jpg,paper,paper,1.1568166868869412e-08,3.157359262928594e-09,1.6424753113142287e-08,8.799752105378283e-14,3.1936207960825413e-05,0.9999679327011108,3.7166256738885295e-09,6.984765121842429e-08
paper_cups 340.jpg,paper,glass,2.635960845509544e-05,0.00012511979730334133,2.80772837868426e-06,0.8160404562950134,0.0035882415249943733,0.10113849490880966,0.07857963442802429,0.0004988947184756398
paper995.jpg,paper,paper,8.918619620601476e-09,1.9901334746830202e-10,4.684619852923788e-06,1.8862997830382255e-09,4.642696227463716e-10,0.9999362230300903,2.3001818760803872e-07,5.893904381082393e-05
paper500.jpg,paper,paper,2.843006517530258e-20,1.7752938726084504e-17,4.449879316594341e-17,2.4927709534408333e-15,4.8986270091309556e-15,1.0,1.1699841616363837e-11,2.2839946947628142e-11
paper262.jpg,paper,paper,2.4208154925098313e-10,1.2381123903892899e-09,2.6838412381380294e-08,4.135166931096279e-10,1.850307573825205e-09,1.0,5.705240169184833e-10,1.0522017979130993e-10
paper876.jpg,paper,paper,4.9960497544576654e-11,3.505043511561976e-15,7.847277743167069e-07,7.2450077048813455e-09,8.215378377585125e-11,0.9999991655349731,6.100946592368928e-08,2.9333804718589818e-08
paper1008.jpg,paper,paper,8.331596745847492e-09,9.400452421690075e-13,5.828842404298484e-07,6.109694794531606e-08,4.4252828956814483e-07,0.9999921321868896,6.751661658199737e-06,7.704449855872042e-10
paper120.jpg,paper,paper,4.711141136695663e-16,1.8525576038486147e-12,4.6634627583197474e-12,1.7884474670986972e-16,3.144472529581499e-13,1.0,1.2921693879827667e-12,7.597383415739942e-14
paper340.jpg,paper,paper,1.7385088995069964e-06,7.541115509823726e-10,7.107328769961896e-07,8.771103288118809e-10,1.3342289051365697e-08,0.9999970197677612,2.8039826460712902e-08,4.3320991949258314e-07
paper891.jpg,paper,paper,7.161288895218831e-09,6.517925643656497e-10,7.056873130295571e-08,2.5388187108177362e-09,2.722164160751106e-10,0.9999998807907104,3.868795062089703e-08,6.922594941727311e-09
paper794.jpg,paper,paper,1.7226038324368333e-18,1.5463298861429814e-19,1.4082746487643948e-15,1.624844681545612e-12,1.8521036077414135e-14,1.0,1.4217830038298906e-11,7.201850517821998e-16
paper864.jpg,paper,paper,5.451756237562222e-07,7.047279268590501e-06,0.1517825424671173,0.0001997159415623173,4.460138734430075e-05,0.8479158878326416,4.815744250663556e-05,1.527710310256225e-06
paper708.jpg,paper,paper,6.645442648053426e-17,4.980794025823233e-18,5.462783816880673e-14,1.1147893792438045e-15,1.2336099752385116e-13,1.0,1.7539678951318353e-14,9.599157211895131e-18
paper523.jpg,paper,paper,1.4647664862716542e-13,3.557563789456479e-14,3.5514180572043808e-12,4.561176198021599e-14,1.105666946887851e-11,1.0,3.573136786449993e-10,9.466000032432031e-13
paper980.jpg,paper,paper,1.1135265886447199e-12,1.1293563861869416e-09,2.479181269998687e-11,9.277760781856159e-09,4.58275284387355e-09,0.9999998807907104,1.4098651135441287e-08,1.0148976770096851e-07
paper151.jpg,paper,paper,1.1639167060706335e-11,1.5318091239890919e-10,1.133149199472605e-10,5.865349523480551e-15,3.3800495735647473e-10,1.0,7.472542550013284e-13,1.97765371787173e-12
paper611.jpg,paper,glass,2.507785756833414e-09,1.7981599285121774e-06,0.0001529164146631956,0.7628607749938965,0.0439859963953495,0.19291304051876068,8.543064905097708e-05,3.350456267980917e-08
paper997.jpg,paper,paper,1.56184235737631e-14,1.2788327248174953e-17,2.1991887477756933e-10,4.996523011416461e-14,1.0613192182734599e-12,1.0,5.834187299935678e-11,1.1510023247278834e-14
paper106.jpg,paper,paper,1.438275205600803e-07,4.2657344323515645e-09,0.0002507125900592655,1.8272876545211147e-08,5.360565864975797e-06,0.9997064471244812,3.7365916796261445e-05,2.2497166796142665e-08
paper513.jpg,paper,paper,2.6813830998762826e-21,1.6986084408529666e-20,7.814408334012955e-15,2.6929615921660014e-17,1.0873215830720052e-15,1.0,4.339883053622318e-12,1.0038185763844819e-14
paper601.jpg,paper,paper,5.69012081896858e-09,1.177141856212316e-10,1.3469902171436843e-07,1.3208085736238218e-09,1.534587212859151e-08,0.999998927116394,9.562706964061363e-07,5.2238423364769915e-08
paper265.jpg,paper,paper,1.4657121003014417e-11,1.5780687867561483e-10,8.03456643438949e-08,1.0602300148931931e-09,6.57532472914113e-10,0.9999996423721313,2.3181415542694594e-07,1.126640378212862e-10
paper16.jpg,paper,paper,1.6888649766871877e-13,7.360929088484625e-10,3.885827837279976e-08,7.956986181056891e-09,9.236153175606887e-08,0.999981164932251,1.87496352737071e-05,1.594838497376294e-11
paper420.jpg,paper,paper,3.7024875353119935e-13,7.403816736127958e-14,2.9850659704483418e-12,1.1194674744488542e-13,6.671245722728383e-14,1.0,9.849510963777508e-12,1.4382698853716825e-16
paper677.jpg,paper,paper,5.554312010325191e-10,1.1670477952085978e-11,2.1755764464614913e-05,3.79761893043451e-08,2.254712111460222e-10,0.999934196472168,4.405144863994792e-05,6.0268519064266e-09
paper100.jpg,paper,paper,1.9984796803540483e-11,1.310053817813947e-13,8.197033004621324e-13,2.9627126676322812e-15,2.2372010494153827e-11,1.0,2.9761615264259356e-13,5.359589725154046e-13
paper407.jpg,paper,paper,4.0361067021876806e-07,1.0831042729364526e-08,0.0016111074946820736,2.3483795463796753e-10,3.400451169000007e-05,0.9980500936508179,0.00027247893740423024,3.185040986863896e-05
paper1005.jpg,paper,paper,6.391176459828588e-16,3.2890782341529564e-17,5.65187932011213e-08,3.5881833528733642e-12,6.032635057728192e-14,0.9999994039535522,4.232906025691818e-09,4.964325626133359e-07
paper211.jpg,paper,paper,8.928088845484849e-13,2.4837111534115053e-11,8.148810098917991e-11,5.7956010189553694e-15,2.7629259557321317e-12,1.0,2.073341276442875e-09,4.952154138149201e-12
paper878.jpg,paper,paper,1.2493513168454484e-10,5.219854937014729e-15,1.934216015797574e-06,7.05972988401804e-11,2.31057200039686e-07,0.9999961853027344,1.6400191498178174e-06,1.7127411685094462e-12
paper_cups 301.jpg,paper,paper,2.947638222394744e-07,5.692240847565699e-06,1.4793569789617322e-05,0.0005690601537935436,1.005640751827741e-05,0.9734600782394409,0.02586166188120842,7.836141594452783e-05
paper743.jpg,paper,paper,6.3848962399202895e-15,1.0579691385925651e-14,8.667405126949745e-10,1.393732785431867e-11,1.2223704036820604e-12,1.0,1.907735747153083e-09,1.6275564229673023e-11
paper88.jpg,paper,paper,1.3121024449239127e-12,1.421670337009573e-09,1.670591132096888e-08,2.4385677505067704e-11,1.589134868140718e-08,0.9999998807907104,3.820733240900154e-08,5.952887488502867e-11
paper931.jpg,paper,paper,5.740237278561988e-12,6.128080820566595e-10,6.193940862431191e-06,4.329786307266659e-08,2.351227936306377e-12,0.9999938011169434,1.4405372894543689e-08,1.5137038289481097e-08
paper488.jpg,paper,paper,4.559743208010225e-12,1.4740668741511885e-14,4.71887574349239e-07,5.852682054274805e-12,1.5672876885197695e-10,0.9999994039535522,2.4962443223586206e-10,1.0702657959882345e-07
paper801.jpg,paper,paper,1.3658598991411752e-12,4.476955373262925e-15,5.681661044421027e-11,7.197586970875136e-10,7.636306951358529e-13,0.9999998807907104,7.49227027085908e-08,5.991529494764336e-10
paper258.jpg,paper,paper,5.91249908309387e-16,8.880081131381679e-16,1.4051705111983726e-11,1.4526377230985142e-18,7.269561166955204e-15,1.0,2.4269211298136263e-15,2.2989975024985127e-16
paper354.jpg,paper,paper,7.312603994558131e-11,5.130026958788392e-11,6.6368817108752864e-09,1.3901718318165557e-12,1.4268755066382255e-09,1.0,2.2034891689060032e-09,2.0554649093895705e-09
paper935.jpg,paper,paper,6.531494095574075e-13,6.773989463977614e-14,9.319369276283851e-09,6.763103965745643e-11,3.3839783752931396e-10,1.0,1.585476860910262e-09,3.2499480884240484e-10
paper197.jpg,paper,paper,3.472567233764323e-10,1.0394073796105019e-10,4.380642906198773e-07,7.2458532507369e-09,8.20119666622432e-11,0.9999995231628418,1.509125380216858e-09,7.8327302976966e-11
paper968.jpg,paper,paper,1.4706566043090619e-12,1.534701321104573e-13,2.9418085745192002e-08,9.343169987685584e-11,5.131889579956805e-09,0.9999995231628418,4.846756951337738e-07,6.567799082368708e-11
paper229.jpg,paper,paper,1.994837628416235e-09,9.58716699778206e-12,2.68920211965451e-06,3.850129243199163e-11,2.968752577103828e-09,0.9999964237213135,8.837181439957931e-07,6.482245851202606e-10
paper545.jpg,paper,paper,1.0501805859392671e-14,1.167602492310041e-16,1.874928604571075e-15,3.54248297362858e-11,1.6880749575953757e-10,1.0,7.62848395563509e-11,6.1270465697566e-13
paper345.jpg,paper,paper,9.176526205578739e-10,7.529571042184935e-13,1.8838212240135377e-12,8.813597515351689e-16,2.1885172493685268e-11,1.0,1.3572104377856942e-11,8.098714754378733e-11
paper719.jpg,paper,paper,0.0006424420280382037,3.695436362249893e-06,0.0007749233627691865,0.00010869414109038189,4.6128665417199954e-05,0.9977808594703674,0.00036539023858495057,0.000277932093013078
paper7.jpg,paper,paper,1.1284632173997879e-16,9.662525243876134e-19,2.4498800340819193e-13,9.494931967404807e-13,7.072529762599947e-16,1.0,1.7038160882165698e-09,1.0590080245023725e-12
paper562.jpg,paper,paper,5.999270091122666e-14,2.0727229950293947e-14,5.444569795010068e-10,3.0991412214298464e-10,1.0242563464046839e-09,0.9999998807907104,9.777261311683105e-08,3.5825536981448636e-10
paper890.jpg,paper,paper,3.2573589123785496e-06,1.0470034794707317e-07,0.20852428674697876,0.003379702800884843,1.1525851562055323e-07,0.7788075804710388,0.007807142101228237,0.0014778338372707367
paper409.jpg,paper,paper,1.1367286560926004e-06,2.680357324980065e-10,1.2243680203027907e-06,5.454746463545712e-12,6.981658584592765e-10,0.9999971389770508,1.0798385297050572e-08,5.28903740359965e-07
paper946.jpg,paper,paper,4.202971304323455e-09,6.94770179165971e-08,0.000646461732685566,4.417632926134729e-09,1.951005060618627e-06,0.9993512034416199,1.986265232289952e-07,2.5170685091779887e-08
paper522.jpg,paper,paper,3.0827577768071865e-14,9.687106700833909e-15,2.03418757532825e-11,8.497534054185962e-08,5.899754018656722e-10,0.9999980926513672,1.7529533806737163e-06,1.998468231179107e-11
paper903.jpg,paper,paper,1.523158701488385e-14,1.2486452547445727e-15,1.1248857748058505e-11,6.981045082288251e-12,1.7936878111274313e-12,0.9999979734420776,2.013148787227692e-06,2.8963291834327443e-11
paper966.jpg,paper,paper,6.99960499040168e-16,4.960053878170507e-17,5.829331700506202e-13,1.6248854194595525e-19,5.9096158888205345e-15,1.0,2.7045427009042555e-10,2.533556697770223e-12
paper956.jpg,paper,paper,2.4123055553104678e-08,2.9832435757271014e-06,0.003599954769015312,8.107543862934108e-07,2.1938042209512787e-06,0.9930532574653625,0.0033326619304716587,8.120200618577655e-06
paper177.jpg,paper,paper,5.931506734668801e-07,1.1625325591069213e-08,0.0024247700348496437,1.47980117742863e-11,4.058992075783863e-08,0.9975014328956604,1.0860686927571805e-07,7.299469143617898e-05
paper649.jpg,paper,paper,1.0811390845077984e-12,5.569540922206739e-12,0.0018528793007135391,3.428636929925233e-09,1.2455143405532e-07,0.9981393814086914,7.605063728988171e-06,1.843206837159883e-11
paper441.jpg,paper,paper,2.537471066599295e-10,7.986243610869082e-11,3.895083409588551e-06,5.685348858364137e-10,1.8634140064310856e-10,0.9999959468841553,1.1840632652138083e-07,8.298659502636863e-12
paper493.jpg,paper,paper,1.223352946722045e-10,2.0439205713942542e-15,5.659989028572454e-07,4.1745938303416885e-12,1.1046150799609578e-10,0.9999994039535522,1.1121803922264917e-08,3.581467262515903e-13
paper136.jpg,paper,paper,1.1660543190739059e-11,2.7958280135464975e-10,4.115336543764059e-11,1.0754545583073483e-13,2.356705719464003e-09,1.0,1.891734517514912e-13,4.553948797919594e-12
paper482.jpg,paper,paper,1.6119901637481893e-12,6.048059969510078e-11,1.1880789685392301e-08,1.6698313842766765e-09,1.7601361340657817e-11,0.999997615814209,2.235849024145864e-06,8.924106253971331e-08
paper820.jpg,paper,paper,7.621176223437942e-08,7.467154894413852e-09,8.459841410513036e-06,2.6824392307389644e-07,7.077744612615788e-06,0.9999804496765137,3.544815172062954e-06,9.522175048459758e-08
00000004.jpg,paper,paper,2.1067232580662676e-07,2.5660978897334985e-10,0.00100929313339293,1.3766590711838944e-07,6.702445176642868e-08,0.9989811778068542,7.998241017048713e-06,1.0797800769069e-06
paper957.jpg,paper,paper,1.5078641240213455e-15,3.6648577175829773e-16,1.3671374254897728e-08,2.046333683557687e-14,1.6098133243103163e-11,1.0,1.7806405655518276e-11,2.2929107766791025e-16
paper162.jpg,paper,paper,1.5454790225355453e-10,8.335135359693879e-11,2.546368393918641e-10,8.466382594995991e-10,1.942076915950608e-10,1.0,2.3023573325620106e-10,4.957015700690626e-14
paper207.jpg,paper,paper,4.4762433759615305e-08,3.8445271272058434e-11,1.2572890284445748e-07,5.02100097610203e-12,4.5683656857420374e-10,0.9999994039535522,3.743096144148694e-08,3.500068430639658e-07
paper400.jpg,paper,paper,4.253022933831119e-11,3.9970776688491583e-10,2.0329107286443104e-08,3.6666536473717315e-09,1.5387227603191889e-10,1.0,6.461435830829032e-09,4.537366871115722e-10
00000010.jpg,paper,paper,9.148820589999218e-12,7.65619252024452e-12,5.833010732203547e-07,9.435811421099061e-07,3.4631894574310707e-11,0.9999984502792358,2.6583815704306346e-10,1.1845606689552673e-13
paper1030.jpg,paper,paper,3.8147479841654786e-08,1.6000234026591897e-08,0.01679397188127041,5.2298396724381746e-08,1.6063690111423057e-07,0.9831153750419617,8.914946374716237e-05,1.2084535683243303e-06
paper457.jpg,paper,paper,6.698575288205388e-12,7.534549156459902e-14,2.1207072222750867e-06,3.4597616384215296e-14,1.8610056551349174e-10,0.9999978542327881,4.8015382780874916e-09,7.85318532425805e-10
paper3.jpg,paper,paper,5.872156233488468e-11,3.4361817835559805e-09,1.5465245084556045e-08,1.8239199213454516e-12,3.5582241597609254e-09,1.0,4.895737149013257e-09,1.7349874792058073e-12
paper920.jpg,paper,paper,4.7481485410116875e-09,2.426589311432803e-12,4.62327761852066e-06,4.0069416534782576e-11,1.3103183427176646e-08,0.999995231628418,6.798921248218903e-08,2.1508888892185496e-08
paper683.jpg,paper,paper,2.5635940592572126e-10,1.950718614418534e-10,0.00013678960385732353,3.1081912044150783e-10,2.1059879600215936e-06,0.9998602867126465,7.839815339139022e-07,3.858871888695603e-09
paper456.jpg,paper,paper,2.8389708859322127e-06,3.9536898199799e-09,0.01593165658414364,6.541509719681926e-06,8.082120643848612e-07,0.9833695292472839,0.0006885991315357387,1.8518356625918386e-08
paper143.jpg,paper,paper,3.9166825165082297e-13,1.3117172278920286e-12,1.8140998425675292e-10,2.6139079304363967e-14,4.653937391713159e-12,1.0,5.92837112733946e-10,2.294271543579196e-12
paper344.jpg,paper,paper,8.236979431863745e-10,6.655134885021063e-13,2.2558057852228863e-11,2.8727254949845182e-12,3.366098198787082e-12,1.0,1.2253695835795497e-09,2.081468108983131e-09
paper39.jpg,paper,paper,2.2835220079286955e-06,3.283204705439857e-06,0.0993305966258049,1.7814039665609016e-07,5.518597845366457e-07,0.9000462293624878,0.000600527913775295,1.6309430066030473e-05
paper542.jpg,paper,paper,1.2003050775533097e-09,6.688038638458238e-07,0.20122644305229187,5.853880793438293e-07,4.990056812204102e-09,0.7972052097320557,0.001557143172249198,1.0003632269217633e-05
paper87.jpg,paper,paper,1.936166427185526e-06,1.2305302334425505e-05,0.003787731286138296,1.383825292577967e-06,1.6722702639526688e-05,0.9961077570915222,3.979097164119594e-05,3.238971476093866e-05
plastic265.jpg,plastic,plastic,2.144935097592171e-11,1.9842210539970607e-15,6.72155719971812e-10,3.970475614956115e-10,1.7915436911764004e-09,1.574982033680783e-09,1.0,2.2525154484698273e-12
plastic_bottle 476.jpg,plastic,plastic,2.0530088114018193e-16,7.469011185176224e-20,5.535348134208236e-16,1.2284478989599279e-11,1.1159594493813179e-15,1.8177472631865095e-17,1.0,3.29227374800279e-14
plastic462.jpg,plastic,biological,0.0017442107200622559,0.9566993713378906,8.271262004200253e-07,0.005447776988148689,0.0003923865733668208,2.6816378522198647e-06,0.03329171985387802,0.0024209271650761366
plastic577.jpg,plastic,plastic,1.7155271994639953e-11,9.326529548658868e-10,1.053011233764778e-09,1.8933020484723784e-08,1.1964993973379023e-06,1.3151831013136217e-10,0.9999922513961792,6.550941179739311e-06
plastic441.jpg,plastic,plastic,1.2146546168878558e-07,3.191316766404384e-09,0.0019017003942281008,0.0012552364496514201,0.09525592625141144,1.4814841051702388e-05,0.9015721678733826,9.537407663628983e-08
plastic692.jpg,plastic,plastic,1.2636325362816447e-12,4.65678710870332e-11,8.69410238246715e-11,3.106269650743343e-05,2.747120864121655e-10,1.492448851135586e-12,0.9999688863754272,1.1370547836619949e-09
plastic340.jpg,plastic,plastic,2.3137787568236923e-16,1.408176011777687e-14,5.2695726254770037e-11,1.6889172727019286e-08,2.8087812024152337e-12,4.852803272073491e-13,1.0,3.115206338467078e-15
plastic391.jpg,plastic,plastic,1.8385131625109352e-05,5.140046965834699e-08,0.0001159370513050817,0.1481926590204239,0.00011606792395468801,0.0027541087474673986,0.8488027453422546,5.842235584196942e-09
plastic663.jpg,plastic,plastic,5.965204715620034e-19,3.5426256355127104e-17,1.9343989201466976e-16,5.127756139700068e-07,1.7050559195245568e-18,7.327844671084895e-19,0.9999995231628418,4.015611255244345e-15
IMG20230302080020.jpg,plastic,plastic,1.4571556461451252e-10,1.0622246193747742e-08,7.338137208989792e-09,6.264128842303762e-06,5.6055542430044625e-09,1.3729614067869989e-07,0.9998778104782104,0.00011574009840842336
plastic472.jpg,plastic,plastic,2.2115010267498292e-08,9.830572480495903e-07,6.907897613928071e-07,0.15825077891349792,0.004225505515933037,5.003880119147652e-07,0.8375202417373657,1.191935098177055e-06
plastic500.jpg,plastic,plastic,3.7555400922428817e-07,1.4769967719985289e-06,1.2927261483497432e-09,1.1961363270529546e-05,0.0008794635650701821,1.1556051759953334e-07,0.9991059899330139,6.725223897774413e-07
plastic1.jpg,plastic,plastic,2.3139542463468388e-05,2.1856091336758254e-07,1.0590452070857737e-08,1.1163681847392581e-05,5.263349157758057e-05,4.4337480176182e-07,0.9997546076774597,0.00015775093925185502
plastic129.jpg,plastic,plastic,1.2019076844893561e-09,3.7110209349933143e-10,1.0030373864822195e-08,0.0014370980206876993,1.8660855857888237e-05,4.646659446105872e-11,0.9985442161560059,3.5736665182639626e-08
plastic612.jpg,plastic,plastic,8.5669664258603e-05,7.3642245297378395e-06,0.0010630064643919468,0.2674466669559479,0.20429745316505432,0.06306438893079758,0.4638381600379944,0.00019730243366211653
IMG_E1488.JPG,plastic,plastic,2.655553999354049e-13,1.0904537689482297e-11,2.86619837197577e-07,9.17446413950529e-06,1.8859832098816476e-11,4.0166296955135294e-09,0.9999905824661255,2.990167047300929e-08
plastic810.jpg,plastic,plastic,1.0864951160982628e-09,3.591955177739692e-09,1.7541320618263967e-09,1.3681972177437274e-06,3.576520768433511e-08,1.7035649557683996e-09,0.9995971322059631,0.0004015308222733438
plastic170.jpg,plastic,plastic,2.49127773965796e-10,5.1046523452669135e-08,8.790741958364379e-06,1.7028560250764713e-05,5.647835621402919e-08,0.0014064604183658957,0.9985675811767578,9.159489167132051e-09
plastic836.jpg,plastic,glass,2.0261166078228143e-09,2.4664020825682087e-10,4.731214118397498e-12,0.9999639987945557,7.413838829961605e-06,1.8600288410192123e-12,2.8079082767362706e-05,4.1772241843318625e-07
plastic493.jpg,plastic,plastic,1.4702635553476284e-06,0.0005432376055978239,1.948610406543594e-05,0.0007172299083322287,4.98015970151755e-06,0.004076795186847448,0.9836012721061707,0.01103553269058466
plastic355.jpg,plastic,plastic,2.202375651641497e-12,1.6198147153017456e-13,4.811664400250493e-10,1.1383923492758186e-06,7.74658026614361e-09,5.103477633383591e-06,0.9999938011169434,8.566703119453067e-13
plastic382.jpg,plastic,plastic,3.7909890612981834e-13,9.152488211761067e-10,1.1858938275821629e-09,3.136339188358761e-08,7.478065389143751e-11,3.2534160254726885e-07,0.9999996423721313,1.967718876727531e-09
plastic110.jpg,plastic,plastic,3.428262177179037e-14,2.4768577454607667e-16,3.660021504620081e-12,7.888074469519779e-05,3.512963808738334e-10,1.0296427339212544e-12,0.9999210834503174,4.504041670877479e-12
plastic646.jpg,plastic,plastic,2.6478555987996073e-17,9.174203280740145e-13,8.063914255307739e-14,9.750031892963307e-09,1.7028323195944495e-12,4.839308207632564e-13,1.0,5.241108103071213e-10
plastic134.jpg,plastic,plastic,3.1718567772287543e-09,8.408778976397822e-15,4.646883766667997e-09,1.2918830449848429e-09,6.443614088483263e-13,8.226934689048448e-09,1.0,5.401005198635289e-10
IMG_E1453.JPG,plastic,plastic,1.0614276818587953e-10,3.5531595443671904e-08,3.7572855937639815e-10,2.0951181795680895e-05,3.0883118978808355e-11,2.476040761312248e-10,0.9999790191650391,8.063710810191083e-11
plastic299.jpg,plastic,plastic,4.139512270153389e-15,3.4647895942326956e-17,7.770740397450206e-15,6.102999182411306e-12,1.0000386918573596e-14,8.644582784518053e-15,1.0,4.719615489574705e-15
plastic484.jpg,plastic,plastic,1.773767053236952e-07,0.0026929613668471575,7.727080082986504e-05,0.00417831726372242,1.780099955794867e-05,6.939283048268408e-05,0.992960512638092,3.5409398151386995e-06
IMG20230302075949.jpg,plastic,plastic,1.2312510386247588e-11,2.781260736040708e-13,7.093351600540032e-11,2.293413126608357e-05,2.0344959050788702e-09,3.158280748039033e-08,0.9999769926071167,1.7420587195005055e-10
plastic613.jpg,plastic,plastic,1.0144325379712882e-09,1.2435349105999194e-07,8.673183060636802e-09,0.23585550487041473,2.0014672941215395e-07,2.008864044000802e-07,0.7641412615776062,2.738348030106863e-06
plastic37.jpg,plastic,plastic,2.2715756387015063e-08,3.197297426815737e-10,2.506998271201155e-07,4.3108026147820055e-05,3.712031855229725e-07,6.757092023690348e-07,0.9999555349349976,6.625876380894624e-08
plastic858.jpg,plastic,plastic,8.793653806971231e-15,2.9009110262182393e-16,1.354710094103595e-10,1.427161278044764e-09,1.5464314551127956e-10,4.435880373958312e-13,1.0,4.4133664393906176e-16
plastic453.jpg,plastic,plastic,2.167064813186903e-13,5.343590153694677e-11,9.969344008089673e-15,5.543080661141175e-09,5.802804903254355e-10,3.5938704269489197e-12,1.0,2.3580476113393978e-11
IMG_E1431.JPG,plastic,plastic,1.0646753478837923e-09,1.2781795587224476e-11,9.499551839597942e-11,8.032496339183126e-07,7.73630992600971e-10,1.271300078542481e-07,0.9999990463256836,2.9819165803246506e-08
IMG_E1426.JPG,plastic,plastic,1.9549509580607527e-11,6.538293777919035e-12,3.431487407591638e-13,7.933501183288172e-05,1.5767550110012962e-07,5.6946954096748215e-11,0.9999204874038696,1.4513616003464236e-11
plastic658.jpg,plastic,plastic,1.1883846607378845e-17,5.984085278537679e-17,4.192527638805562e-15,5.012767239872314e-15,1.3333011361638114e-09,1.4342484641056947e-16,1.0,2.084368011523452e-09
plastic378.jpg,plastic,plastic,2.6677656611573397e-11,1.0197433040126311e-14,5.255001434001372e-10,3.97296453513718e-08,2.1404651662226826e-10,1.0597561890535179e-11,1.0,2.649408036708989e-12
plastic70.jpg,plastic,plastic,1.8262699086335488e-05,1.3391541209273328e-08,6.838035346845572e-07,0.00034394868998788297,2.2753132725483738e-05,2.710115040827077e-05,0.9995008707046509,8.636020356789231e-05
IMG20221121122133.jpg,plastic,plastic,1.125087419495685e-05,2.952193511873702e-08,6.492032866844966e-07,4.974926071099617e-08,6.564276304743544e-07,8.297369191723192e-08,0.9999872446060181,3.150840299781521e-08
plastic184.jpg,plastic,plastic,5.782993528491431e-10,3.460201309507527e-12,3.064497544613687e-09,5.678538883557849e-08,1.735917720679936e-08,2.0173903436671026e-08,0.9999998807907104,6.3906409053515745e-09
IMG_E1452.JPG,plastic,plastic,4.1514294779609884e-10,2.6935080901790975e-11,2.6978865808047203e-09,7.900601303845178e-06,5.178714346243396e-09,1.2038098873290437e-07,0.9999920129776001,4.933911265658786e-11
plastic238.jpg,plastic,plastic,1.180952835966309e-06,1.556238887756578e-10,4.890077676122928e-09,0.025995008647441864,9.282432074542157e-06,1.1925365015486022e-06,0.9739933013916016,1.678587757680816e-08
plastic58.jpg,plastic,plastic,4.2464709082423724e-08,1.2257366345871934e-12,4.866917424628525e-10,8.005417839740403e-06,4.396929043082309e-09,2.7671048785649077e-10,0.9999920129776001,2.149832915854244e-11
plastic185.jpg,plastic,plastic,5.430335625611349e-10,3.689334948653311e-10,1.1807015880549443e-06,3.3213980259461096e-06,5.595870220531651e-07,7.432738584611798e-06,0.9999874830245972,8.674363449756584e-09
4924.JPG,plastic,plastic,3.520067570761398e-11,4.558071652863323e-14,6.283394360373507e-10,5.066363328865009e-08,8.066022849639864e-10,1.0556597818123237e-09,1.0,4.669359898734626e-10
plastic385.jpg,plastic,plastic,1.54333083628444e-05,0.00020458147628232837,0.3159843385219574,0.002136148978024721,2.841060904756887e-06,1.0246696547255851e-05,0.6784952878952026,0.003151083132252097
plastic_bottle 34.jpg,plastic,plastic,4.73448658055986e-09,2.321948322503431e-08,3.419500899326522e-06,6.167337573970144e-07,1.688274103850418e-10,7.935766888067519e-08,0.9997746348381042,0.0002212299732491374
IMG20230302075640.jpg,plastic,plastic,7.934201676107477e-06,3.1865770324657205e-06,3.135673694032448e-07,5.433507976704277e-05,0.00035779166501015425,1.5221154171740636e-05,0.9993694424629211,0.0001917033951031044
plastic94.jpg,plastic,plastic,5.604626571870108e-12,2.1124806548131203e-13,2.097068074746744e-10,7.842813620762001e-10,2.2269754874275176e-14,2.0903740544087057e-11,1.0,1.3575789103992264e-10
plastic751.jpg,plastic,plastic,5.898916771718277e-11,8.359276812419658e-13,7.173864367132632e-13,1.0341912881628446e-09,3.5621842471300624e-06,4.40416897617979e-07,0.9999959468841553,1.1116855352932831e-10
plastic208.jpg,plastic,plastic,3.352938586498322e-13,2.736536583274052e-13,6.7058199271219365e-12,3.707898213178851e-05,5.377517875437832e-12,1.7970032406555703e-10,0.9999629259109497,1.9498400116724213e-10
plastic_bottle 117.jpg,plastic,plastic,2.309923628242283e-13,2.913424980866691e-13,2.3614625879742057e-12,6.846768291213223e-11,3.791146216403085e-11,3.083614960597281e-11,1.0,8.029922504704246e-09
plastic585.jpg,plastic,plastic,3.941523756684218e-12,6.501760067834095e-12,1.9788611027582448e-10,6.662165787929553e-07,1.436400443033392e-10,3.8163801008295195e-09,0.9999990463256836,2.677709574072651e-07
plastic333.jpg,plastic,metal,4.9353658937434375e-09,1.7507767324786982e-07,7.8333772801642e-10,7.160652444326843e-07,0.9999881982803345,6.482864023382717e-07,1.0261266652378254e-05,1.637421032096853e-10
plastic525.jpg,plastic,plastic,2.5580095098121092e-05,2.8254402423044667e-05,3.002266453222546e-07,2.310219861101359e-05,6.469998226066309e-08,4.90938737129909e-06,0.9998264908790588,9.130981197813526e-05
plastic819.jpg,plastic,glass,1.3518995818639912e-11,1.7387820960834688e-08,3.2594191790025207e-09,0.9522201418876648,1.1076762973516452e-07,2.5312294482660036e-09,0.04777975752949715,3.576935622695565e-11
plastic754.jpg,plastic,plastic,4.520951391029371e-10,2.9936431111821094e-10,1.9455785940647452e-11,1.8868242079861375e-07,1.0976630619552452e-05,1.806080618393935e-08,0.9987947940826416,0.0011940386611968279
plastic131.jpg,plastic,plastic,1.7238767358040974e-10,2.0912500531267142e-07,1.2946356946486048e-06,0.07908190041780472,4.501163857639767e-05,8.819589311315212e-06,0.9208586812019348,4.1095668166235555e-06
plastic553.jpg,plastic,plastic,2.3862460618584436e-11,4.566711009346136e-09,6.087362280915443e-10,3.734407073352486e-05,1.6921325451946245e-09,5.827675148006861e-11,0.9999626874923706,4.513584617171773e-09
plastic150.jpg,plastic,plastic,3.049883678940546e-10,6.239081106237238e-16,1.6114283301824073e-12,8.499037029707779e-09,6.63649551979617e-11,1.1612955388984325e-11,1.0,2.2014537762182762e-11
plastic538.jpg,plastic,trash,4.505881889826924e-08,1.422960508534743e-06,2.186015146676823e-09,0.00014411254960577935,0.00054639030713588,1.2156099273852305e-06,0.003986514639109373,0.9953202605247498
plastic_bottle 516.jpg,plastic,plastic,3.3827189096710675e-13,2.3237527180253181e-10,6.734159670868101e-12,2.9293878469616175e-05,1.537614827129552e-11,2.459929135389949e-11,0.9999706745147705,2.8217674863384445e-09
IMG_E1491.JPG,plastic,plastic,2.2701123966739623e-11,1.3334845380685856e-11,4.940669384723151e-08,2.03505088336442e-08,1.006320360374957e-09,1.6306985344272107e-05,0.999976396560669,7.330569133046083e-06
plastic_bottle 279.jpg,plastic,plastic,0.00018848426407203078,0.011725809425115585,0.00040847822674550116,0.004502745345234871,6.570811819983646e-05,0.00010460686462465674,0.9744502902030945,0.008553987368941307
IMG_E1490.JPG,plastic,plastic,5.900128611591518e-14,2.128824026781384e-12,8.408341245491613e-10,6.812689523627569e-09,8.308482482739799e-13,1.7999810530966442e-09,0.9999988079071045,1.1336160241626203e-06
plastic243.jpg,plastic,plastic,3.3580421971747543e-13,3.870979214830371e-16,3.2127805190546033e-12,2.492318706970309e-08,1.9042420093019763e-13,8.137303900363282e-14,1.0,1.26582744286452e-10
IMG_E1455.JPG,plastic,plastic,2.0362167507670392e-09,3.3056359871608265e-09,5.806184977252826e-10,0.0013288274640217423,7.344583718804643e-05,1.1983328995768261e-08,0.9985976815223694,4.3246317985023985e-12
plastic381.jpg,plastic,plastic,1.1689075055110187e-11,3.730361797238402e-09,4.2877528194651404e-09,1.5147121530389995e-06,1.8898859366345278e-07,1.5199881318039843e-06,0.9999967813491821,6.202502162051815e-13
plastic827.jpg,plastic,plastic,5.372249557934256e-17,1.8220803661073072e-16,5.455309410218666e-17,4.4794373830862877e-13,2.10418162928383e-12,1.5664830126662998e-16,1.0,2.7201010541211268e-12
plastic339.jpg,plastic,paper,1.751871252508863e-07,1.9278604320577264e-12,2.250633599487628e-07,1.5391316310342518e-07,9.096816455667067e-08,0.9975796341896057,0.0024198428727686405,6.629385485013017e-09
plastic2.jpg,plastic,plastic,5.6329154674017445e-09,4.81170104649209e-07,4.1710126197358477e-07,4.6175765078260156e-07,0.0004936765180900693,2.078118541248841e-06,0.9995020627975464,7.68601182699058e-07
plastic231.jpg,plastic,plastic,5.422482601824541e-11,5.925843557782269e-16,1.1006025084359106e-11,1.3933088894874796e-13,1.82835482864796e-11,6.963529308734451e-09,1.0,8.604930989974946e-09
plastic575.jpg,plastic,plastic,2.1450240195175496e-10,2.0434425263005096e-09,5.841602757072906e-09,0.01872994564473629,2.8013741939503234e-06,7.357740372526678e-08,0.9812633991241455,3.768101350942743e-06
plastic783.jpg,plastic,plastic,1.0782115478225052e-10,7.583913429698441e-06,3.906382062268676e-06,0.0006562344497069716,1.1374709174560849e-05,0.0002824999683070928,0.9990382194519043,6.996916823709398e-08
plastic707.jpg,plastic,plastic,1.8883532959534932e-08,2.2911937624936485e-10,9.90054438432253e-09,2.4974769985419698e-05,8.216559654883326e-10,2.4195385278646953e-11,0.9999727010726929,2.3037903247313807e-06
plastic22.jpg,plastic,plastic,1.9015698236412963e-14,9.138535070350077e-18,3.912073505310358e-14,1.6475393965764695e-11,1.4618854737857845e-10,1.706158878017432e-15,1.0,1.4074275057028574e-13
plastic368.jpg,plastic,plastic,3.0217742370830525e-12,8.436301787359546e-14,1.3019805233938087e-09,1.4687064009422102e-08,1.6241405464446912e-13,3.446964935704955e-10,1.0,5.102640088239241e-09
plastic343.jpg,plastic,paper,6.768808020751749e-07,1.481786171098065e-06,0.0006289506563916802,1.059595524566248e-05,8.543887020096008e-07,0.9948101043701172,0.00454609515145421,1.2734483334497781e-06
plastic97.jpg,plastic,plastic,5.365782620200647e-15,3.3572830608364366e-15,1.8887440222936647e-11,3.03328313577822e-08,1.8323101716455348e-11,2.2331690663346393e-10,1.0,6.1239177791272414e-12
plastic_bottle 41.jpg,plastic,plastic,7.135516483236515e-11,1.3440563106925651e-09,5.820247110932542e-07,4.6199030712124056e-10,1.5589555688033663e-11,3.821637619694229e-07,0.9999985694885254,4.4553817701853404e-07
plastic509.jpg,plastic,plastic,6.601979813530834e-12,2.6153342602697194e-08,0.00012963773042429239,0.00376719213090837,2.192595275118947e-05,0.006991523317992687,0.9890896677970886,2.569998613921598e-08
plastic559.jpg,plastic,plastic,1.2137268967649106e-10,3.3126291043572564e-08,2.1574116715328273e-08,0.0001273357484024018,5.2523819960015317e-08,4.2037549974338617e-07,0.9998722076416016,8.39782554606927e-09
plastic285.jpg,plastic,plastic,2.1821908226271093e-14,6.154653067573512e-13,3.026404904460378e-09,2.9455492267516092e-08,3.79173038453362e-12,1.8306624272046434e-10,1.0,1.10501452432743e-09
IMG_E1423.JPG,plastic,plastic,3.428562555390924e-12,3.657930295469791e-12,6.820107629687544e-13,1.598879251218932e-08,9.154800473254454e-09,5.786282009090371e-10,1.0,7.581366957831737e-12
plastic797.jpg,plastic,plastic,1.6477687270199937e-11,8.023151032432452e-10,2.316412756053765e-10,7.69003705158866e-09,1.715883435338128e-08,1.2573925407821651e-11,0.9999998807907104,5.1277456947218525e-08
plastic603.jpg,plastic,plastic,6.318126283818284e-21,6.19251229358838e-16,6.243911311618955e-17,1.756210107894951e-11,7.88688132001298e-15,2.6207061745194124e-15,1.0,7.817431597889613e-12
plastic313.jpg,plastic,plastic,3.374364806671415e-12,1.5020885239913737e-15,7.926647185851898e-12,1.8777309568340783e-11,7.833805652779358e-12,1.919277020298593e-12,1.0,4.060740632638726e-11
plastic166.jpg,plastic,plastic,0.00014235920389182866,6.231044835658395e-07,0.001130604767240584,0.000447531056124717,1.0898838809225708e-05,0.0019478166941553354,0.9962958693504333,2.442370714561548e-05
IMG20221119104759.jpg,plastic,plastic,1.1504915846671793e-06,6.484615511226366e-08,1.4666458980627795e-07,2.6307188250029867e-07,9.298046279582195e-06,1.9511908533331734e-08,0.9999889135360718,1.260132762581634e-07
IMG20230302080045.jpg,plastic,plastic,4.3791508505357235e-14,5.986582892825512e-14,7.620129028641787e-13,3.13786739647437e-11,2.8209997272182763e-13,3.194688610874685e-11,1.0,1.066527491322411e-10
plastic183.jpg,plastic,plastic,1.0680704300050463e-14,8.07461791420066e-16,3.5818983890045786e-10,3.8357002019040465e-09,1.476335026451281e-11,1.0839499870601843e-12,1.0,3.124836340747707e-14
plastic187.jpg,plastic,plastic,6.875336966416512e-10,9.10062580850024e-11,1.4041163787226196e-08,1.020146633834429e-08,5.86640236388547e-10,0.00039890874177217484,0.9996010661125183,2.0417334489764016e-09
plastic644.jpg,plastic,plastic,8.794161010300047e-14,1.1849009220901794e-14,5.459151468552303e-13,1.790678577640037e-10,8.40832698606464e-12,1.533341460529733e-13,1.0,6.946680643910019e-13
plastic237.jpg,plastic,plastic,5.399565682268938e-15,1.1752507604254059e-14,2.2047443870576444e-09,1.8184183545599808e-06,4.0294670378138164e-11,8.986641546471219e-07,0.9999972581863403,2.1842158290374947e-11
plastic311.jpg,plastic,plastic,1.575467078844539e-12,1.6971480102344338e-13,2.3642536817192195e-08,5.168000825506169e-06,1.3022061295941967e-07,5.0387478911506633e-11,0.9999947547912598,3.050881216496576e-13
plastic350.jpg,plastic,paper,4.714935286642685e-08,7.23308701822134e-08,0.003102883230894804,8.131937647704035e-06,0.01309381052851677,0.9235689640045166,0.06022603437304497,5.859194907031906e-09
plastic516.jpg,plastic,plastic,2.981823854497634e-08,2.7037382096750662e-05,3.490265214622923e-07,0.0017701254691928625,2.1829800971318036e-05,9.921698165271664e-07,0.994649350643158,0.0035303018521517515
plastic349.jpg,plastic,plastic,9.548917510654106e-15,4.6065514605149475e-18,1.4448698314184494e-11,8.997732003912517e-10,2.0417118516691257e-12,2.0373975943843714e-12,1.0,1.7243775851660814e-12
4266.JPG,plastic,plastic,7.86807322583627e-06,4.397444561266006e-11,4.14058165532083e-09,3.6417649340592106e-08,1.1294665647199054e-08,2.0668858624617314e-08,0.9999920129776001,1.4211284593557139e-08
plastic361.jpg,plastic,plastic,1.1710086025851218e-12,5.724697105247145e-11,4.904773809322194e-10,1.602136399014853e-05,8.480191695525718e-07,1.6110719425199704e-09,0.9999831914901733,7.080388792629622e-12
plastic173.jpg,plastic,plastic,1.8338312202104134e-06,0.0002460550458636135,0.0018766578286886215,0.010071818716824055,2.0354538719402626e-05,0.0006061760359443724,0.9871752858161926,1.7217986396644847e-06
plastic675.jpg,plastic,plastic,0.0004283274174667895,0.0012465509353205562,2.3324241738009732e-07,0.0031015395652502775,0.004173911642283201,0.0001499835925642401,0.9904115796089172,0.00048785971011966467
plastic162.jpg,plastic,plastic,9.010284516110592e-14,1.241684994434571e-14,7.953994450929369e-13,2.943833232738058e-10,5.894452287380503e-11,4.2427614698435645e-13,1.0,1.2635629576072255e-13
plastic389.jpg,plastic,plastic,1.569024021819132e-09,1.1957149409057982e-13,6.463252849586709e-11,6.588422841145858e-13,3.0064974954058243e-09,8.099421933138728e-08,0.9999998807907104,1.4369704537386951e-08
plastic337.jpg,plastic,plastic,1.2535299878722699e-15,5.725736920902667e-17,1.2556197748203601e-10,8.429584141822488e-09,3.386307206865169e-11,4.726319840055518e-14,1.0,7.27807977730574e-15
IMG20230302075651.jpg,plastic,plastic,6.630758719872176e-10,3.995603847783968e-09,2.0349864016111496e-09,0.21418873965740204,9.234544795511113e-10,1.7988642866839655e-05,0.7857783436775208,1.4960499356675427e-05
IMG20221119110111.jpg,plastic,plastic,0.00015319825615733862,4.74382375159621e-07,5.030351530876942e-05,8.676846846356057e-06,3.15746706291975e-06,5.5819018598413095e-06,0.9997773766517639,1.2404739209159743e-06
plastic291.jpg,plastic,plastic,5.135378647119163e-15,1.3530682650697567e-12,8.610909901785035e-11,5.106926437292714e-07,1.0270132122514042e-07,7.916733935076081e-11,0.9999994039535522,1.2362987023006866e-10
trash464.jpg,trash,trash,7.471092321187367e-12,2.1884766221447194e-10,5.801931157733975e-10,9.885148255506238e-10,1.1955583007969284e-12,3.3125845816384114e-12,2.5014955384872195e-12,1.0
Image_94.png,trash,trash,4.91631313437324e-09,5.6036105888779275e-06,1.1111275455277791e-07,2.388577335921127e-09,3.067399134693005e-08,2.4914403184084222e-05,1.0875870515292263e-07,0.9999692440032959
Image_8 - Copy.png,trash,trash,6.658236895856762e-12,3.291244776715274e-10,2.2280236322558267e-08,1.7333274371367224e-08,3.3549685252154404e-10,1.3628094848172623e-06,4.520913705619023e-07,0.9999982118606567
Image_184.png,trash,trash,7.708701269173578e-17,1.665285049823613e-19,1.3988940765109086e-15,7.413414334104398e-17,1.8191565142525038e-16,1.4312922397104384e-15,3.1812908431602335e-16,1.0
trash102.jpg,trash,trash,2.29106067884538e-13,5.588313015461588e-13,2.6228575111504962e-14,4.815993524115436e-13,1.023028775408441e-12,6.466372339116681e-15,6.103679437959378e-14,1.0
trash673.jpg,trash,trash,2.900733943392704e-16,5.747958126177746e-14,6.2137557740264e-14,3.351449841390228e-14,4.343547345257194e-14,1.6929937269802298e-12,3.9647677502197e-11,1.0
Image_55.png,trash,trash,2.5118517669038468e-23,3.8984771530501014e-19,2.057742675057593e-18,6.22219344682195e-20,5.475113764589721e-25,2.0766681538825e-18,4.542188390841561e-22,1.0
trash93.jpg,trash,trash,1.01239523431218e-08,3.659037517422803e-09,3.0355248870073126e-10,9.353695595848421e-10,1.183933449055985e-07,4.4687382683150645e-08,6.400659202654424e-08,0.9999997615814209
trash695.jpg,trash,trash,0.0010943507077172399,0.002636624500155449,0.00010895578452618793,0.005093357525765896,0.001128921750932932,0.00017661857418715954,0.002707101870328188,0.9870540499687195
Image_46.png,trash,trash,5.270741118947389e-14,3.3031407148479417e-15,1.3950918545391211e-11,2.0882609877426184e-12,1.4471927210204724e-14,3.375810186945216e-10,1.0711485518011266e-11,1.0
trash572.jpg,trash,trash,7.095925411704229e-07,4.1971237152438334e-08,5.616158205157262e-08,1.1292355495129414e-08,6.3736429467553535e-09,4.055478175502003e-09,3.97276256336454e-09,0.9999991655349731
Image_63.png,trash,trash,2.735791228161786e-14,4.505670637207793e-15,2.7006673807006276e-13,7.031498999591004e-14,4.368411912720549e-15,1.5849740964135606e-10,5.499172298084609e-11,1.0
trash647.jpg,trash,paper,0.0001231770438607782,0.005803368054330349,0.027294868603348732,0.0032806654926389456,0.04622292518615723,0.6337776184082031,0.005494395736604929,0.27800291776657104
Image_10.png,trash,trash,1.9808973905632854e-11,3.798848041691727e-11,2.2240607133738877e-09,2.7553492473741947e-11,7.33830110935009e-14,8.642078025422606e-11,1.6220431248159528e-11,1.0
trash235.jpg,trash,trash,6.799407259450163e-08,4.297875388914463e-10,2.84307621889468e-09,4.190367237227877e-12,2.2466048466007749e-10,8.216019864448754e-09,2.21302043357241e-09,0.9999998807907104
Image_175.png,trash,trash,9.423930968921468e-09,9.142976931109104e-10,6.737521289323922e-06,2.3732156864686438e-11,2.386386199759727e-09,1.4829646488578874e-06,5.633168931318266e-10,0.999991774559021
Image_134 - Copy.png,trash,trash,3.938219528265563e-09,1.2970604590378798e-09,2.3537663484951565e-10,1.782080261136798e-08,8.561465314471661e-09,9.971827807930822e-09,4.937043662778251e-09,1.0
Image_14.png,trash,trash,3.7420317496751537e-17,1.9301100217578346e-16,1.4671920371139174e-15,2.9341433051125777e-16,5.895303300968357e-20,1.6864099872148427e-15,4.6363830675621824e-17,1.0
trash269.jpg,trash,trash,0.003880087286233902,2.168853643524926e-05,0.03937226161360741,0.005103326868265867,0.004765986930578947,0.00010305149044143036,0.002408384345471859,0.9443451762199402
trash53.jpg,trash,trash,1.905853530548285e-10,0.0010159878293052316,1.591652504240315e-11,2.0469489754759707e-05,1.0547672673055786e-06,8.910082116564411e-10,5.4436696927950834e-08,0.99896240234375
trash312.jpg,trash,trash,0.0029379914049059153,1.7363402093906188e-07,2.4824057618388906e-05,0.00013934646267443895,0.0006583289941772819,2.8810363801312633e-05,0.01203939039260149,0.9841710925102234
trash320.jpg,trash,trash,0.000421041069785133,2.245836014935776e-07,0.0001562488469062373,1.6637012549836072e-06,1.3274173397803679e-05,6.5046833697124384e-06,1.38206723931944e-05,0.999387264251709
trash190.jpg,trash,trash,8.692167818846741e-11,3.972588924483489e-10,1.079222215066844e-11,1.589046227934432e-09,6.46059108988517e-11,1.3275749423391492e-11,1.5365290984004076e-10,1.0
trash37.jpg,trash,trash,3.551468563678384e-10,9.105581844082167e-10,4.405471126789351e-11,7.227060905279359e-08,8.985948096729146e-10,1.5884030202251154e-10,7.245976596514936e-10,0.9999998807907104
trash399.jpg,trash,trash,0.00026411013095639646,9.083635177375982e-09,2.7013356884708628e-08,1.5350563842275733e-07,2.596066117632745e-08,2.042795932410968e-09,1.3238884093880188e-05,0.999722421169281
trash68.jpg,trash,plastic,7.698084232288238e-07,3.8133784983074293e-06,1.7459792900353932e-07,0.0002702955680433661,0.0004492849111557007,7.854651812522206e-06,0.9944398403167725,0.0048280437476933
trash166.jpg,trash,trash,1.2119328403059626e-06,3.2847187867446337e-06,5.770193070020468e-07,1.4016069371791673e-06,4.1131957004836295e-06,8.443050205642066e-07,0.0006323484121821821,0.999356210231781
trash351.jpg,trash,trash,2.4566335632414393e-09,1.6518524326158968e-09,1.6007939507289848e-07,2.9006099566686316e-07,7.29593718773458e-09,1.2451185860129499e-08,1.0863338957278756e-06,0.9999984502792358
Image_243 - Copy.png,trash,trash,2.228798479109173e-08,1.4634189415829724e-09,6.372375082719373e-06,1.8936785473044893e-09,6.5247882652386124e-09,0.0018615094013512135,6.449781153605727e-07,0.9981314539909363
trash624.jpg,trash,trash,3.3823241076143522e-15,1.003335831132018e-15,4.787978142319061e-16,2.6563713715070525e-19,1.632498932042925e-12,1.6816434151832875e-15,1.9711583060244564e-11,1.0
Image_169.png,trash,trash,1.3864533436255821e-13,2.7094047491682538e-11,4.704557632351225e-09,1.8231528686372088e-14,2.655304124634609e-14,3.84042886381053e-09,7.425507431157996e-11,1.0
trash491.jpg,trash,trash,2.4691917133168317e-06,8.288561836877761e-09,7.354416187155266e-09,1.421314621552483e-09,1.730933149701741e-06,1.527941435597313e-07,1.4144042881358843e-10,0.9999957084655762
Image_177 - Copy.png,trash,trash,1.298113699865766e-10,3.668485071273153e-09,7.97499045968042e-12,2.5669631351088462e-12,9.549652735252323e-13,3.831048811520077e-09,3.205143173090619e-07,0.9999996423721313
trash310.jpg,trash,trash,4.300602408913168e-12,5.4847064390184386e-11,1.5328576949413808e-11,1.9073710666450694e-10,3.8899067994480063e-11,1.1644518682629723e-11,5.139791717234665e-11,1.0
Image_69 - Copy.png,trash,trash,5.311282013156782e-13,1.2874642453216453e-14,5.612785626898931e-13,6.439409416933092e-14,1.8669972659856717e-17,4.046574273580683e-12,3.154648851172448e-13,1.0
Image_193 - Copy.png,trash,trash,1.0777576875398154e-07,8.248203231531193e-10,2.3025119588737653e-09,6.687059350696245e-09,1.2098657187209483e-08,6.638614991061331e-09,4.249202589790002e-08,0.9999998807907104
Image_57.png,trash,trash,4.566722964227665e-06,2.248433156637475e-05,6.807070462855336e-08,0.0007205494912341237,2.7423524784353503e-07,9.104239325097296e-06,3.3182626793859527e-05,0.9992097616195679
Image_102 - Copy.png,trash,trash,1.948952294484925e-18,2.5438727919470976e-18,1.526682343266801e-20,1.1100264410166803e-18,1.8412756950375496e-22,7.626448910603143e-18,1.1818880669249542e-17,1.0
trash492.jpg,trash,trash,4.495536359172547e-06,6.905100690346444e-06,2.363948851780151e-06,0.0006319513195194304,2.1288617517711828e-06,7.700027140344901e-07,1.4792133697483223e-05,0.9993365406990051
Image_21.png,trash,trash,1.891094225658918e-11,6.657153127365145e-13,8.103378211499201e-12,3.537810322473689e-11,4.665209191179187e-11,2.686262545736895e-09,7.166699959176848e-13,1.0
trash62.jpg,trash,trash,3.1579449569107965e-05,1.3093236930217245e-06,1.094238768928335e-06,1.5724439435871318e-05,1.309397362092568e-06,2.5289989480370423e-06,5.785956091131084e-06,0.9999406337738037
Image_182.png,trash,trash,8.57165561945171e-14,9.24909698525947e-14,1.5437466582834958e-10,1.4187299772483453e-11,5.411109724900477e-14,4.1207900980388956e-10,1.8235339453720467e-12,1.0
trash405.jpg,trash,trash,9.075987961182364e-09,1.1564784685447194e-08,2.736081847198868e-11,6.72465318984905e-08,1.2560582263176912e-06,1.0901120006678866e-08,1.972730751731433e-05,0.9999788999557495
trash133.jpg,trash,trash,7.994233530358996e-13,5.888460918868077e-07,8.758672498214437e-13,1.4825592142830857e-11,2.2090973494925947e-09,9.997734519602564e-14,4.740476455822318e-09,0.9999994039535522
Image_21 - Copy.png,trash,trash,4.311224820776365e-18,6.573599629043636e-13,1.1912556173703653e-13,8.173654114651541e-11,1.587567548695256e-17,5.733871277086022e-12,2.855702653514758e-12,1.0
Image_228.png,trash,trash,8.443739414262796e-14,8.156222127130323e-16,1.2418757428661609e-12,1.893610763255716e-14,1.467987083414034e-15,5.949312087893607e-15,5.50874335873057e-16,1.0
Image_60 - Copy.png,trash,trash,0.002812961582094431,5.072244675830007e-06,9.13436906557763e-06,0.003786403452977538,7.2214029387396295e-06,5.973713268758729e-05,0.010538233444094658,0.9827812314033508
Image_247.png,trash,trash,0.0003642831579782069,1.4581286222892231e-06,2.967375621665269e-05,7.535807355907309e-08,2.208081923527061e-06,0.00012266033445484936,0.0008350966963917017,0.9986444115638733
Image_162 - Copy.png,trash,trash,5.713798471275873e-18,1.3458225537011884e-21,1.1726810297193562e-18,3.958833472119587e-16,1.1775087659669454e-18,1.154157961854747e-16,2.621381890090001e-18,1.0
trash350.jpg,trash,trash,4.132534592304893e-11,1.8555962322253094e-09,2.8129214513228362e-09,5.045671969128307e-08,4.4287135070320005e-10,1.0329706867651112e-08,1.0399243137726444e-06,0.999998927116394
trash488.jpg,trash,trash,3.0064377654070995e-08,1.568890972691861e-08,1.818928652141949e-08,3.3790427096391795e-06,3.185197938737616e-11,1.7966986121109585e-08,6.134430918791622e-08,0.999996542930603
Image_231.png,trash,trash,1.1952751322041877e-07,1.1848458143504104e-06,2.233332907053409e-06,8.082890303739987e-07,4.625792939805251e-07,0.00022096961038187146,0.0018997041042894125,0.9978744983673096
trash212.jpg,trash,trash,2.4062511965600164e-13,1.70989481254602e-12,3.921543211687917e-12,1.4547175963830483e-10,3.08806596288104e-14,2.1710324510371137e-13,8.720433907318317e-14,1.0
trash297.jpg,trash,trash,2.3951025624607825e-12,3.3804622989741517e-10,3.143012933248812e-11,4.864647351610074e-09,9.994391092504884e-09,2.2838454218077064e-12,8.16861245311884e-09,1.0
trash120.jpg,trash,trash,4.6784123242105125e-08,3.048836461072568e-10,2.174952162814492e-10,1.6543907577215577e-08,1.7376227123833132e-09,1.838732832659673e-09,1.497762447399964e-08,0.9999998807907104
Image_47 - Copy.png,trash,trash,2.012259334820449e-20,1.1428409233913273e-17,4.592515032700535e-18,2.397053742241815e-16,1.0614794564351874e-19,8.395148681029284e-17,7.160017810488374e-17,1.0
trash473.jpg,trash,trash,3.4693353967441e-08,7.91258472077061e-08,4.3359077439575344e-10,1.8276726905241958e-06,6.659407747466872e-11,3.860307351555292e-10,9.424728553142359e-09,0.9999980926513672
Image_97.png,trash,trash,0.0017203639727085829,6.861903045773943e-09,6.821275064794463e-07,3.2879692298593e-05,3.857471142509894e-08,3.959811465392704e-07,1.5783207345521078e-05,0.9982299208641052
Image_9.png,trash,trash,4.695171810453758e-06,3.49205470229208e-06,0.0016272299690172076,1.755958805915725e-06,2.0995714294258505e-05,3.9939376961228845e-07,6.679131274722749e-06,0.9983347058296204
trash179.jpg,trash,metal,0.000996811082586646,0.0006284842384047806,8.872189205533232e-09,6.469316576840356e-05,0.7238965034484863,4.103403625776991e-05,4.119711593375541e-05,0.2743312418460846
Image_103.png,trash,trash,5.270741118947389e-14,3.3031407148479417e-15,1.3950918545391211e-11,2.0882609877426184e-12,1.4471927210204724e-14,3.375810186945216e-10,1.0711485518011266e-11,1.0
trash6.jpg,trash,trash,3.4636564727463792e-09,3.3051655634608323e-08,2.962801670669535e-10,5.202034571993863e-07,2.3334409888775554e-06,2.3183428510265003e-09,5.363005038816482e-05,0.9999434947967529
trash589.jpg,trash,trash,2.219845834927625e-11,8.320002464756726e-10,1.0896786251102242e-10,2.3412942591616304e-12,8.23164564652299e-16,9.363103554201752e-14,1.321833593102839e-12,1.0
trash125.jpg,trash,trash,4.4127537179861065e-09,2.9568867354612394e-09,9.095005564646597e-13,5.58271096018359e-10,1.1300173810013803e-06,1.1970206770239855e-10,1.2868897947271307e-08,0.9999988079071045
trash446.jpg,trash,trash,3.0668157697069133e-15,8.874705712067638e-14,4.570448752398487e-15,1.9381282738645603e-14,7.657875156435257e-18,2.776192836273332e-14,1.7581160113509087e-16,1.0
trash546.jpg,trash,trash,2.0461083938272395e-09,1.417428485694927e-08,1.0839372732718289e-09,7.360296876868233e-06,5.067684050175103e-09,5.642659228755065e-09,2.7649204525914683e-07,0.9999923706054688
trash662.jpg,trash,trash,2.990913571920828e-06,2.0814807655256118e-08,1.2868346388472673e-08,6.727165100528509e-07,1.3329222170455068e-09,3.109996704608875e-09,2.1354208001866937e-06,0.999994158744812
Image_204 - Copy.png,trash,trash,2.168900638515464e-13,3.609903265200387e-09,5.564350313846944e-09,2.8655700035074005e-10,1.2812150056433925e-14,3.0023210480234486e-12,7.099304610846957e-08,0.9999998807907104
Image_53 - Copy.png,trash,trash,3.0083305291306317e-10,6.061283102098969e-07,2.429521828162251e-08,3.807710050041102e-11,1.1049512416150264e-08,3.383287427993764e-09,8.872234502632637e-09,0.9999994039535522
Image_175 - Copy.png,trash,trash,9.824537711144998e-11,1.1493197615407985e-13,3.839614404199665e-09,8.011020774696676e-14,5.305318684367677e-12,4.947150955558755e-07,4.317278132215385e-11,0.9999995231628418
trash479.jpg,trash,trash,0.0033805877901613712,1.2058547326887492e-05,1.7332689594695694e-07,0.01146195363253355,0.0021384083665907383,1.252768811355054e-06,0.00024440998095087707,0.9827612042427063
trash250.jpg,trash,trash,2.2432966960201918e-20,5.431658331272305e-17,1.0440430707339378e-18,4.414574007279659e-18,2.5244459622616447e-15,1.1768346396171088e-19,8.6524498280088035e-19,1.0
trash134.jpg,trash,trash,7.740930292599035e-12,8.513862392867111e-10,7.933604294352303e-12,1.5516357729922214e-12,2.3714297886501257e-11,6.4782211713076965e-12,7.441913058015004e-11,1.0
Image_197.png,trash,trash,2.1215591914369725e-06,7.01196477166377e-05,0.0009165639639832079,1.0422731975268107e-05,2.185650549435536e-10,0.0025165206752717495,0.003174632554873824,0.9933096170425415
Image_83 - Copy.png,trash,trash,1.9194073820987698e-21,8.827918617373912e-19,9.685248573849562e-21,3.07542343763092e-17,2.442606227175316e-24,4.999601631410851e-18,6.836956714709562e-18,1.0
trash686.jpg,trash,trash,2.165353452099339e-10,1.2152298722867272e-07,1.1174053682339036e-08,2.58461540170174e-07,7.435475013473081e-10,6.066979696406349e-10,1.5771789776408696e-06,0.9999980926513672
trash431.jpg,trash,trash,5.470126396289743e-08,3.6585770857300304e-08,1.0744319922650902e-07,5.7731907872948796e-05,1.2900753354472272e-08,1.1000954813766839e-08,4.3124424031759645e-09,0.9999420642852783
trash433.jpg,trash,trash,4.956779209091752e-14,6.637678145841874e-13,1.7186274105240873e-13,2.922728378762507e-11,6.924321549082665e-14,1.6126389232231503e-13,1.1940757288649538e-14,1.0
Image_209.png,trash,trash,3.290842505521141e-05,1.7255677775551703e-08,2.3499589829611978e-08,7.672426960425582e-08,7.50960271744816e-09,8.382297522757653e-09,2.995089287693986e-09,0.9999669790267944
trash257.jpg,trash,trash,4.324486013729256e-08,4.306336265358368e-08,7.975727633890983e-09,9.611248242435977e-05,1.1040406810991499e-08,4.80000261759983e-10,1.3826587519361055e-07,0.999903678894043
trash230.jpg,trash,trash,7.184782803934823e-16,1.1806777852217589e-14,6.79008173472273e-14,2.4336887113039513e-15,1.1759195180094384e-11,3.9665277076542083e-16,3.8157219617250527e-16,1.0
trash576.jpg,trash,trash,5.895697086089058e-06,1.6049796158768004e-07,4.3860066512024787e-07,1.331547139216127e-07,2.426690315360247e-08,4.4316342950878607e-07,3.7609165701724123e-06,0.9999891519546509
trash207.jpg,trash,trash,4.5313161223248244e-08,3.050052654884894e-09,1.9588002331261123e-08,1.9347974955508107e-07,3.374716506243658e-09,7.410694835563447e-10,2.9538748336221943e-08,0.9999996423721313
Image_223.png,trash,trash,1.4987167560320813e-05,6.537553645102889e-07,5.2559083997039124e-05,2.2616377464146353e-05,1.1607811757130548e-05,5.627226755677839e-07,7.079291322042991e-07,0.9998962879180908
Image_222.png,trash,trash,3.8618058403883104e-12,1.056502216441324e-12,3.8042227701318154e-10,3.037274598494122e-10,7.994666127025818e-13,1.1224897747408313e-11,8.79479544746431e-11,1.0
trash525.jpg,trash,trash,4.257708630106549e-10,1.9472337076109625e-09,1.2983505329883238e-12,3.456257857692435e-08,4.282726950854965e-11,5.516332291129189e-13,3.458826280944294e-10,1.0
Image_106 - Copy.png,trash,trash,1.7946410620062712e-14,1.9586211507624144e-16,3.0950253211009526e-13,4.259157696667737e-12,4.61325642112418e-16,2.637053631016073e-10,1.748175909588312e-11,1.0
Image_60.png,trash,trash,5.9112809438366e-16,2.6550408667946022e-14,1.5874728967338672e-14,7.830470213215923e-13,8.497831573549166e-18,3.16521728125534e-15,5.475976947957222e-15,1.0
Image_205.png,trash,trash,6.69675632222061e-14,1.2786633612414363e-15,2.7568473545680483e-11,2.99995748728743e-12,1.057190545907449e-14,9.799652062048025e-11,7.39747152422865e-12,1.0
trash355.jpg,trash,trash,2.4993407527379745e-15,9.470537776223864e-08,3.854111718356104e-14,4.395297636961004e-08,5.654543669337045e-16,1.2592368554137368e-13,1.6280615093913764e-12,0.9999998807907104
trash106.jpg,trash,trash,1.63617437465291e-06,0.00011136924877064303,2.2789360798469716e-07,0.28840193152427673,0.21749351918697357,0.00028995206230320036,0.0038211876526474953,0.48988017439842224
Image_134.png,trash,trash,2.670819078051667e-12,2.2259235741509814e-13,6.375863812607685e-12,8.493620251570633e-10,1.5432182441654785e-12,8.210752633353025e-10,2.8133760512222272e-12,1.0
Image_38 - Copy.png,trash,trash,3.9634116851994966e-16,6.673374960269873e-13,6.0824236543678e-14,5.338890488795626e-16,1.0456988075604025e-15,7.111687540944933e-13,6.89909934736832e-11,1.0
Image_124.png,trash,trash,1.3783414573204935e-15,1.0745835839738398e-16,1.687321479369383e-14,6.657174811408595e-14,6.324074509747102e-16,2.812469441365595e-12,2.35975383114026e-14,1.0
Image_52 - Copy.png,trash,trash,2.0694938818177633e-12,4.802014905505581e-13,4.051524740700252e-12,2.1853074634158726e-13,1.6492308524236545e-15,8.631144132742463e-10,2.323772146928249e-10,1.0
trash275.jpg,trash,trash,1.4356949407101638e-08,1.1085814044520248e-08,7.932824530598737e-08,9.762078434505383e-07,1.7021334031142032e-07,2.271993704283659e-09,3.306161744376368e-08,0.9999988079071045
trash459.jpg,trash,trash,8.653988743390073e-07,0.23179727792739868,5.2501491154544055e-06,3.5600544379121857e-07,1.1190537207994566e-07,3.6061558148503536e-06,0.004330501891672611,0.7638620734214783
Image_49.png,trash,trash,1.0083696030949163e-12,2.0895762825259715e-15,2.3270717424968106e-14,4.508232488356764e-15,2.1539563120837902e-17,9.808084181525505e-15,7.184542945379985e-14,1.0
Image_88 - Copy.png,trash,trash,4.3926980108910385e-12,7.068153284883749e-10,7.777007336728925e-12,1.81376989871751e-07,5.0221810217465634e-12,3.1970667779823714e-10,3.383220786856711e-11,0.9999997615814209
Image_111.png,trash,trash,1.761471857264496e-09,2.287404848866359e-10,9.236818954150294e-08,4.0391925359983816e-09,2.0323849547754236e-10,1.6194796614854567e-08,2.7014812609138517e-09,0.9999998807907104
trash11.jpg,trash,trash,3.765211658901535e-06,1.6295300156343728e-05,4.918106242257636e-06,5.1370393521210644e-06,2.645167478476651e-05,1.847301064117346e-05,0.0008519086986780167,0.9990730285644531
trash232.jpg,trash,trash,1.0039492024174757e-12,1.6490546428382657e-10,6.806629912481377e-12,6.211729441929492e-07,1.3275651689070855e-09,4.715385859554999e-10,1.0752150814141714e-07,0.9999992847442627
trash117.jpg,trash,trash,2.471846783248105e-13,2.4856269928603958e-14,1.503262855763403e-16,3.3271925330225828e-16,2.0358340325501122e-14,2.804953045903964e-16,6.440984114709509e-17,1.0
trash38.jpg,trash,trash,4.877896486732425e-08,1.2789630090992432e-05,5.7976080825028475e-08,2.366439503020956e-06,2.8843709515058435e-05,2.5403721348737918e-09,3.929922058887314e-07,0.9999555349349976
Image_196 - Copy.png,trash,trash,0.00011064700811402872,0.05604061111807823,0.0007861259509809315,0.09064678102731705,0.0021470696665346622,0.0017684249905869365,0.10183167457580566,0.7466686964035034
trash184.jpg,trash,trash,2.171199201331242e-12,4.343271551329568e-15,5.653616697655394e-16,7.369885443293898e-15,5.3040308690271987e-14,4.591665995990965e-14,2.5396382393244794e-16,1.0
trash35.jpg,trash,trash,8.598892264899405e-09,2.6745253147580916e-12,3.2133331995823572e-15,1.101660429547735e-12,4.365711785137005e-12,6.22471128461366e-12,3.303242401830886e-11,1.0
Image_22.png,trash,trash,1.7381268646587955e-09,1.0262917599090926e-10,4.244896933958131e-10,7.497419352020529e-11,8.258830286322905e-10,2.4501933815201937e-09,1.400417226626871e-09,1.0
trash256.jpg,trash,trash,2.333323989142026e-15,1.324661127316551e-11,9.173686150185188e-15,8.798180066438288e-12,6.785023389486999e-13,2.4070026841908204e-14,1.4726642214718533e-12,1.0
Image_131 - Copy.png,trash,trash,3.728430064686705e-10,6.5771536607057025e-15,1.3881163579698708e-11,2.8944724221602325e-12,2.2320010423237946e-11,9.169212611404021e-10,8.101782356106924e-09,1.0
Image_236 - Copy.png,trash,trash,3.3057296483507415e-11,1.5401248276702972e-07,2.5992070717961724e-09,0.001997387269511819,6.292997789536514e-10,8.27636537081844e-09,3.257028424741293e-09,0.9980024695396423
trash532.jpg,trash,trash,8.343536705979204e-08,6.32475360973217e-09,4.991212998461947e-10,9.701882390800165e-07,2.4523240327312124e-08,3.290591621407657e-08,6.526048679234009e-08,0.999998927116394
trash447.jpg,trash,trash,1.8916635724508524e-07,3.7932022678432986e-07,1.3612848306365777e-06,0.0010371058015152812,4.1506414163450245e-06,5.950042236690933e-07,0.0017690877430140972,0.9971871972084045
trash323.jpg,trash,trash,2.144852832721005e-19,1.4841696478713274e-15,1.0047710788303036e-17,1.7113800949834258e-15,2.367338502963154e-16,3.9310601851194773e-20,1.5406078642556458e-18,1.0
trash510.jpg,trash,trash,1.3483590919349808e-05,3.3556461858097464e-06,1.1600703146541491e-05,1.9154008441546466e-06,4.310428266762756e-06,5.998976462251449e-07,2.243784109623448e-07,0.9999645948410034
trash291.jpg,trash,trash,9.025833366250952e-18,1.1273543506866695e-14,2.416646673102991e-16,2.148344487197659e-16,3.1483100801116704e-15,1.9037685874999815e-18,2.6641753035986074e-19,1.0
Image_65.png,trash,trash,7.505997234348583e-13,4.863563127367298e-16,3.294060770681062e-12,3.443764235366506e-14,2.2332921509283718e-14,1.3102069342657563e-12,5.606347417558277e-12,1.0
Image_160 - Copy.png,trash,trash,0.0009661819785833359,2.1688583373702386e-08,1.837620366984538e-08,5.180392236070475e-06,2.693416718102526e-05,7.849969847484317e-07,1.0523129958528443e-06,0.9989998936653137
trash29.jpg,trash,trash,0.005207017529755831,1.1323162851795132e-08,4.290615507329676e-08,1.3262564380056574e-07,2.2868881899285043e-08,1.2489343816923792e-06,5.963290277577471e-06,0.9947856068611145
trash643.jpg,trash,trash,2.3113870301245953e-13,2.6811133313486835e-09,2.0004694515490806e-12,9.056811300922618e-09,7.511987559771782e-12,5.096139507024429e-14,1.2703976325773025e-12,1.0
trash165.jpg,trash,trash,4.397664177258065e-11,7.867084761414844e-10,6.357709497750719e-12,1.1783635178730378e-09,8.112746030519702e-09,3.5233253814492826e-11,6.044944100835892e-09,1.0
